x1,x2,x3,y
4.397036643610397,0.0019429591938852,0,11.884328056612077
-2.783893760694516,0.0023050270391444,0,105.6617784586596
-0.5287238061372594,0.0029086079454243,0,113.24019393793432
4.321660176186352,0.0039086871791438,1,31.827929065636283
-2.6408115459513564,-0.0013681725081504,1,-3.177871761160879
5.8434572118254735,0.0022965262402377,1,20.512259499671057
-4.491191434761907,-9.251332743987482e-05,1,67.20381397160781
6.12049713904209,-0.0004863272578877,1,190.0340291016303
2.8267589544234006,0.0019873331376538,1,7.302015839304164
6.121192187359789,-0.0024060640558957,0,196.6788351924093
-6.551610661562939,0.0029753493094261,0,261.2627232161801
8.936074278069285,0.0028740477263316,0,-10.742518983805915
-1.2604588698689057,0.0021860441124341,1,98.90899099077026
-4.570965294601342,-0.0024408519470916,0,-12.351988652726568
0.1890043781650234,-0.0005440078218883,0,5.926336119129442
-3.5096147124611266,-0.0003493578128159,1,28.80546840107725
8.916812650424255,0.0024845675520225,1,82.64362414057231
6.303588557132763,0.0036855324472981,1,1.7209194111308896
4.626334861641455,-0.0010652394767853,1,158.1967025636258
-0.8744652925992717,-0.0004599416358806,0,0.1779964346472811
-7.061384544854887,-0.0011340956570072,0,10.240532448238598
7.922174985898174,0.0009661503716308,1,160.36492755685046
9.745625496730709,0.0015500165433378,0,-5.439578396456688
7.993684908708893,0.0043687218407983,1,-6.471281917066458
-6.520080450211905,-0.003169669381252,1,2.939393233346732
8.983864301247543,0.0011209894114367,1,198.21693548267757
1.3341269179897886,0.0004842251948577,1,6.006509603819573
-1.8772980617128037,-0.0019315150192928,0,7.01972632380053
-6.982594782188039,0.0003115905057785,0,62.16377807622019
-1.4487172090106153,0.0024453373186808,1,127.1278247645541
1.2828173677791472,0.0031596141237087,1,75.89151780749239
-4.6985318336432735,-0.0010209615496931,0,-4.404286619642863
-4.348490766801774,0.0025441492171279,0,157.20004266940464
4.791262381461724,-0.0003784230526865,0,44.60916594074822
-4.017629615760663,0.0007563149607834,1,103.37892831654176
3.338047590503692,-0.0007091051574589,1,83.60123212089314
-9.356862210213086,-0.0054971108792051,1,-4.411277242295824
-3.7001512116961983,0.0013697716656499,0,61.193828537341695
5.103799238716887,0.0044828099877492,1,37.789613775394585
-5.476501717081068,-0.001674688379705,1,24.738754666686052
5.9721337266494,0.0003883237136259,0,26.207155625554
-6.228025311739158,-0.001361632443046,1,57.83736122926516
-5.599193195694272,0.0024039300675377,0,174.81736096685972
2.6249960716547545,0.0027245593041565,1,22.5448169028584
6.40403224881609,0.0002299334258914,0,35.232252681045765
5.3171006725799685,-0.0024658161689389,0,178.36931000673684
5.593373003531735,0.0031555807151477,1,4.218828257753765
-2.795417625199644,-0.0004728765635045,1,12.331412880356993
6.472953719823252,-0.0010180897829143,1,253.75784674196018
2.636141223139596,0.0031717688449536,1,38.749517723241254
0.5954044798492895,0.0016047915013005,0,26.007958354164543
-9.99631301711613,0.000435973726715,0,145.29736197038437
6.191303864961903,-0.002586450972723,0,213.29685749708173
6.047786492858137,0.004632869152474,1,21.422203459215172
-8.4199918419246,-0.0046003536048426,1,1.1802794607024283
-0.4768588807103917,-0.0002301596931829,1,1.0675462326549854
6.809655487943868,0.0026706514005516,0,8.910639529742316
-0.8904648623616289,0.0011330571933559,1,30.332169692284786
-7.850825350788795,-6.015316851932779e-05,0,61.5368205942249
-4.195793371270352,-0.0015447469533126,1,6.009709051135644
-7.662103145381735,0.0003811746193991,0,79.64977475048178
4.662582273445331,0.0007960870006238,0,10.168250383458737
-1.524296650330779,0.0014216922114067,0,37.031623833185364
9.917888710119955,0.000652913736101,1,299.3912898551074
9.200135398581876,0.003769480347143,1,15.697751291456683
5.806862900728671,-0.0023972294281009,0,187.05896646263977
-7.909058803404944,-0.0040456864161077,1,5.715399165967145
-4.01225951190084,-0.0011624900009698,0,-7.21376172436681
0.0372638791996884,0.0019212276106877,1,42.95822647043282
1.996605540199706,0.0010212631234009,0,7.456863639563921
6.085329325953516,0.0016024650953287,1,52.39708797954945
-0.7180225820926083,-0.002800097722173,0,44.454908879882694
-6.073875039393242,-0.0032737167357194,1,-4.923042732331697
7.329531527095312,0.0033062085095903,1,9.519887141130372
2.091399172291741,0.0004759433934025,0,6.1764775444562545
5.78552522984115,0.0010344172938876,1,73.07736930190566
-9.788374908456811,-0.0027117768434777,0,0.46786746439546434
-4.84637354126823,0.0015360683570045,0,90.25003904417633
8.799486520753337,0.0039813448539542,1,3.090953627489114
-5.529335460387825,-0.0014778116093169,0,-7.762384715444901
2.8902543774798506,-0.0025663038888512,0,118.69952774433389
0.2387670469033445,-3.083525517315743e-05,1,2.9462761618511863
3.0887053618132114,0.0026335247075537,1,14.0576162708963
-5.362818242349845,-0.0010679440388046,1,45.43502705985522
6.730161296772074,-0.0016044930505659,0,149.68952399776657
0.9956011030153108,-0.0010262448878722,0,21.44683947231385
1.2487974870073335,0.0029511037358275,1,64.07974949316014
1.2091246356785863,-0.0020855566889063,0,58.22804948822678
7.96657396515333,0.0001421120271229,1,235.59206322654063
-9.850541103033787,-0.0017872234211809,0,31.801235682967263
-2.5012175018170097,0.0007925032150247,0,22.508417316714777
-7.560894132108979,-0.0031298448561252,1,24.7905085553011
0.2017800523685373,0.001022829920104,0,12.350253211097183
-1.407258011013436,0.0018242688119961,1,79.28296460687986
5.722587338280382,-0.0029518084078115,0,228.22606803824306
-4.856198827162834,-0.0025489602941864,0,-14.0302222352197
-9.457953692912008,-0.004029719543057,1,46.29376421981496
5.429557846990905,-0.0004730656481064,1,155.05659992185034
-7.129565679399774,0.0023498720540097,0,212.3933754641678
-6.009382087120536,0.0002357608190092,0,42.06521591374645
3.960888896195808,-0.0008356029548399,0,53.18096525910297
1.9449295570132108,-0.0008325489475629,0,27.140369944400113
-2.216350896059101,0.0018694964772075,0,67.77801763383732
-9.739305551908384,0.002610473095853,0,333.28394219948575
2.7108173335957737,0.0027967622681156,1,23.36379679682007
9.48801049746767,-0.0029223120688012,0,352.9881899229839
2.1161909901317597,0.0025427414959144,0,51.942271347779425
0.6597350774271753,-0.0028955519433475,0,78.2984252376412
-6.44105675892702,-0.0021495428950746,1,30.810461375662584
-1.9067861075725252,0.0021858447804311,0,82.81063035642322
-9.50400263964141,0.0010380405878244,0,172.59349416642928
8.571427665423844,0.0023937053124663,1,77.89931457915418
9.573705313140696,0.0035341064744791,1,34.002067969844376
6.54854961447813,0.000121054559036,1,163.7503378785537
-2.389995922093293,0.0008082195540938,1,51.46994724538469
-8.984610275514255,-0.0007619651993157,1,232.1112437529818
-4.799556680531561,-0.0004192323607815,1,59.66674002707671
6.5332439753377685,0.0045180969792989,1,8.9101460114491
-4.452560876841543,-0.0016911525392944,1,6.168671108691083
5.075075563835252,0.0001205598581634,1,101.11549634785624
-1.6238908242160497,-0.002054722843413,0,11.992560092812452
-8.775714496436438,-0.00425838315838,1,18.647683084340976
-0.2117210341298019,0.0019824347896501,0,49.01048094337678
-5.399228098582696,-0.0023744642871645,1,4.0986346721649145
-9.745013094197365,-0.0003051252289517,0,93.79042867934842
-3.304455772762349,-0.0011448625699116,0,-6.641811967528794
9.409823429329345,0.0008290781564087,1,250.0786655410116
-1.4090962164024674,-0.0005282906849457,1,0.1500811376669262
5.093854244969791,0.0001707646534794,1,98.82317111812759
2.9175276270795454,0.0010465421665747,1,12.654712875786325
8.986705112594457,0.0039424626260908,1,6.170394721975722
-7.1398072799191485,0.0014479399722757,0,134.97454811153247
-5.847011071588055,-0.0001831050107939,0,24.148175034439067
-9.636534469824344,0.001336884316177,0,201.08202773831974
-9.279325716318542,2.7888868385869046e-05,1,338.9285133331305
3.781719618707783,0.000758076708656,1,33.39269477814092
-6.808296365108415,0.0004213865872976,1,214.09893135032192
3.207710863941367,-0.000839209216484,0,42.99016910380004
5.72751309842424,0.0013970321558955,0,4.458110904601428
-3.88183828667718,-0.0017137251347561,0,-9.21903583014677
9.658706456695022,0.0026862155499137,1,92.48882916753766
6.301862935493467,0.000821377847836,0,14.705434817554108
-2.642922859855648,-0.0008458157842372,1,2.909733096432883
9.127098225522252,0.0024223356384385,1,94.11440307369037
0.3492714318202505,-0.0029049194652994,0,71.2717262872381
6.153897405708136,0.0038795245521459,1,3.4995298096987897
0.3045873216987331,0.0022160778785113,0,55.22290167469576
2.3650920299056537,0.000979713369781,1,8.603611340684354
3.1639767573529447,-0.0020158660182897,1,149.20679697016413
3.388255880542241,-0.0013418475390519,0,66.74408387859145
7.316726591171243,0.004914473968809,1,4.82659736678006
2.2463893197083618,0.0024944500333132,0,48.04622337298423
2.164229973261458,0.0013871317770652,1,5.904550490565422
-9.071603949732893,2.7767594776592137e-05,1,323.146267902517
3.789260329496989,0.0011315891802663,1,22.304569937395883
-4.988328517670229,0.0008215901298379,0,52.71256189688174
2.1814913134039067,0.0030799639654519,1,45.37154740366944
5.49541449382928,0.0012016401957824,0,6.258175185386529
-8.202932788124834,-0.0027095069693885,0,-15.409615706263093
-5.310919344244653,-0.0044039953607322,1,-17.028670504783296
-0.673957871954201,-0.0005205163511548,1,0.5607434126568509
6.007304699241164,-0.0016850197442649,0,139.31713866937224
-0.5107819847401895,-0.0027426376068461,1,42.28862938541963
5.887622882700878,-0.0004499917679922,0,61.24043659131253
5.877563434044452,-0.0008688121647906,1,207.50940107045145
3.2888123094816013,0.0023768532646746,1,8.528227296939832
6.951727721260159,0.0045780570051204,1,3.7766379414046662
-1.3296350305080438,0.0017151823659094,0,48.27226953352937
9.050147056839172,-0.002343325865768,0,276.25946766240537
-9.11460684676384,0.0029027304292078,0,343.60847570318356
-6.702026243646606,-0.0027569752211774,1,16.92483207882973
7.094953370805111,0.0021407321050446,0,-1.3454408511900877
4.228790532379346,0.0011444284573338,1,29.508104220465572
-8.381749978435769,-0.0048225692308918,1,-5.001997750672996
-4.420738157550341,-0.0018332751761273,0,-11.110660295921745
6.147233235106448,-0.0008781332751175,1,223.10158999504387
5.7731064012638456,0.0036717997599109,1,4.698127496871089
0.1380153251325389,-0.0014041862442202,1,21.364136746022776
7.493755453885662,-0.0015832710303994,0,165.20111492759537
-0.8548233694390923,-0.0027208582425822,1,32.511646952736996
-1.1902486011579434,0.0028419926616058,0,119.29715941687468
-8.238427977638977,0.000304227684902,1,295.0078207691788
-2.459646371351143,0.001167486503254,1,73.43069817820032
9.31985689784254,-0.0006134301362306,0,119.82580608467896
-2.3311925948722028,0.0012993887872838,0,40.20119630102059
-3.860241154454148,-0.0035532206375381,1,-7.427599293598012
7.145858940204523,0.0011017163033039,0,9.428355758195526
9.890086910547556,0.0017478896210323,0,-12.014544475560575
-9.5105809396047,-0.0007226045467103,0,67.38994443633584
-9.1713858925052,0.0017919321064579,0,225.24155402408869
7.832029442591558,-0.0009577789334505,0,122.79882561495319
6.377603333970285,0.0007994773369069,1,107.7050849987099
9.16940976937807,-0.0024531110644465,0,291.33318889684114
6.331249145554786,0.0026533700339962,1,16.643873337550644
5.186771283370391,-0.0027102419135621,0,192.6534816057849
8.01182149250063,0.0019360267167332,1,90.47443959683369
-2.245001284651229,0.0021438290761503,0,85.28541805656616
-9.30237204406437,0.0026731670566092,0,323.14104611989734
-7.1522842825706086,-0.0013409389403174,1,92.30911587087903
-2.184114155441268,-0.0002378274827468,1,10.007654975006158
-0.2118534647159684,0.0012791485407216,1,23.106594074413888
2.657139016906825,-0.0006046787418102,0,28.531979897378942
5.741599834542965,0.0046004069445465,1,27.099247720562946
-3.313733807243513,-0.0003005411497453,0,1.3098384571674213
6.308059008083507,-2.5568450365884048e-05,1,163.57736995985405
-2.659665443572292,0.0005445960738015,0,16.191234864804315
9.173960408301852,0.004461710928017,1,-7.951236342079712
4.502869027253855,0.0034244481749662,1,13.851882736075884
-9.503108373901563,0.0026138976600936,0,324.12646177373153
-1.4652149687442029,0.0012885993401881,1,50.4697379224282
2.9168269951754056,-0.0013224660176381,0,57.93279390502962
-0.2288319733276722,0.0028462573964985,1,108.71677719533707
5.094860129917617,0.0012689492976265,1,43.108464904731804
-8.775902674151997,-0.0009107173010141,0,43.663372815353284
-2.4483908898056894,-0.0028094973204956,1,2.8909899150342744
-9.821675164816291,-0.0058596945204671,1,-5.146032318825111
5.865330209550862,-0.0008598554218416,1,206.13735351293118
9.684755240425172,-0.0007379867739775,0,135.79198096511342
-4.830826327996391,0.0021094537675349,0,131.15699517527707
5.171911614773599,-0.0005086308783899,1,145.65058470509146
6.78584521903495,-0.0012610857757631,0,125.5651535948762
-2.601001639613239,-0.0013494873377826,0,-4.239580564099809
0.2541460384963798,0.0028811494614665,1,92.75269578385755
3.971452419681088,-0.001217341081798,1,137.7037510543733
3.7734952369849832,-0.0004975188815178,1,88.13037162358825
-4.779591281371724,0.0022700035254741,0,143.16947318172384
-3.662833115672424,0.0008378894103353,0,35.68936689286836
-9.673065893778084,-0.0020549245631116,0,19.36025457884902
0.6568675445187679,0.0025730152726499,1,59.814135306005696
6.949380186419436,-0.0006857843740913,0,89.53986406296292
9.569888307726773,0.0013070706754805,0,3.570775902836483
-0.1712116877066627,0.0002462730874093,1,3.009417397490485
-8.719793221111063,-0.0041921212619512,1,19.34033224824291
7.126412394795185,0.0050558470973975,1,12.326173883553064
-1.2719298040323397,-0.0006696011241812,1,-0.7223542570006756
-9.007011921765628,-0.0034700958973436,1,54.14455061317954
5.133323960837693,-0.0028967121051317,0,204.96250764586105
7.3414014827166625,0.000858249223707,0,16.998626195300737
-3.912948268959065,3.2815823240104704e-05,1,55.78658827027633
-4.89900472867922,0.000372726830151,0,32.203189744056615
-1.6538391595147155,0.0011421854938638,1,48.233296143572254
-4.209041386867085,-0.0011553644698616,1,16.024161912029093
-9.01788828437062,-0.0055855137674036,1,-12.99890091817365
-5.939194061065254,-0.0016954437487862,1,35.03523310056039
-6.955068161909432,-0.0006080399660548,0,24.515822889126902
-0.8271378302011811,0.0004614022264744,0,5.660360135103959
5.93137537424451,0.0041373924307511,1,9.728406110536152
8.429373071399656,0.0011810075012179,0,8.331383635770234
-8.683870041028838,-0.0043003409106539,1,15.137919067878357
8.001132776897322,-0.0018922426551954,0,203.8743165148705
-6.416230966074734,0.0009582038004199,0,85.60237795769416
1.6340539914552448,2.270709765264216e-05,1,15.354169676924117
8.889576410084835,0.0049510260331237,1,-14.059912824851512
8.824031042055289,-0.0003278968820119,0,91.27125479821086
4.869421521897291,-7.492319880310993e-05,0,33.73650661287269
-3.046039314830942,-0.0005425506389185,1,14.174004075237184
-3.581365235973111,0.0019381343938812,0,93.75553406755282
-5.98200693900618,-0.0011492968616479,1,60.331707255659744
-6.6398464938717705,-0.0013700083158349,1,71.29417231650305
-2.86014199538299,0.0003896398903641,0,13.3734472693852
-5.749252467786469,0.0028432575434703,0,222.59959038315034
0.6929274191196928,-0.0027592098934831,1,82.00020898781105
-7.5278494457061695,0.0009852085465966,0,112.42043783167799
-8.907787257401944,-0.0056305694536138,1,-15.882912403400024
6.672505218595507,-0.0010041914644024,0,105.72377653937221
-4.185700566156894,-0.0014304039214213,0,-9.016974220465027
-9.906253363000804,0.0006856378286669,0,159.63386218343214
3.559899519947635,-0.0023413098468293,0,123.03646820663155
-5.450351044883632,0.0024777401506672,0,177.86816331530164
2.137318644365285,-0.000764394670722,0,27.401989283949035
-2.853592722110672,-0.0021765789374807,0,-0.046555614539393275
2.091985808289598,-0.0022803523642949,1,115.65163789261055
-5.35407136667472,0.0011412345599561,1,201.70826460952438
-2.8235609357103257,0.0009819085567638,1,74.26304856179578
-2.709950396130738,-0.0006858860308346,0,-3.9156578715503922
-4.688176399164461,0.0005189727905304,1,113.99453678728767
-9.914413581885093,-0.0011711754747704,1,253.36776025102813
7.811549947552717,0.0051258547033067,1,0.8312799525523569
-9.914308630046166,0.0001763932029665,0,126.10383053675747
3.883262427516016,-0.0027358849656122,0,155.96546067739328
-9.992189853114276,-0.0009149398540079,0,70.24432436541176
-8.082019115421183,-0.0002303452211022,1,227.01587197656275
-4.230759889504549,-0.0016449975928149,0,-10.05691613639101
-4.563298849489708,-2.164930490531579e-06,1,74.772957692181
-4.632156495923141,0.0007872318472435,1,132.2210414809767
-6.74231952686764,0.0014536394738713,0,125.44621182586809
2.010793956945399,-0.002517646374911,0,94.22474415741664
6.401785246919115,-0.0001046112926546,0,50.11232612256316
1.573030402659633,0.0016963830603549,1,11.162397850827308
-7.8445970802878655,0.0014854506903506,0,156.90141719527836
-7.602854883206214,0.0002989076027607,1,251.06497820419662
4.8477540139913415,-0.0028246768885006,0,190.73363261213404
-4.927611124724356,3.970132043204461e-05,1,90.62584993620362
-2.74615471330391,0.0001029758186955,1,29.415371613092884
3.397256549579314,0.0013911883889646,0,8.270242751977516
7.281282573531701,0.0045271276341826,1,-1.0899310826042226
-5.65727038817764,-0.0023549881133186,1,8.436523601832185
6.239201131738273,0.0047142668467735,1,20.120480211457668
-7.164310372605733,-0.0008265461320475,0,20.359671722606198
3.165057607921238,-0.0003976989620115,1,63.16186304399561
-7.095698535611246,3.9692352576232e-05,0,51.642573163266924
-1.3409993889552323,-0.0005098784178071,0,-1.202768510763863
-8.438736482620426,-0.0027943788632462,0,-15.639288401826668
6.559748791999553,0.0039894129586378,1,1.1793567517603338
-8.945221213670306,-0.0050907845809228,1,-1.5266373022891666
5.726530039412221,0.0029719276430777,1,5.725007578335394
4.71226745845885,0.0014431039974143,1,28.783425114417348
6.030352788295666,0.0035013149543694,1,2.690303538558605
8.468494726969588,0.002526691158213,0,-9.774929889031668
-6.291909235323998,0.0004076383399626,1,183.09063468147986
6.5746965300654026,0.0006577743998858,1,125.18104224569723
-8.141120688544843,-0.0003193648569332,0,55.64402053184884
3.734947238341857,-0.0028813648043771,0,160.93766651157043
1.762483139470115,-0.0014173303883731,0,43.18948707263341
0.8871242805950263,-0.0014508218377369,1,39.560604659024314
5.996593202906055,-0.0001890400721551,0,49.80838737874932
-3.4266274332545272,-0.003585683931702,1,-2.200640308836614
-4.365828469362101,-0.0021566875972456,0,-11.35351950497703
-5.813979361403194,0.0022907647920194,0,170.01365941024056
1.3109012581804933,0.0016322148614289,1,12.362788874595564
-1.8584373320833727,-0.0011429751561196,1,-2.49078287908175
-3.032880587542035,-0.0001306640782689,0,3.055806317533464
2.5151605006812368,0.0006046963120701,0,6.588626047969473
-0.2157882565266184,-0.0019663032463287,1,27.941694347239547
4.799757861365748,0.0006061151537529,1,65.31807040100185
-5.898359949247802,-0.001694408155221,1,34.03182576010974
1.6729356794157724,-0.0004557994400135,1,27.471500389515118
1.078708345664074,-0.0001764247326552,1,11.512745808660782
-8.687436887771137,-0.0021553630257134,0,2.1543920068536977
-8.193781729210961,-0.0012635823197689,1,144.59186211799295
2.9784861731794763,-0.0022524464835736,0,103.88169618590476
-8.096525553473965,0.0002512782813031,1,278.9718662760503
-9.097677073547704,-0.0020369936312151,0,10.898587888883496
-8.055402595928033,-0.0046703784211709,1,-6.724533227569772
-4.585859527314011,-0.0032152275386606,1,-11.522486807326425
-1.739156105417747,0.0022159952807788,1,120.59418739338932
5.207220184379429,-0.0014383231464043,0,105.93672209972038
-8.363610532483195,-0.0011910555607234,0,26.2031172086448
2.371301169792673,-7.35982741257084e-05,0,13.498540721727707
1.3185675736516878,0.001045497062238,1,5.255904872704621
-2.949671134545426,0.0008752079379578,1,72.03864351115973
9.560942874634335,0.0024470456676466,0,-20.586861626345307
9.14421723962084,0.0004678328807281,0,42.78557051607048
2.657827760855401,0.001101847930186,1,9.470885324471293
6.231335972658172,0.0013971204429216,1,66.86662876578583
4.991736811634283,-5.6244329840061214e-05,0,34.195280181280175
-3.0657612892985746,0.0011351871178444,0,41.32401320624888
-2.5759683654629484,-0.0001503461699576,1,17.820388303142238
6.2857303826001925,0.0014179694518897,1,67.33660305230674
-2.417237667826737,-0.0006424095833808,0,-3.4903309485833187
0.6916051789848492,-0.0017194868590254,0,36.566178935020126
7.211889897955253,0.0038344645307813,1,-0.7505282136335207
1.647287230602375,0.0022241887275913,0,41.40665519381669
-0.5274914850494188,-0.0002637183452656,1,0.9444961844611526
-9.425932626236367,-0.0018024405787837,1,169.09367591147694
-2.5579748019505733,0.0013178899867966,0,43.58777852256448
1.0180286962513565,-0.0009661051524509,1,28.07690780425889
-3.2840060743373067,0.00113246050491,0,43.82768868729461
0.9909156831992424,-0.0028232792878092,0,83.34411184197558
-3.753615771508629,-0.0015730972683076,1,0.6446106524847346
-1.741707480337226,-0.0020358222894501,1,2.7996596244209364
0.9137936969409122,0.0025680327137616,0,67.80841846886639
-7.435343567037762,-0.0021219456568001,1,61.18270576721057
-8.787687128288432,0.0001903916986462,0,95.7661500679908
-2.116863508645528,-0.001699140869108,1,-2.96686060853954
-6.443842896436209,-0.0014656967563491,0,-2.8919771890001797
0.3924107987577869,-0.0006234291864759,0,8.274581229148819
9.826902989054602,0.0045643668503153,1,-7.839444276770145
4.5334684825036256,0.0021689989925644,1,9.642238175635914
-9.808272956414712,-0.0023959225222265,1,146.81672092736088
-0.2247693342036605,-0.0003168556780649,1,1.848559005112401
-8.979981793751154,-0.0015989304777985,0,22.7470934802003
2.3498279738267964,-0.0013937521913756,1,82.01691338553522
7.321418588711744,-0.0022143309818409,0,214.46792818289893
-6.336711798216261,-3.644148521362596e-05,0,36.053261606937404
6.765375630892446,0.0049398001159826,1,16.361244884630853
-1.4299973413738556,-0.0026421651930777,1,17.589208542815527
-8.558220273625272,0.0027969418557283,0,309.2456200564991
-8.199763878687111,-0.0016837759634695,1,115.87261419870205
-3.9727530242665887,-0.001175374032124,1,11.61953177218201
-9.332861637760946,-0.0002792061559435,1,306.5964443330914
8.320590027488212,-0.002214461500782,0,242.4073654656567
-2.3604796359634257,-0.0035464267757149,1,15.718992911955294
8.635718378063302,-0.002738749741548,0,304.4837401539493
3.568374857481537,0.0008182568455609,0,7.464942302504579
2.783147114454829,-0.0011244618586067,0,47.84382644349614
-5.282936889302745,-0.0039399577437067,1,-15.420011580786248
2.8240816547531478,-0.0018989925280954,1,126.91897103561723
-1.4970814765501377,-0.0001974715683,1,4.223446575426714
6.342474191511997,0.0026324922957157,1,17.37871893265572
-2.169397502172938,-0.0019227630754745,1,-2.293079281266399
-0.0177864169916297,0.0006586294687151,0,6.651263011885819
-2.7547726480348533,2.405388909171094e-05,0,4.669390173021121
-9.647940971597432,0.0004150901876241,0,133.16523504429685
8.51595704353672,0.000775633222642,1,206.34620886031718
2.446495376640033,0.002967307092145,1,34.34181206519277
-3.9099632388531615,0.0026367382119012,0,155.62106681060382
-1.429755681798886,-0.0020820451614743,0,14.986533701704165
2.415848985624894,0.0020980364432153,0,29.435037829211645
1.602464673656506,0.0007637189706955,0,5.852606035224204
1.3984995168993295,0.0016284520645073,0,21.36378295291089
6.48944079703616,-0.0011744836582935,0,113.83557690777687
-8.775560516084425,-0.0024397442363971,1,95.60094537161379
9.111071801905675,0.0003768767446686,0,47.840607792852104
9.39005759333642,0.0047015337459674,1,-12.766224007133976
-5.195882014786106,-0.0043841971464277,1,-16.353264401505474
7.822752290743146,0.0002726535403305,1,215.64393297033797
8.934021007521519,0.0003879599034685,0,46.033136339764695
7.269329677487196,0.0020186479287947,1,62.411612773717565
8.43139090431347,0.0041101908303394,1,-2.640852254166049
-4.03087627791532,0.0024490577434908,0,141.76502352726018
-0.9789865711682744,-0.0004399185891673,0,-0.2014679664228205
9.787895630086815,-0.0021709755828592,0,279.0492332491104
-3.059172007441071,-0.0017198124972508,1,-4.742449892576261
-5.374464638682179,-0.0023300671649557,0,-15.550480961459492
-2.748484013437567,0.0018972218660131,1,138.52905102518292
7.790042636235956,0.002880292928242,0,3.359271474489443
1.9778447166462207,-0.0020572114018682,0,72.34062415976797
-4.971930568138387,-0.0017491898875384,0,-11.465130916528794
5.928760304709398,-0.0023679758806341,0,188.2295072264679
2.438320605184309,-0.0018845625170649,1,109.73278795667451
-1.6780065420048107,0.0020447667435591,0,70.5986328584741
9.61884767105957,0.0015385720695929,1,190.39752824868384
-8.615602696496214,0.0028757974773009,0,320.88878411280405
3.1790153471058,-0.0008433381615004,0,42.762919404313436
2.217681608400905,-0.0001543128652557,0,13.893829550444796
7.577652782675337,0.0050480244266875,1,3.266653333950742
-8.270244696877231,0.002927487633385,0,314.25744234143593
6.488751652351773,0.0022728435009111,1,31.992887884575325
5.438985227768447,0.0007729434261098,1,76.40558230938959
3.534641221248581,-0.0007755265378395,0,44.90160222353115
4.769486118109425,0.0013286697963107,0,5.735863480813071
9.867872114849623,0.0045002438448399,1,-5.473610342774184
-1.997809957003014,-0.0016402984767857,1,-2.5101260065085835
-4.869317704372563,-0.0002236650408088,1,72.55157564951966
4.585789630504468,0.0012189382206836,0,6.156845959297592
-4.629661168744121,-0.0039418173709992,1,-12.62780822193208
-5.802602039764119,-0.0009006491436419,0,3.981990737738197
4.516415597785258,0.0027823396821349,1,6.129570417478804
-1.590895110195941,0.0014749294352069,0,39.99473909622938
6.272791263330987,0.0006715549006589,1,112.14563755033544
0.6341489178864368,0.0010028590123087,1,7.3934251610751565
-5.5430930870708295,0.0005286071971774,0,47.610247343678616
9.494964949330338,0.0049040993229849,1,-16.42384683327706
8.529689142688671,0.004593494904657,1,-10.00589396097439
-2.61161177144742,0.0011794604620614,0,38.094972324307626
2.171440876058924,0.0004983918977431,0,6.273491851244454
-4.096987267665,-0.0002641935188008,1,46.643635023399234
3.1379550487400856,0.0035460614254857,1,43.80254559194331
7.523576702508461,-0.0003605954594617,1,256.96125745351753
6.400343582357571,-0.0026050810809469,0,221.1678339173805
2.490438189778036,0.0015620344272561,0,13.90944752300729
-6.663783181047192,-0.0023853967134508,1,27.96369704895809
2.91232619135463,0.0004620745905926,0,8.73230956722432
7.859145131562336,0.0049617251146466,1,-2.9211077665702723
8.193685981779328,0.0011716289439395,0,8.497604922357004
-7.979527634262133,-0.0012817608055129,0,17.553765567154684
7.389934807022438,0.0007988587456293,0,19.18919245202888
6.068201270069441,0.0038398568435851,1,3.8502742215274046
5.6413757587184,-0.0007286702069824,1,184.20572311731203
-5.724586748176015,-0.0024403076102026,0,-16.98313800093587
-8.142764851951531,-0.0023014226193065,1,77.6981673348395
-8.948380694413673,-0.0029505062365758,1,75.72037882012862
5.369623700384951,0.0023581217810396,0,14.187119379539116
-8.708786743742253,-0.0050094583138515,1,-3.8771359924972195
-0.7921649831291049,-0.0028477099699609,1,37.58218128810615
-0.6774964951331786,-0.0021015001856149,1,21.24632010834661
6.319785071512708,-0.0017065414536232,0,148.000687578854
3.9417623021205657,0.0007297799766878,0,9.073230133691377
8.838024464804374,0.0029806124326006,1,48.75196901871001
8.636956382612453,-0.0004228023366744,0,95.70830673078876
-7.649936748045711,-0.0026162805582029,1,46.21506213111435
8.97151486127121,0.0054512194708879,1,-12.813281380855019
7.059278710868821,0.0014664491574582,1,88.99933287598319
1.6157094898786075,-0.001222875322932,1,51.31330296442663
-5.001695696558746,-0.0038158849590411,1,-14.327123749841697
-5.349209327738771,-0.0014314150570647,0,-7.736032998886127
4.524078899228874,-1.5987180890480815e-05,1,88.8670878209478
-3.1906006362776207,-0.0019482231554098,1,-5.87279627970539
-8.252625419969688,0.0002545063185132,0,86.23184573755282
4.199785655157006,0.0027797854515706,1,7.30706398873223
5.133206031250154,0.0007987593788562,0,11.480488127476198
-0.8048482841222899,0.0001583577521427,0,2.083876462050957
-7.191502069251183,-0.0012603933553308,1,98.79887489130675
-5.87765496353692,0.0020876503210042,0,153.86722560108092
1.9130578087708516,-0.0029172937163277,0,111.28635587115642
-5.74006757976989,0.0029248313777149,0,231.15044295521514
-9.600490875606582,-0.003604585043882,1,69.44245300269623
3.3321726734499872,3.4566268882537865e-05,1,49.58738765073487
1.2880664565617082,-0.0019203810945833,1,68.57736614705627
-3.3514057680112934,0.0004957054493244,0,20.217692525208
3.093799643859945,0.0023216546745698,1,9.073619629191217
6.567688498150289,0.0016536206836539,0,1.223332791859664
-0.8152799044576327,0.0006897235486167,0,9.591582587356074
4.262812180329478,0.0021176970494408,1,8.636314497254794
-5.659038731512487,0.0005809813929638,1,164.9797624956859
-7.764514132968483,-0.002815983465582,0,-19.74663615326135
1.4440321382334815,2.5337067568956644e-06,0,7.175694922078846
8.212873296639067,0.000865875460157,0,19.4205168072822
9.975463882020936,0.0018846307981127,1,174.4763230154652
-7.473427170098354,-0.0028979888805454,1,30.471139375124054
8.989588856325511,0.0045134159315937,1,-9.44124703333437
9.857226662860349,0.0018368307111209,0,-14.20618083747344
-1.590665248790568,0.0016260494633537,1,72.91976936480319
-8.676570960387016,0.0018364321942682,0,212.50792040855416
6.037600798122821,0.0007280436730734,1,99.59972819037293
-0.7736955439932576,-0.0001892722730362,1,1.2404453943732139
8.579436821549201,0.0015500277734907,1,141.32624423912603
3.307084962722463,0.0036517057937964,1,44.59307391090406
4.374628279253157,0.0028039779543789,0,39.50835750301293
-6.615312912067783,0.000778739018561,1,239.5445620584942
-0.0530197851842366,-0.0017881864597668,0,27.356327646173582
4.23569135146635,0.0020036222991692,0,14.009035337978945
3.8737004282415377,0.0019683681429577,1,8.136819139859057
9.345257912827694,0.0028487234365709,0,-16.26146092538692
-9.275062985308292,-8.580850023608716e-05,0,93.08932900127425
1.23074391214214,0.0030457504236423,1,70.3489024684763
-0.6219532295769312,-0.001859910353085,1,17.034970827874943
-9.522857246515002,-0.0016783733193931,1,184.21866242620092
9.531368029490238,0.001472496047682,0,-2.3038046249049193
-5.997351976511613,-0.0012638103225906,0,-2.019318069719172
-5.443102296187615,-0.002901780788569,0,-18.03498274943393
-7.520543330747729,-0.000819002075861,0,25.604651072901788
-8.64204847063566,-0.0046398184503387,1,4.511473736734997
0.2543043917820498,0.0023679989461855,0,64.28830836836407
-7.570558649050378,-0.0001469878238025,1,204.0396727691129
0.9033180009100388,-0.0015213179986019,1,42.283562542249705
8.625191006357255,-0.0013500492304435,0,170.00746183234546
3.480895322648081,0.00364459310271,1,39.95926235230451
-4.012930006411331,0.0016381370166787,1,177.31678389070672
-7.88614322310861,0.0002101894129305,0,75.55915525052606
-6.5053545108726745,0.0016435514150392,0,133.74111737516967
0.3886233862041628,-0.0018707705600333,0,36.406114731535105
-8.144552732673734,0.00052261606688,1,314.329775913339
-9.989247330632256,-0.0041628528115684,1,59.090548563049914
5.648035109225498,-0.0016803594175273,0,130.9255199786512
4.846558049725102,0.0017394451739382,0,6.999247784390345
-7.805564716850784,-0.0017954557527716,1,92.08579808846116
9.882527565473064,0.0044587380311429,1,-3.919767426311992
-5.02870840030373,-0.0039570706034128,1,-14.778802450627687
4.872493147038297,0.0026803936773515,1,6.0881692805971985
-6.917524165691997,-0.0025102543430287,0,-17.524562147425232
-4.532421637507287,-0.0004525970674414,0,4.595037742991289
1.3474342216784798,0.0012563123445089,1,6.704836344774607
8.348632927228643,-0.0006960514152074,0,111.672143451951
4.11911785648279,-2.914469773875821e-05,1,75.76637052891962
4.78619243114032,-0.0001363386044915,1,105.4896702191079
-4.238392563248874,-0.0012717500902406,0,-7.973196920199989
-3.026818045931563,0.0017934427415148,1,142.42745311427254
4.101059437399359,0.0006182141734024,1,45.777911604678785
-6.04157693053939,-0.0021216999535219,0,-14.28405840166598
7.038632168365442,0.0033417402629377,1,6.352953197010188
-7.825898238982503,-0.0036933472263375,1,13.60919799753461
-5.585415155305107,-0.0027971049129004,1,-1.9231112005234987
-2.266361213116948,0.0007203595062279,1,44.00248600444211
-4.35794320010327,-0.0016744680381917,1,5.295287651437489
-3.918390609863753,-0.0027429275180484,0,-5.887027614439296
-4.503762556528739,0.0018599445551369,0,105.54176194404604
7.1893434838712125,-0.0028695177517445,0,269.55474228890137
-9.704447917348524,0.0025746875078456,0,327.63870055551894
5.654422864128028,-0.0023943537764224,0,182.54792874338128
-9.442001210386952,0.0023246295037397,0,288.9601668589678
1.1356776117837768,-0.0021731318396042,1,73.78299519276797
-0.324084676511891,0.0003971266494694,0,3.9673844209757076
7.710695755739746,-0.001890635846959,0,196.3983844911148
-3.5012451563362257,-0.0012992272362491,0,-7.478587051472484
8.330153462447395,0.0013874853915312,1,143.9225626022099
-4.796733817024679,-0.002050008433158,0,-12.818859524082596
-2.2639183593743706,-0.0026767655757476,1,3.8250650576172722
-4.790807580967735,0.0012327641633822,1,179.5047518106232
5.644629077463341,0.0011634094960499,0,6.763141116034208
-5.540623099741149,-0.003124150495427,1,-7.50736896481388
-6.480039865563265,0.0016049649931955,0,130.21180727743055
-5.01817513956822,-0.0002066146017268,0,14.454945340159847
-0.5536279039594341,-0.0018995521385787,1,19.1906545946647
0.5241620789773407,-0.0015338991002464,0,28.696735997295907
5.642529470277264,0.0016621933648642,1,39.29291133035184
-0.1707574947097718,-0.0026256518432894,0,50.098771896006674
2.9655873388676035,0.003441781122884,1,43.15550318376261
-0.0876555334414437,0.000353942304663,0,3.4166776604440137
1.6757741934261985,0.0008922516159463,1,5.488606311112852
-3.699106521890365,-0.0027654907186502,0,-3.3650109713994665
-3.6825949431755056,-0.0018645314309182,0,-8.228369171047373
6.360450836739375,0.0014815051202522,1,66.08167233096466
-6.962898708013443,0.0017219974703947,0,151.5592010081809
8.468622376736953,0.001059299776019,1,178.23223120475427
1.290192984371929,-0.0008789311998865,1,31.50826530017492
-0.192571449328657,-0.0018442493804278,0,26.793124449017377
-7.364391507382438,0.0003950622346404,1,245.9347940370538
7.343357797322884,0.0009272279426213,1,137.70657896591615
-1.1977301936921574,-0.0023968267249754,0,25.111604710310015
-3.2926485487367056,0.0016189486009475,0,68.95912662446099
-2.1040093278830785,-0.0020157214700249,1,-1.1482226691124984
0.1938877376098489,0.0029378243410823,1,99.1905257807789
-4.687939319940496,0.0008217392133188,1,137.62500907201257
8.6683965395259,0.0018220837684511,1,123.04626069339088
-0.0829689387943215,0.0021862009576565,1,59.520338316669175
-9.238808691613166,-0.0009297627506692,0,52.29819121323564
-9.068527090862393,0.0005928070142655,0,127.71143361898018
3.106411716652568,-0.0014635761805789,1,114.75694512021039
-1.210345643889713,-0.0027971799234548,0,34.78864846595705
-9.45623857250996,-0.0040311954854325,1,46.17953704146218
8.193714159122962,-0.0001998101114269,0,75.07217858563158
-6.460387012210546,-0.004005005240226,1,-12.66194449096822
7.465277882565484,0.0049937098591799,1,4.027015994221035
1.9953998323822797,-0.0002505235791111,0,14.053460065325392
4.138948101548232,0.0028403151161959,1,8.172221042350444
-7.5902049177246145,-0.002737886089485,0,-19.04771003195289
-4.400221690748065,-0.0025260322876382,1,-7.267852908868418
-0.166855528533695,-0.0021384231607962,1,33.798252985551116
8.098949384067144,0.0030687797267475,1,28.526343564326734
5.342908701747572,0.0012881802085975,1,48.22137025111773
-9.530183706481743,0.0002631311923606,0,120.13293504487595
1.6507650351743912,0.00296841949171,1,53.546798067273976
-4.089697597543562,0.000742272524932,1,105.29392546995518
8.331794836580205,0.0041940010499798,1,-4.582617323861824
3.113271571833934,0.0027639847189983,1,16.628813471067552
5.598147356359661,-0.0012745117178585,1,224.3313292796878
-4.542638217575217,-0.0039503586664482,1,-11.983331542967923
-7.2633180337752385,0.0006500997095457,0,85.76237687996752
-7.65144051600509,0.0009802824783607,0,115.17005573495149
6.52226949587369,-0.0005438975602292,1,216.0814632511232
4.37718536740481,-0.0001180888958427,0,30.66855159644325
-0.6845024317974318,0.0023944231076527,1,92.37635654957694
7.766080105774535,0.0021245145922958,1,70.52448808946411
8.076740195936686,0.0008936569799937,0,17.946529097398823
7.368082035343576,0.0018809884783799,1,73.27872497377217
9.850756655537031,0.0008351956582324,0,25.483536229392694
4.175863955292138,-0.0025881905031965,0,154.7054805307348
6.33692130650654,0.0041377072768336,1,4.627310699778853
1.599301564223108,-4.3735349578126816e-05,0,8.44702034040086
-7.898830347176244,-0.0024923088662183,1,59.61558270403735
8.533595218446354,-0.0007644995013049,0,119.7941635977989
2.200766999991385,0.0036146106457028,1,75.02518335529157
2.5978802170999917,-0.0004708700712811,1,49.90639565778347
6.17981177348366,0.0017152137863443,0,2.1904740734352712
-1.1654800714190614,-0.0024269491576765,1,18.45640030257205
-3.935211394357161,-0.002337185146487,0,-8.286313103608743
7.042802288644907,0.0002231967597098,1,179.57465148597836
-1.702276897631684,-0.0013513627425335,0,1.3906142413561002
3.1088825045063864,0.00256426173078,0,42.2136202699463
-7.304830620123277,-0.0006473217825949,0,28.20954684475424
-0.6867229900152623,-0.0014668536364751,1,8.771624195783401
-7.252468817835722,0.0002738802951319,0,65.56429472746487
-0.3017543096718995,-0.0029811093145542,1,56.0079407884828
-1.054408194860537,-0.0007034091842401,1,-0.44917569681608516
-2.764431404524561,0.0023509643710445,0,108.74901826779825
8.796915546373686,0.0011255022113882,0,10.525578199900993
2.76424911986358,-0.0010446578139016,1,80.02913085954654
7.501512693949849,0.0034796050155313,1,6.537869159385023
8.89757582055124,0.0027234506699079,0,-12.389590175724546
-0.6227816366217418,-0.0005295276380705,0,1.4410913836313803
6.237656230215137,-0.0029758166652386,0,247.24874144945102
8.55888383302463,0.0024462098760427,0,-11.121222285617232
7.676646587191538,-0.0003803012007037,1,267.97335343603186
-2.3314535636170186,0.0021294736191751,1,139.5743931972689
3.320220261085346,0.0009212716169229,1,20.402075998501164
-2.7735368976060943,0.0026456574185303,0,132.49991733163998
2.225715783176911,-0.0015081555802823,1,82.95003509776646
4.1368273906373165,0.0010332028105316,0,6.888659922053592
5.216657333177906,0.0007434755437759,0,12.810978501601904
-6.341202391818892,-0.0022455882489441,1,25.065947920980665
-4.058771496748445,0.0012325359023517,0,59.25649741532448
-2.5267697662669786,0.0002351513229205,0,7.778112546538998
-5.640526960644133,0.0006001247352813,1,165.7244429098545
-3.4818390570670488,0.0017976831529589,0,82.8040680046883
5.372214153802023,0.0023963653957559,1,12.497869171508295
-4.006225105099999,-0.0024043748866508,1,-7.5108236927253085
7.332534301651844,-0.0008561754849302,0,106.93180532210869
-6.532383758854166,0.0001945251594527,1,176.7692715393985
-6.356959589355931,5.285259311239049e-05,0,39.883758014593646
-6.677753782664782,-0.0022143183464792,0,-14.035117231584774
7.692539886938846,-0.0029119881234758,0,290.4531116131406
4.603020462547622,8.16326833496167e-05,1,86.27117777030213
-7.238116420901585,-0.0018586142868638,0,-4.920167628639054
-9.107159885387382,-0.004563030292787,1,17.351488817345974
-0.1172063452504623,0.0011159090365397,0,16.026774712193728
-4.122211909513833,-0.002081532350924,1,-3.8415925031377745
-9.929492360521367,-0.001516115063263,1,222.35370425197573
7.677718045113973,0.0015920613567493,0,-0.9848427024169593
-5.184271766627058,-5.5685655283873685e-05,1,94.39668404883614
-7.47276394252771,-0.0018184601271059,1,77.79994887381912
8.693238626554905,0.0001026112711248,0,61.12586451355223
0.2195699813544607,0.0018496710687319,1,35.74273363759876
2.2411383663548463,-0.0015858035602814,0,57.397531858898425
2.805577527375726,0.0024844571673513,1,14.10461946618991
2.1521023595469746,-0.0020160111629003,1,104.77019228617448
-6.130153800363183,-0.0013726664062815,0,-3.195507499964477
3.658317753399107,-6.804210100175283e-06,0,21.330097869028783
5.570678645421975,-0.002786092422127,0,210.22489092313378
8.808166188565956,-0.0001667905367462,0,79.79680970157261
9.123065940942858,0.0020640204761938,0,-14.054799694638174
-0.1720768695703185,0.000727633682901,1,8.986965791520923
8.519145205215278,0.0052459223201079,1,-8.5826153339312
5.222908621417911,0.0010869023689875,1,54.24784517835878
-2.549382790536159,-0.0035629953734854,1,12.116493288327092
-2.5114113627013417,-0.0009778089836768,0,-4.527117473541794
6.620118476588168,-0.0022913282359494,0,201.47786623101257
-5.382006264046717,-0.0033126709018699,1,-10.74710484867405
1.580230388604564,-0.0015898213403848,0,46.40938342396446
7.143730888029939,-0.0006423881354219,1,260.3436038295994
-2.7217210741155444,-0.0006740962112997,1,6.813404120916431
7.259601099632704,0.0001593705821999,0,45.41230904389749
-9.412139328551078,-0.0009727484155492,0,54.24032734237321
1.346391860492794,0.0025170846298673,1,39.36882293493662
-1.3651040371420624,0.0017416347528341,0,49.97864619723139
-0.5905532840576591,-0.0020763820065891,0,26.79056510071323
8.068939720616335,0.0031805741547365,1,23.216922575482187
3.941694075387046,-0.0014624688526845,1,151.8077536241887
-5.132939878726672,-0.00233092563681,0,-14.84484088585057
4.805909181399455,-0.0026084058470731,0,174.011877392665
-4.589862023865314,-0.0010025523288959,0,-4.513831066412404
-7.069484472813709,0.002311023478383,0,206.7853715804215
3.820295565030209,0.0015946750711336,1,12.613971595085276
-1.9444766597778853,0.0002158189558737,1,18.446756872275703
-4.631049621838823,-0.0025772546784624,0,-12.61160524892324
-4.2132005153870455,0.0007283301558159,0,37.79614302475785
3.7959333513269975,0.0028411037373264,0,48.029958489556066
7.286849218525848,-0.000429516064658,1,249.38461352744525
2.6854088165182954,0.0024822991225231,1,15.407253513780194
7.0642851860135,0.0003993674053719,0,32.97028309619692
9.549428959211776,-0.0005203655365213,0,115.50615740640006
3.0007218784788865,-0.0018556756324293,1,132.30457991997798
-8.417974343464678,-1.047006340976357e-05,0,76.16104840996468
4.834475686567188,0.0001462409341251,0,26.05352648284787
-9.224687642215832,-0.0020632342063872,0,11.96781549738678
-0.4843338645731343,-0.0013790719822437,0,12.798610672596118
3.002333549819621,-0.0019935077852124,0,90.939344951924
0.5664290833037064,0.0008160637900019,1,5.565594303671836
-8.864200226220637,-0.0004931945870475,1,250.88009550275788
3.835510664661099,0.0011385812279267,1,22.852198994854913
-1.819941650937043,0.001880708172813,0,62.99241529399392
0.6832670830029208,1.17790151023064e-06,1,5.373398563180779
-8.166876141812287,0.001757805996118,0,189.10689504382938
-4.362467734690418,-0.0011767186701064,0,-7.036680855297417
1.482596819637381,-0.000973924906074,0,25.67613624517773
6.048366785489566,-0.0023971534180256,0,193.89633943903647
4.9247929927521525,0.0003377870748711,1,83.27230802770998
9.890123883901886,0.0016053436082598,0,-7.718156407096375
5.716236099374246,0.0001180557299595,1,126.76356710169475
1.887162407669642,-0.0020209981283283,0,68.9377653458169
-9.846169491166576,-0.0037341727508587,1,72.83906979008978
9.97362163168432,0.0055370967663915,1,-25.145251252812574
-0.6398153836695606,-0.0024916213173549,1,31.799964464263443
6.823652646694288,-0.000647904102554,0,85.29086263020082
8.086820019791606,0.0004447006347193,1,214.1657881054795
9.676547763771634,8.521579121972901e-05,1,347.56468268621757
3.785148031961441,-0.0014693337503144,0,80.0634073235565
-2.477752762835559,0.0002528169405033,1,29.421037687676385
8.284835867768145,0.0010854725985644,1,167.18281174377853
0.8822543974058128,-0.0005048934204838,0,10.1240468192352
-0.9619782202691808,0.0011041726330491,0,20.802996831640094
-3.4279318386714053,0.0023966712203968,0,124.89970104345255
3.108761816997712,-0.000701769098047,1,75.38777807342697
-9.696995114589466,-0.0034927575313956,1,78.45625164639074
1.940724870552069,0.0033806076697865,1,68.61174630477936
-7.585691065564937,9.581348534824696e-05,1,228.72617357990367
5.386722274582489,0.0019743784141237,0,7.039266060426307
9.394686417758788,-2.1879607011308248e-05,0,75.8661889778582
-3.3164296735417658,0.0009602541441712,0,36.74198266699821
-9.106314818633754,0.0027089250864132,0,319.68998860775804
0.9333679466363608,0.0026186533694184,0,70.65416777580177
7.041890937598048,0.0025970627171777,1,29.32914473355196
1.8087976070750609,0.0016074667610119,1,8.230566210937862
1.381197622505839,-0.0015521801637919,1,56.92586657981941
-0.2477676962452708,-0.0007968787871918,0,5.923208093053909
1.6626363607771708,-0.0024374820732115,1,105.52093761019677
-2.0973032900318733,5.206241997812379e-05,0,2.8577291122539776
-2.0724647573667943,-0.0014196852592106,1,-3.233450181492155
-9.069067723973864,0.000801333568028,0,141.76215206296223
9.61012808793942,-0.0015408888932664,0,209.1307980497681
7.905498694755483,0.0008269575931786,1,171.24424713426603
-5.245733444095215,-0.0042841022344543,1,-16.436427978690272
0.0561426028966955,0.0020361181222521,1,47.934359475417175
-1.1091436124415193,-4.187550287522621e-05,1,3.8915662799631567
-4.345290888380911,-0.0025548318707156,0,-10.606688864330192
-6.821323435320799,-0.0031633820447196,1,8.106631948694254
9.37878807266199,0.0006879190133547,1,262.92798179008935
5.557984981775363,0.0023417597130181,0,12.31204493653278
-8.628843429785595,-0.0043316003119059,1,12.92791772259029
-0.6245588312450057,-0.0003311720553522,0,0.7313304669162661
-7.945181666845364,0.0022234804626399,0,225.44606461967538
8.845919459454578,0.0017330127749036,0,-7.186152031263857
9.494008711202618,0.0054194439237071,1,-19.979000804891022
1.8448838745476728,0.0012146270945014,0,10.152860626245683
-3.048939033512843,-0.0002374721862745,0,1.367676718107566
-8.087359838382548,-0.002583727878397,1,61.85503543256985
-7.749119151912311,-0.0023882745987735,0,-11.84906041109803
-5.785206415191151,-0.0001623563064239,1,111.86905175480666
7.465281162482974,-0.0008051716257403,0,105.56389434653516
1.4507161888700375,-0.0016778672087863,1,64.04142787295606
7.177618997968871,0.0034406756472014,1,5.178562294267252
1.6255762374799314,0.0010465337207592,0,8.380922366099977
4.298479584313604,-0.0012348726291044,1,153.9306790906425
3.1285157404622077,0.0007923092285614,1,20.619539014846417
8.723989059553286,0.0017609807500267,1,130.17002968776373
-6.94317150668275,-0.0005934772834518,0,24.832539756922472
-5.63890928771797,0.0011166052527743,1,215.78705207095837
-6.644930410042649,-0.0030600438149481,1,7.585814889322061
8.616064660052682,0.0011487460354973,1,177.42473817311026
2.3539029575887263,0.0019674121339053,0,25.410119676206076
-2.6733528767325225,-0.0021158541565519,1,-4.705484893219984
-2.44071828853013,0.0009014552985834,1,57.709501581150484
-3.1492086158157644,-0.0012420542098612,0,-6.515970137417986
-3.569367794567424,-0.002572945075347,0,-3.5628152959301254
-2.785169448951472,-0.0012333043877282,1,-1.4190669063174477
-5.343684826286744,-0.0019374550971484,1,13.99879806989278
9.3944483937235,-0.0001507667965484,0,85.07156505796706
-6.839230775027295,-0.0017560216716509,0,-5.738465848261191
-9.697900246851464,-0.0058484190702679,1,-7.435669556108655
-1.324178849728865,0.0016481756784227,0,45.01007556575431
-9.687568604660012,0.0014896332594325,0,216.02860497642877
-5.668850792642923,-0.0033603155723866,1,-9.688568889209636
-3.4193489774504133,-0.0037340259293915,1,-0.6898444013445761
9.051601676262596,0.005390461468662,1,-14.611874689640423
2.9704756387811777,0.0009477094784511,1,15.02926043590899
0.0627043867238192,0.0012336809230284,1,17.636582660445846
6.391564261979486,0.0037537403558119,1,1.3982566529015465
1.073405548080938,0.0019141315312091,1,22.338670064145273
0.769907186447691,0.0022068207282552,1,38.80744944008042
5.067791016477409,-0.0014363420002535,1,207.38345420365107
-9.599572324336982,-0.0044651139281358,1,34.26193464004674
4.729844662780883,0.0012564475646863,1,35.56965380566298
-3.138327928868387,-0.0028899895120856,1,-4.424050121563817
-5.390342191253687,-5.393632103429446e-05,1,102.78135132317979
2.974891702993681,0.0010074659467867,0,6.607801072223012
4.357750988316711,-0.0003479901233526,1,101.47391892778901
-2.9700573505547663,0.0029826727330671,0,167.1463359669615
-7.257485671495242,-0.0011274618309735,0,12.686133693951524
-3.6899516419668537,-0.0022693916549941,0,-6.727110649257703
3.455046405844889,-0.0012592119466909,0,64.09883511237649
-7.938442071175606,-0.0022622978759971,0,-7.882869972722119
5.758481526078057,0.0028475958773839,0,25.729461021509312
-0.8955816914922359,-0.0006627488828225,0,0.8993327086439586
3.676541160344886,-0.001815538978146,1,161.56296123752148
2.128068663212364,0.0014234442346892,0,12.731167517805135
3.028506761758294,-6.272501439029152e-05,1,45.5186074443607
-4.816492169819837,0.0021935013433882,0,137.64164144138326
7.292085292338825,-0.0004538795984965,0,79.88963558398675
-1.857293678775422,-0.0016664692284474,1,-1.4824567161497435
2.918845235371085,0.0038144504991983,1,64.40701525424052
1.9454301998277683,-0.0027814766596685,0,105.41850789815507
3.4992039866248543,0.0010142439309325,1,20.825853634306004
8.015117502668016,0.0043307117036747,1,-6.251066084752127
5.619438773450545,0.0043457290502882,1,20.556462813715292
9.94627915707268,-0.0007399698295771,0,140.0205190859233
6.336910330292419,0.0015443523400375,0,2.482571479897652
-2.9308616269860206,-0.0007508484316991,1,7.585663051969566
-1.626580132180246,-0.0021919441578306,0,14.470018002700096
5.705594982636068,0.0019654113877043,0,5.273506534092163
0.5324392440789758,-0.0025008022695847,0,60.244877323597784
-3.524383841863912,-0.0001886920784881,1,35.34975257335912
-9.024024940419672,0.0008253380998006,0,142.09946032729718
0.6498186159838166,0.0002935368169612,0,3.55484096274202
-8.5676661395127,-0.002320578337588,0,-3.4419429564639463
-9.746657266580431,-0.0054639507022129,1,5.116471842201969
-6.966218935699917,-0.0005904484595427,1,134.3815238333771
5.548812001179543,5.215311952612804e-05,1,124.18313109434695
-5.182441745201003,-0.0005438131371069,0,7.205208493973351
-2.9216857045139344,-0.0007124218119482,0,-4.128698564968489
-7.704355566817485,0.0005642585711123,0,90.77416735262082
1.5850791266444588,-0.0019117126856386,0,58.603156548966915
-9.171891698030892,-0.0016459825329297,0,24.39645673244069
9.52033529197274,-0.0002949108839043,0,97.28308837261949
0.0189224850783169,0.0027127596445975,0,89.7129841052066
-1.2781092014268136,0.0012227463198408,1,42.57826476566923
9.767765897659274,0.0001362635848392,0,68.17335700850677
0.3999507578264492,-0.0014320130939291,0,24.345462248156952
-6.528093828963293,-0.002384662915966,1,24.757338082209774
4.894614416667238,0.002452734529599,0,20.782933694777157
-7.151708831974368,-0.002083212719849,0,-9.792316371714675
0.8725411948491804,0.000668769699098,1,4.074289377365654
-6.833120339478455,-0.0027447024713169,0,-20.70331439024639
6.415298130900887,-0.00267746605572,0,227.70859289057321
-5.045002065368129,9.862696730286288e-06,1,93.2266328322601
3.16846123359664,-0.000822071141081,0,41.83833076669717
0.8823471200172008,0.0022006874583033,1,36.100116109890216
-7.484070908647887,0.0021445531541867,0,203.3239338749496
-3.7216453915148735,-0.0017904609611195,0,-8.541820404149526
-6.456575214862643,-0.0043171808287,1,-16.67262870130321
4.309332541939373,-0.0029637755126617,0,183.8995954836364
5.4578852978511545,0.0018030285329638,0,5.082061821980034
-6.486742799762572,0.0007769163441333,0,76.66707864992853
-4.344357974658006,-0.0032823426687405,1,-11.166295684425044
0.6342097040107113,0.0016339841944123,0,26.718101625085126
5.238753286854204,-0.0002466843880087,0,44.13499215813288
-8.213019125289815,-0.0033064754900623,1,35.905881214037414
-5.463680192235827,-0.0019611409983012,1,15.53925258557383
-7.115421044088732,-0.0027355907642161,0,-20.27861615581975
-8.732231984700853,0.0020782891667722,0,237.4533493697017
-3.522011572565969,0.0014400096340819,0,62.36036933427308
-5.732482314585399,-0.0028335858308113,1,-0.887705129876255
-3.832926002920509,-0.0027634897020419,0,-4.844663732113628
-0.1607261632389054,0.0016614803368739,1,36.11961881773089
-6.488605497215627,0.0013182689537962,0,109.97444773913253
-8.312913329087724,-0.0033963596683225,1,35.44744011945904
6.512434666567263,0.0043024982432137,1,5.003935488928444
-1.2027671831477953,-0.0026591112267611,0,31.406344685612485
-8.892091812864651,0.0012163171862491,0,166.90830076491795
-6.202541221649607,-1.5857499788616526e-05,0,34.87996697470865
-4.141098311860507,0.0026272477753231,0,159.98796970418053
5.066207687857849,0.0007953485173679,1,63.83703933280412
-4.327512498062164,-0.0008300641854217,0,-3.0166489990651764
-0.7864903171761046,-0.0011127011105934,0,5.792706366007007
-2.522302101195068,0.0002208120303047,1,29.150446608236162
6.081485091687522,-0.0014907467039493,0,127.336890306974
-9.09612068082584,-0.0021675967019532,1,126.4492857965632
-0.4296213142675888,0.0005151855441075,1,7.461437880259992
9.347513055714655,0.0021558253734312,0,-16.696355175919802
-3.875545379279344,-0.0014531750197727,0,-8.694209969923943
4.577861406340034,-0.0008232193841658,0,61.51866374142414
4.640110357488023,0.0042902972970739,1,40.84082490192992
2.649900377106034,0.0006034426491573,0,6.885459094565898
9.12060334735386,0.0028029924317737,1,67.2589005845958
-1.6964186141609083,-0.0023786860855158,0,17.108871497954226
-4.4324075916160695,-0.000993904622378,1,25.44679761951928
-0.1288366031303294,0.0016926042308261,1,36.72433813134261
-3.925955202368183,-0.0006621425287254,0,-1.9912648500556616
-7.773808388944595,0.0017402064678017,0,175.7290897687177
8.106627595846582,-0.0025368297846569,0,267.35049552910573
7.731080971440818,0.0004752855029888,1,192.84202155618536
-8.678308574484934,7.492737765281199e-05,0,86.72993662796429
-6.832606270642354,-0.0027677535397109,0,-20.98535596970558
4.992169148686587,0.000833714553114,1,59.85119421496395
7.689434308555999,0.0007181330733552,0,23.366703252166506
3.7256346728499103,-0.0018690279715281,1,167.41258196849174
9.824418358587874,0.0050783917484711,1,-19.95625469380826
-3.7638335199484967,0.0003889752793376,0,20.536205151979644
4.195977080658073,-0.0006355779394042,0,47.9438775829997
4.36906538330198,0.0014493334341005,1,22.802845480810156
6.198494355631585,0.0001921088731228,1,142.38012304154142
-5.56012217978628,-0.0020371250069165,1,15.176089723646639
-5.421622368578687,-0.0030265058731593,1,-7.080489080185247
-9.772263430448136,-0.0033841861445339,1,86.88687729509678
-4.106236240233192,-0.0018355977022168,1,-0.4478190228535186
2.95336893550928,-0.0011109928635538,1,90.0565736685054
-3.146703915239975,-0.0028221113721218,1,-4.9163625745564765
3.656837130922753,-0.0024180365816351,0,130.05589657228853
-4.434872186999579,0.0023885424594167,0,145.47671366956388
5.500468896407856,0.0040807486175499,1,14.937287574610046
-9.732058350841973,-0.0009698705401524,1,260.8922204779611
-1.178216230864761,0.0009761870937445,1,30.152295482144492
-6.244643929834277,-0.0010029252176414,0,5.357572484668513
6.3048687509841415,-7.678629034309738e-05,1,167.3409538568694
-4.807867224885316,-0.0021169182290671,1,1.8173596756405175
-2.922955045347986,0.0002148204235743,1,37.811512920532756
1.9215153686224935,0.0028757369643154,1,42.11516066204513
-5.933491819085177,-0.0038591002284088,1,-13.959811213700092
-8.073362670120021,-0.00240720665138,0,-9.936629984429544
-0.936267914692534,0.0004885266515125,1,11.796588605986738
0.899392379643098,0.0002427352135734,1,5.021449172443802
5.54391396431585,-0.0017337928211029,0,132.21628922377928
-0.3510530680492323,0.0003200095731863,1,4.300195252786624
6.270822392555825,-0.0014732774518219,0,130.11366156259865
6.119465779840169,0.0028132595455126,0,20.444267943319307
1.998971623984234,0.0026206426983027,0,57.48522199843607
2.66370335886997,0.0034621708834141,1,52.0048350813879
-9.72943386665458,-0.0004968384372801,1,311.0522982488611
2.9094935128600223,-0.0015329601170121,0,66.98854826897406
3.163195646595497,0.0005678251422185,1,27.227107926140924
1.3960957726189598,-0.0020110117683369,1,76.04749621195825
-9.93354673754888,-0.0027257457944011,1,131.54654223885228
6.765022017001986,-0.0002081096991551,0,59.27458858408594
-1.736414816702215,-0.0033763100826149,1,26.563997005099225
-5.433152453597749,0.0012241375719162,1,214.9032483885841
-4.363420028282608,-0.0022960201018661,0,-11.253511871130593
6.583379674760408,0.0043733508888642,1,5.265094752715381
-3.8655613494859216,-0.0019290287080749,0,-9.049669931744027
0.1096593622323975,-0.0013034631506843,1,18.524353046664977
-2.8404430567514938,-0.0020240333748922,1,-5.558499643313384
0.9921428425946016,0.0031841432823596,1,87.57473015688959
-0.0572763554907567,-0.0020973950199475,1,35.36367028181708
-7.490900029671086,-0.0051111134021445,1,-21.426565790227528
-4.381662329100209,-0.0009888309845278,1,24.55595709571242
3.9547263346366712,-0.001794322295998,1,174.05136543523062
8.339503281469547,0.001637277398905,0,-3.549105981712634
5.275943412314232,0.0022133366404611,1,15.496783099968363
-9.09078388120405,-0.0001397055583506,1,304.90367709449026
7.369738767037461,0.0039516996365329,1,-1.9192151075062878
6.873572750217619,0.0023460786103768,0,2.1446366986407015
3.453954565541352,0.003954525694237,1,56.35368333278997
0.0791307221917652,-0.0011227644640704,0,13.797256774118768
5.0800383951089145,0.0015320308016099,0,5.182729296417143
7.410863896397622,0.0040758959210933,1,-2.9198438905994673
-4.582651408457465,-0.0012984370905255,1,18.558597227663686
0.5418896286067714,0.0012400417080452,0,15.749370098717943
-1.4583300833880042,-0.0012235454499598,1,-1.0751849198801864
-4.681948159104678,0.0025209864074651,0,162.89276704262795
-0.5932631709279299,-0.0028238885809739,0,47.70805464212224
-4.99373237037844,0.0004406649408801,1,121.41879335107444
9.059672302867046,-0.0007902825605949,0,130.30699231927184
2.453356143160054,0.0029306060496133,0,70.06617220232422
-5.109600007163417,0.0011450376560922,0,71.52004994519743
4.603394605448791,0.0002290666658707,1,78.36631890671549
6.9135820451859935,0.0009009147275217,1,121.76545568683548
-4.672841202345559,-0.0016228548904188,0,-10.490659355280709
7.474190434246893,0.0035244666623015,1,5.271685368751873
6.417805307839959,0.0029975544662688,1,9.08490316837878
6.103678096399214,0.0043814853803966,1,12.697649369354584
6.392260006376873,0.0009546128889848,0,11.640162978646377
-0.4770602436935984,0.0028138325582485,0,104.92722383441932
3.417413983174262,0.0010516967723423,0,6.613287863431344
-4.953664612532012,-0.0023460806593825,1,-0.779149575923535
9.922123296139446,0.0017449443155537,0,-12.082132406892068
-2.2609314665247027,-0.0026797583849258,0,14.428431533088474
-9.78772104911078,-0.0053766871054011,1,8.821637319452016
6.259397248713409,0.0025041570638938,0,10.160310055026063
7.503174654038297,0.0046964593494458,1,-1.7614496295202886
-6.723086760147437,-0.0014911767352908,0,-1.3656527398298852
-8.001156427440904,-0.0008309850162814,1,168.1664576333423
7.872733515030376,-0.0029751413111245,0,302.7952652967439
9.320606723298656,-0.0014153245088225,0,190.6400708265993
-7.601112640139382,-0.0026329036998185,0,-17.191506844809233
7.286570059465944,0.0040590110034514,1,-2.48302709229866
4.112054329887435,0.0007886837770734,0,8.845811696147017
3.2838222800159027,0.0013840939691252,0,8.479352796001802
7.3279152905423715,0.0024369192828491,1,42.136057111673146
1.5844693567574737,0.0015037420568036,0,16.95003738076606
6.400053154984178,0.0012630084124349,0,5.6166073366020814
-9.045489463064918,-0.0052304582586649,1,-3.30060521309072
-2.84766862492031,-0.0025482551310987,1,-3.9762091204695054
7.089953410100868,0.0010171755872177,0,11.558304864602407
-0.6384111107422505,0.0010824053341534,0,18.083700115961687
-6.634996999329077,-0.0020878578227807,1,38.20604871933433
8.912956258035912,-0.0006047473740607,0,113.18531431870406
-2.5046119666386897,-0.0026085187177057,1,-0.057795662647904145
9.704243143814043,-0.0022152104995839,0,281.49914270339616
6.780877604755116,0.0046157617874789,1,7.110247134921868
-9.368605705178965,-0.0001665156171406,0,91.20234738123318
7.21039472471708,-1.8818279781032247e-05,0,54.0156358787049
-8.170167268825363,-0.0040526593136966,1,10.810820568065138
8.228777119514909,0.0019229738002339,0,-7.298036833551734
-8.922761557688503,0.001929804357411,0,229.61651152725557
8.017902791872615,-0.0021883457872206,0,231.46829126905084
-6.694771565194007,-0.0001277798881884,0,37.944073037264495
0.4758317064429977,-0.0013444911780816,0,23.110963912312254
-6.442684231752967,0.002176894674366,0,176.3684366265265
5.089712040147445,0.0020246863103397,1,17.82332366255467
2.7884689604029305,0.0001857866962297,0,11.717980358165095
2.51972678647849,-7.483140426301654e-05,1,33.899765818190176
-2.67137183415477,0.0018006258113153,1,126.85661317213473
9.463788172759308,-0.0006255742115372,0,122.92964136723907
-5.651064058394002,-0.0025581618686712,1,3.6366988679738625
6.340366805111405,0.001333301062894,0,4.6238419699462545
2.3267373789071595,0.0007363389533804,1,11.390846929848744
0.2030329402651194,-0.0024356478381568,0,51.26100718468342
-6.044044198954626,-0.0026206216978491,0,-18.89951778480884
-8.118933058745313,-0.0041305339125274,1,7.6079898236388654
-3.423778160849227,-0.0006821778560908,1,16.291285543952384
-9.811586267202912,-0.0013795356349173,0,46.35759021427948
1.5016888605326135,0.0009375637366672,1,4.992876432319186
3.197335341769936,0.0033670521012488,1,34.517422531281156
7.395697818167772,-0.0017867447738748,0,179.73104309056785
1.5406628258225208,-0.0007176225607804,0,19.88008455542281
-7.840005901744971,0.002549988755098,0,255.74859638795888
-2.6801355723974,-0.0023526389096076,0,3.84428955943224
1.2048400216595925,0.0002330076163981,1,7.303435645315923
-1.079389033808578,0.001719241793911,0,45.69507919599557
8.71904490848781,0.0015496559334752,0,-2.6351800677354804
9.420959640881604,0.0015366831970339,1,180.88517654955072
8.476918607802304,-0.0029511178762651,0,321.21391653838225
-9.735796092753253,-0.0006081410275909,0,78.24813313167806
-6.453533621513254,-0.0016184476811437,1,52.854093114972876
4.694818162424241,-9.762636212411176e-05,0,32.91563751107792
-0.0776061522644244,-0.0030035354540654,1,64.08326283083144
9.05247279141625,-0.0004012487350819,0,99.54647106697087
2.0436592875687083,-0.0005748730280619,1,39.42654173268511
4.291972301188947,-0.0004232755783042,1,103.29161499162251
8.827397182297176,0.0011403022708468,1,188.54408193167282
-0.6866293753728101,-0.0012726685892937,0,8.957763967795607
2.8496140116721875,-0.0008259485569751,0,37.861527634691406
7.997836676205306,0.0030498552770408,1,27.54444941698565
8.190454660801752,8.343567722846047e-05,1,254.0292851851832
-7.763590362414636,-0.0022819427705539,1,64.83590556383439
4.9985234673060255,0.0001662162663179,1,95.58383451258868
7.261805321473545,0.0005579657230212,0,27.650389778072515
-7.726462475420261,-0.0026989373409423,1,45.148906857784766
0.3256420073759614,0.0021923076771931,0,53.72769814462134
5.960503726875125,0.0027612338441766,1,10.281564612312753
-8.38401998354259,-0.0006636002779656,1,204.32724730451
-2.291746281611278,-0.0027902048802351,1,4.9147308584915885
5.131924676916363,0.0027453998239631,0,28.674283969378354
4.088814765399562,0.0012701048831822,0,6.435054593630463
-1.982279971543285,0.0012691606331991,0,35.26451792818485
-8.367134642302972,-0.001473080567444,0,17.26382978646524
8.62325792936452,0.0012637049885019,0,5.662450864426001
-7.351797426156086,-0.0033553282368009,1,13.200530292669374
-3.1378910175900687,-0.0005911559177412,1,14.264423860085126
-2.1222595042140107,0.0007284590800806,0,17.631704735079538
5.623871835709389,0.0036916794008777,1,6.1242580021350586
1.9422168435614375,-0.0009290874053822,1,49.4606224978778
-5.641495208337004,-0.0014896254214376,0,-7.523080980861058
6.439775307589674,0.0043417444895792,1,6.648365119862042
-9.937940851992684,-0.0013727105745579,0,49.367290181151205
8.29565332492847,-0.0005295990529238,0,98.71927571722156
-6.461092115882241,0.0020450826447586,0,165.21732589542594
9.534843567095567,-0.0019808202066795,0,252.00741410743888
-3.856796856830562,0.0002877616904722,0,18.24388349754701
-4.578392430540879,-0.0019511533524243,1,2.3505531468424303
6.082422832536931,0.0016788126295674,0,2.544028829749624
-6.301730517586854,-0.0047274840731533,1,-21.193982363684704
-1.02813146744227,-0.0021977810455775,1,16.38708253409566
-1.153983728452065,-0.0005950043010138,0,-0.4782455790204603
7.243922604637746,0.0030631961268538,1,15.672762524749995
-5.977735652540486,-0.0021217578846237,1,21.012756306231374
-5.030022632330886,0.0014179010757223,1,211.63812088529895
8.646870052904163,0.0023797323844765,1,81.22007150126373
-8.320407828116267,0.0012980076946425,0,156.0119493740258
-9.040400545062685,-0.0053634804119569,1,-6.911071948595399
4.416424723916801,0.0017869062968902,1,15.214490871345271
-6.774145649933385,0.0006362928245745,0,74.72322406662039
-9.93495211797964,-0.0016087644081812,1,214.5861276937987
9.704030487250424,0.0034980096737803,1,38.86080692536385
7.346557849156639,-0.0005845612903459,0,88.92097112506872
4.377524742009912,0.0010866355269656,1,34.37069933503893
-2.7186699759031736,0.000390872527283,1,40.45071220189833
-6.505316093011277,-0.003173553660825,1,2.6269282758080124
6.708136160606458,0.0018506702017505,1,56.22091331082011
-1.1423164307591236,-0.0022573705168393,1,15.434844174089415
-9.941151098535393,-0.0013973925069683,0,48.44790061527077
-1.8565411820077744,-0.001394149091684,0,0.6586848054341345
1.616973718707328,-0.0001226682298962,0,9.529040795546797
9.104760073765142,0.0022162060982,0,-15.404910466021459
0.2749395851413165,0.0007817997127075,1,6.606934654191326
2.836740969549334,-0.0017394791050938,1,118.63980287626663
2.9999118984078663,-0.0009268210698087,0,43.45229817489584
0.6417307950314672,-0.0005014017131045,1,11.256601584215527
1.543489691591219,0.0030626056502035,1,61.78501723790379
9.738204761327584,-0.0013397022476722,0,192.15081749938258
0.8214184770954436,0.0008974023973859,0,8.150716790788012
-6.697530964514429,-0.0033629358513835,1,1.3500184433582039
-7.548750526571293,-0.0003431555229453,0,43.52188593559863
5.97759611524096,-0.0003578894579738,0,57.730050795198565
-7.216957930574209,-0.0001892174700602,0,44.02413735752366
-0.9033433764592615,-0.0030687624811284,1,40.70476096989105
5.370733617200507,0.0044475712867684,1,29.663679368870422
-9.588524368778268,-0.0053975392242825,1,3.4444944197754443
-1.2960322366466706,-0.0016147584980143,0,8.34406623312563
0.3673989984679711,-0.001640684109237,1,32.53823237227343
-4.853458781244413,0.0014692122593938,0,86.1397483845461
3.0010323629586217,0.000704583475276,1,20.781917407464217
7.052907900916047,-0.0001672726445434,0,60.30122061021339
-2.387088651266125,-0.0003726564458627,0,-1.642797476690479
-5.045194457706317,0.0004642733840363,0,37.69673637414059
6.036022665163017,-0.0015424312479237,0,129.94513778660811
-1.1294631216402244,0.0015769095656295,0,39.74031499756402
0.3338484831605743,-0.0019620977446932,0,38.298730205842624
-2.936246836905632,-0.0020061891292534,1,-5.80724804475049
9.288624260646362,-0.0016629129577874,0,213.77634614554526
-3.122914741407808,-0.002035078685069,1,-6.173658591870751
1.9898461789955315,0.0035110712982188,1,75.29799915631722
2.375548069214465,-0.0018936071618352,0,73.10517655879227
-2.20549214177127,0.0012130493501675,1,67.92827800776743
7.422671818732084,0.0001787154179966,0,45.8362079541824
0.6974094997599405,0.00206137260225,1,34.314988641749494
-8.529704698482485,0.0022131449131429,0,243.9597208856689
-8.717538847290292,-0.0008203789183681,0,46.09422351006906
1.7481166236675492,0.0008437367032889,1,5.982976682490978
4.04469248307155,-0.0015929122929386,0,91.58730006798254
0.8139238768119199,0.0003962097555142,0,3.984335855575652
-4.950535073440696,0.0007315753523627,0,47.92531326904043
1.203563960487335,0.0029130509032405,1,63.21049991530972
-8.41949450476704,-0.0033340300763995,1,40.900405529509435
-0.4499313275472261,-0.0020458323469041,0,28.16141421243193
-5.051278092565148,-0.0017391760924625,0,-11.393416761510862
-3.486610894998032,-0.0038741404777884,1,-0.297937109582441
-0.5223799247820278,0.0027672669348803,0,102.111325292466
6.765889401254334,0.0017891340148956,0,-0.02940193316869477
-2.2402673223721354,-0.0018597615960604,1,-3.083901157988855
-8.95618839837984,-0.0022023157567753,1,117.64842491334994
-1.874597301157641,-0.0007518818377603,0,-2.6630179397501195
0.4079689744576225,0.0011673429581061,1,11.9787441419477
8.921793769777477,0.0020370656852777,1,116.0305125691898
-2.129990724822008,-0.0014164495101043,1,-3.376683044030398
-7.485887981111872,0.0007152113017267,0,94.55710437795057
7.652615910045057,0.0045003757429374,1,-4.783078612235181
-0.4069077780870778,0.0026872774899396,1,103.442784012499
6.19128959471459,-0.001912520603766,0,160.28586337196805
3.112539954121388,0.0018592844184287,1,6.566325780760375
-2.3755127281694293,-0.0005019380307319,0,-2.6610786102023365
-1.4384925206974195,0.0006367221350711,1,23.097825376214523
-3.5433234238191678,-0.0005064253905777,0,-1.008366373891333
-1.9487608220303516,-0.0009657850063713,1,-1.779283252396958
-5.348946580937611,-0.0009554789072403,0,-0.2839817133902973
-1.2419562182311257,-0.0023270403977965,1,14.945485328287301
-2.966648290394371,-0.003665754469614,1,5.816951139341749
-0.0863387224055163,0.0009454577226227,1,12.46147283923754
3.9770195474250265,0.0008140940125823,0,8.280280188612483
4.146715546652724,-0.0004055595327185,1,96.77823513524487
-0.3226821797262165,-0.000872153041311,1,5.1532876871180475
-3.0912691102393914,-0.0026158372766235,1,-5.521735708276466
-2.2784311625066245,-0.0004169807141755,1,7.248730229230777
8.892525936272428,-0.0015951159056761,0,198.09923199830862
1.671424952152151,0.0016094447351956,1,9.078470209242404
6.9306570521924336,0.0003164275193258,0,35.57404786244018
-4.247160329897848,-0.0015363595692581,1,6.869488502318415
9.269819128052148,0.0035129867221783,1,29.07095244903851
9.188144024562911,0.0022913156750918,0,-16.548262425208726
-3.8539928580440286,-0.0019491932993094,1,-3.8676172136303526
0.4936660161657187,-0.0010280331456866,1,19.32466291219929
-8.252337209569076,0.0005358517164083,0,102.28636621966567
-0.7607202812679965,0.0009704595990185,1,22.349548410247035
-1.3536888840431605,0.0010266903019722,1,35.82455741634948
4.223144037029847,0.0028751189057839,0,44.66956147956282
4.276220015400693,0.0009759054226005,0,7.385668334654855
-1.3609656524954836,-0.0001343303798032,1,4.210262669264548
9.334016261707172,0.0014569223624506,1,184.13340130594088
-6.916135604394514,-0.0015648605900985,1,70.86225528130666
4.7883547078852295,0.0019982481528066,1,14.87413146313134
-0.4030315202440384,0.0008545045448,0,11.3003519779522
9.85414180865902,0.0032105015410829,1,60.743028798237845
6.505804191877626,0.0026655404237168,0,11.842215619442884
-4.705694867525823,0.0016857826056336,0,97.42479288969923
-1.6578655457716795,0.0010536787614419,0,24.319176554155906
4.081552460307002,0.0002698693586171,0,17.561621773039775
0.6625156523725355,-0.0029119390725604,0,79.02375360025255
-6.266454839114404,-0.0012068771825156,1,66.8626252291306
-5.922641925274061,-0.0012092089690479,0,-1.4722760474317016
9.248384709087276,-0.0024655610231966,0,295.05480463861466
-8.60761926426286,-0.0007156271906987,1,213.00845332898422
-3.1557965231157663,-0.0010303046574948,0,-5.999745748984566
-6.109904726900261,0.0004810731966064,0,54.57641261950462
-2.031248624507949,0.0014150659052987,1,74.40811480922122
0.6099244111608364,-0.00070374624189,0,11.158933498742245
2.572986349781285,0.0021236820221891,0,29.08910506261426
-3.385635818821324,-0.000434419104816,0,-0.47306766260440947
-4.908829606034124,0.0024911196160491,0,165.60636213862367
-3.8550425262903554,0.0027869900240282,0,168.32116403366572
-2.5015376047606663,-0.0003053361718431,1,12.480411069859057
-5.225472320254565,-0.0005276424590242,0,7.93570587868211
-1.5501745652052978,0.0001115742948324,1,10.397957425881408
-5.630678028195,0.0011651522244987,1,220.43133104555224
-5.305917879722668,0.0012890642652322,0,83.49371606915633
2.589780217412594,0.0007863125948322,1,13.457229200254874
-6.32182361732861,-0.0022350404774922,1,24.97145071220024
1.6707525542977173,0.0030935319115033,1,59.82552457113502
9.22904855811013,0.002163244020937,1,117.85710026826146
9.135489245266314,0.0029704699695097,1,56.92636273085284
-7.344501812541044,0.0007471771814438,1,284.2673764343848
5.864174927869234,0.0002819348939006,0,29.185243215466738
-5.438966247745356,-0.0016982095933949,1,23.13801283069132
-6.846648036272116,0.0009696572826756,0,95.49540069621898
-4.133005951713451,-0.0026443193759116,0,-8.513391999114253
5.646968550340931,-0.0005889952729246,1,173.97790459471258
5.50962399457414,0.0012043900178258,0,6.232699547207394
8.74298091743097,0.0016228571726597,1,142.30302954448968
8.964651996660738,0.001675761217587,1,147.432365601813
9.299401726972707,0.0051489780883359,1,-17.82782828144424
0.7960288775496149,-0.0006231722149377,1,15.724943682303941
-3.894590359438213,-0.00018506259688,0,6.323146218965204
4.396193297518229,-0.0009615432071299,0,65.37504734840333
-9.00625997895418,-0.0006425813990099,1,245.18073035170352
3.8798918295001066,-0.0011850193340384,0,67.74922484993101
6.911829507091809,0.0004380174815883,0,30.389112812461452
1.8670800042887377,1.6661188166632065e-05,0,9.141633097623265
2.690879415138266,0.0009385360302468,1,12.031237820344876
4.60962630325098,0.0024584842164704,1,6.950241098765092
7.624648707356584,0.0051331175272468,1,4.436113475427252
2.213704926450802,0.0027754477364547,0,63.71774477036118
4.413677256651701,-0.0007283273218942,0,54.82567576109612
9.618941574757546,0.0029511397883762,1,71.83874768914731
-3.58589742912092,-0.0027777338980284,1,-8.03290021081611
4.202899859254938,0.0017919471521702,1,12.881496679270317
9.518408052661258,0.0004856439724698,0,43.88314093691127
0.2612644408045845,-0.0004171157176469,0,5.0653260346270255
2.8237746683182063,0.0002349906128401,1,30.584113421664988
-5.349721345574632,0.0007181907030233,1,161.22428817256719
8.910086612778091,0.0052466568763286,1,-13.848121184809669
1.7694390505219673,0.0005532456286165,1,8.566232170600045
-5.053039088600208,0.0003977589384571,0,35.13500390116071
-0.6564089353893401,0.0002554169749669,1,5.1438913767443815
7.54164496105215,0.0003559342179891,0,38.17343280817775
5.295921738249245,0.0027562785113227,0,27.335753363603093
-7.090834948412768,-0.0006282958603897,1,137.53377726883642
-6.09659819794267,-0.0026826765602587,1,7.590861672216117
-9.946806380892424,-0.0010346810811722,1,269.0826301272186
-1.085948535769143,-0.0001778522236254,0,-0.09156453376885931
2.755753671762889,0.0010422358385303,0,6.821539273874246
-6.602891174318235,-0.0012405265717256,0,3.0540592578102803
6.227188613274485,-0.0010450697502348,1,241.60030552872416
-7.781017008084659,-0.0037205509117832,1,11.886797163333128
-5.437534748665975,0.0020976961883681,0,144.02781477650106
-6.124535900738617,0.0008618830856394,0,74.30681121449689
-6.3054318549944455,9.243458546918353e-05,0,40.694078717567486
6.984933338469446,0.0029567401945001,1,15.78133094975407
1.6912420807185633,0.0001019925400451,1,14.61709456475488
-9.966309272779345,-0.0032007908687078,1,104.98138916633772
0.9172002038718468,-0.000646708188139,0,12.723787898250725
7.638848746133156,0.0045299307407471,1,-4.556792029444179
-7.298843362722087,-0.004304010732699,1,-9.47247065228836
5.314936268867552,-0.0020014434543976,0,145.14481169444377
2.375737113174756,0.0006899445421199,1,12.656130402967195
-7.058749231518822,-0.0023103705522114,0,-14.099893698597871
-1.6135462405390817,-0.0024894779124311,1,11.254633350842909
5.074154297238243,-0.0010238772575655,0,79.4932142080452
9.59654280049464,0.0046553691566951,1,-11.388688241834986
-4.430136442636905,-0.0014062549976498,1,12.789373020166925
-0.6540005388030323,-0.0005315539931942,0,1.3126224104348068
-6.946759365218654,-0.0008934179126468,0,15.584038925253134
-6.19211639271303,0.0014424392544609,0,111.76849454650548
0.1320471473422007,0.0015394938854581,1,25.82700659401924
2.786155830149489,3.611325322053219e-05,0,14.227794297505081
-8.139152925281415,-0.0009717864718371,0,30.033390499035736
-6.306473803518755,0.0017603820817103,0,137.85441979595433
1.4242841629984166,0.0019421800434555,0,31.710064620937295
-1.0500290207910865,0.0003925089736581,0,5.1860743013285795
-4.329101332822436,-0.0004804738511697,0,2.816243016834419
9.616990117649197,0.0004420743528122,0,47.07619067358266
0.767220481351627,0.0022431011442973,1,40.453590885880296
-8.597702658795907,0.0003481616450666,0,99.94086692904003
-1.6367032316596628,-0.000669516520836,0,-1.988326004655514
-4.389604426229033,-0.0016835401502749,0,-10.507672797532814
0.5426066917508301,0.0004342727678547,1,3.3629114166551197
1.6890437869289148,-0.0012898234631037,1,56.000230808495395
-2.68866995087288,0.0021253354872506,1,156.24517079531444
4.794524054311802,0.0008247327763593,1,54.828713190419286
6.699445457522156,-0.0028433379189641,0,251.0544271371655
-1.2398130641937255,-0.0024601978491963,1,17.66260313015627
-7.531456511301176,-0.0010499137035648,1,127.78067079260029
-4.814139778510298,0.00067906427305,0,43.62022585860307
9.95921392384322,0.0012258041253218,0,6.586862160917477
4.278690305822968,0.0029764273924879,0,49.17019554484076
-3.3806338503115523,0.0001349970669359,0,10.411501579212198
2.701225298810714,0.0007190835568681,1,16.11613725270749
-2.415839208707151,-0.0025045430224569,1,-0.058223779328313796
-6.807541209074328,0.0006139301567349,1,233.93551191517858
-8.335536902380081,-0.001099111460134,1,164.54046678153998
6.014595695730897,0.0005061947795022,0,22.580705405224485
-9.358622618526711,-0.0001503853970116,1,323.47788146434334
5.65383489238801,-0.0004521342910898,0,58.36943024678055
-2.343805017247835,0.0014707752440572,0,48.23171161600904
1.5933408011785684,-0.002434837692732,1,102.5766098650754
7.791897342047239,-0.00070384917214,0,103.63934624008007
6.487760988186626,0.0003979431767829,1,140.1524309889482
6.404931806986021,0.0009644466123165,1,98.02556064976272
-6.968888912090943,-0.0024700138339313,1,32.654337042887434
-4.258079789176259,-0.0008470257975105,1,26.871350673663134
-0.3040492914177868,-0.0010606978700689,1,7.76188027006099
-0.2224551717031726,0.0019806781322933,1,52.406994802732015
8.417949434643994,-0.0008779101820672,0,126.75092793152848
-3.5708048859179105,0.0010292111260295,0,42.73570212878663
-2.218746206345477,-0.0009221068673166,0,-3.6440358818291765
-2.7907461214471674,0.0022673197628017,0,103.00686188515212
6.913170394777183,0.0002633649417485,1,169.99720817383215
6.0122860169544765,-0.002623029638777,0,210.86021116686968
7.545505427613254,0.0041291969663672,1,-3.5888375514073845
-6.801617254591836,0.0027359192928469,0,242.31556430365814
4.570816987872053,0.0016085704090471,0,6.885512868433158
6.69566578137816,0.002537219350904,0,6.952268845101348
-3.5000740273280684,0.0009129502424873,1,94.01277040119106
-2.299540160071613,-0.0025012307087296,1,1.2764980445181895
-7.923627377483449,-0.003932182749406,1,9.005548698403313
9.980217174936374,0.0043880183274036,1,-0.41431555198694436
2.9197026943621385,-0.0023963143800704,0,110.17320482858864
0.0188390336401038,0.0027998780824242,0,95.99183886260539
7.38481618032354,0.0011247979101571,0,9.122632059479256
3.796199457220464,0.0025589194803473,1,7.574092812770945
1.6458742070874912,-0.0004601758833944,0,15.307972523001732
-9.225655297585796,0.0023459114873601,0,283.03144404179267
7.899622279195341,-0.0014160731682918,0,160.34659691391815
3.020673910209375,0.0035255543953106,1,45.7819729679344
-2.0546407045497546,-0.0005319348239053,1,3.2229959975930393
9.837180250524174,0.0029950723462395,1,75.323593666524
2.0854294335296526,-0.0015061509846881,1,77.90337794756348
-1.3934682298196304,-0.001847545922755,0,11.126439026463363
7.686325387181981,-0.0010527722049676,0,127.34897656713426
2.354916933901624,0.0006198768143364,1,13.619281763173971
-5.567151280747709,-0.003984398896711,1,-15.861625660029464
7.116243665029682,0.0050274432793247,1,11.667225287085369
9.58865781952268,-0.0021489167287496,0,271.1547853803562
5.208313375101749,0.0022889114776515,1,13.128574655706927
8.523980802976961,0.0026831630328517,0,-8.726217542888227
8.565813633352391,0.0052836276522351,1,-8.779559125387548
7.457674615347617,0.0027702829427019,0,4.486494877178145
1.6240048627016197,0.0033236649954425,1,75.24762642160928
-3.602737208086639,0.0022804788492615,0,119.14215993610239
-2.4578453034344587,0.002239866412372,1,155.62613126256468
-8.349208149173226,-0.0003114892972238,0,60.24963058957175
-0.3021228484721519,0.0025629029095678,1,90.35534656801897
-9.134431177484856,7.609272293850394e-05,0,98.30288066408912
-2.4748473240026474,0.0021291529784354,1,146.263947525472
-3.4046840196815413,-0.0020523685643737,1,-6.253918796409643
2.0047005654251304,0.0027927773956051,1,36.61089739837384
7.498008993553679,-0.0025980379830792,0,254.33796707486923
9.66376067357766,0.0020985158490588,0,-18.26343603869376
-2.659382131230144,0.0016610044827349,1,115.11381169595234
-2.013707075970337,-0.0003555829883319,0,-1.6310723259726796
0.9956622140966616,-0.0025440857771551,1,84.28446459584939
9.162100348588226,0.0025294164206987,1,87.46165607055136
0.727279346373642,-0.0013490023466487,1,32.52292935985665
-0.3123450702694015,0.0005621261073142,1,7.325617449863228
7.576128216701655,0.0032865610504428,1,12.613751189490387
1.795782922523328,0.0005485625387698,1,8.849806051142266
-9.02889784493636,-0.0006188897954183,1,249.03619238052815
-7.5698366357566975,-0.0046442173864146,1,-12.661586552621824
-8.77388270907195,-0.0019727479095324,0,8.273054376352045
3.464830683190208,-0.0015824134557991,1,137.17233903329407
6.121378698870526,0.0022610651090763,0,6.52149511132882
-7.987465558684555,-0.000589512287964,1,187.880910947686
8.445075660919404,0.0007068937684942,0,27.029125870812116
4.48924833245572,0.0032851818068143,1,11.29941753486473
3.676763498975536,0.0008880132086597,0,7.207754247819287
-7.879365695529632,-0.0006589328774803,0,36.97440723803671
-7.924294816399085,-0.000606129327829,1,182.86424632409236
-7.843875554259085,-0.0012498460414828,0,16.643587339058367
-1.003161178059031,0.0002934065988672,0,3.7265028220424465
0.5180011233905901,0.0013859969715575,0,19.72948204982629
-8.611881904726395,-0.0055640541078141,1,-18.592998412198106
9.318701978897106,0.0028528621357296,1,69.69949436027866
-5.228038073969237,-0.0004597167494505,1,71.5636615684148
2.779016757929611,0.0038200859583983,1,69.19211539227871
-8.099185353451563,-0.0027819190414133,0,-17.513826226691688
0.2197570105366342,-5.2330724317489446e-05,1,2.937623082706726
-2.1975802335787664,-0.0021731108437174,1,-0.7682588375347721
-5.720158133548246,-0.001331899510635,1,43.961934273591574
-8.989516692013384,-0.0028659525442646,0,-12.900106187467093
-1.2987809890006456,0.0025233530353937,1,127.17952007486917
-1.5279517557900046,0.0009994134153781,1,38.60399693977509
-2.1447133738501245,0.0002363001572165,0,6.092681639954906
6.041239863216241,0.0028988884045968,0,24.440836965377258
0.4475103061724752,-3.3124283054098033e-05,0,3.3965985903497113
-8.73492099442538,-0.000946686905328,1,199.7898332164065
-4.0632851708471645,-0.0033962357841737,1,-9.674262248642625
2.458268417534379,0.0011774498013003,1,7.40867634917151
6.259710037824277,0.0041549162706045,1,5.772385263138561
-2.5993560230844936,0.0006343336187697,0,18.348056788418905
8.214655448587934,0.0025270671429663,1,59.16506879157733
0.5468705894820971,0.0028777729329342,0,93.59812392227661
0.5694955806810036,-0.0025026422121436,0,61.08902593768248
3.838860271349416,0.0039217098849171,1,43.99007201263049
-5.122176515353969,-0.0003109493153967,1,76.34838613024638
-0.1901581168388624,-0.0021208376115786,0,34.33703395774746
-1.2199805309729168,0.0025186122516773,1,123.35631977637439
2.174230177004546,0.002568992860515,1,25.05828824439411
9.877744059503986,0.0004160350341988,0,50.24327341661212
-3.228062985155262,-0.0028180809124014,0,2.8679588607391495
-9.430607025822022,0.0012272565388909,0,185.06481815951244
-3.59299703015661,0.0028841034502125,0,171.6143898770497
9.107780223732714,0.0032450109419689,1,40.05781306522798
0.4119347730207057,-0.0005055044081655,0,6.901661488916382
2.4914767860948555,0.0031397226242237,1,40.67247494794129
1.483360769923152,0.001046856149772,0,8.695728574845273
6.739750040170712,0.0018209996754519,1,58.610701311453916
5.921016981236502,0.0024619907008848,1,16.871563437239438
-1.3263854615919612,-0.0016117027342235,1,2.789079206800241
4.81496205571554,-0.0004229372712333,0,46.738534406991555
-0.1248075529079031,-0.0020305859090096,1,31.8037010903083
-1.132507830209292,0.002455302199378,0,89.12330717061684
-4.75659677481644,-0.0005804376799686,0,3.3711192171766085
-3.644764883793843,0.0017857440660585,1,172.32657919437466
-3.881500434192288,-0.0006515176064938,1,25.805192619713175
6.384453159310688,0.0023070373282554,0,5.319456237834601
8.47394948008322,0.0048374535391818,1,-10.741253079224498
-3.65511413913074,0.0002347462231356,1,58.49707578377809
-9.34109900706326,-0.0003328812249925,1,301.1102054591493
2.923212496629116,0.001258316760198,1,9.673541179113183
-2.0124354956237545,0.0017443037532584,0,58.02387815518764
-7.421831130196286,-0.0037658991559784,1,3.8089126784390115
-3.762822299106685,0.0003083728459155,1,65.8212005026946
-9.7865569933617,-0.0025959892389157,0,3.9725590928621206
8.679554707040396,0.0009368257308158,1,199.86089247319399
-5.137556362212752,8.528500327490732e-05,0,24.728992478056334
-2.798129691524675,0.0017730479644561,1,130.19173065697072
-9.0127383963791,0.0004445750562204,0,116.72080363422072
-8.305895283253983,-0.0041113516664053,1,12.084047471999728
5.965998083718752,0.0024744077880161,0,12.040447950933286
-1.6630815128745464,-0.0006597488931604,1,-0.2252366065105158
9.247843699312304,0.0005287106049815,1,271.79600087463496
-6.285231835959449,-0.0009157978328477,1,83.60587182513311
8.432985895996953,-0.0013086267113032,0,162.44251409165446
9.236424196825745,0.001374086223089,0,1.5426161534975786
-6.509375619231285,-0.0008904844272839,0,10.721506635680406
7.624803933437697,-0.0001051839382681,0,63.03618775773306
4.552429198338842,0.0021949437629979,0,16.33203002571277
-4.986282848732504,-0.0015430031493294,0,-9.742093742122032
9.734719329210275,0.0004094114549542,1,314.90227117051376
-8.224640465482466,-0.0025157147743546,0,-11.117922616147197
-1.7452823510699815,0.0019176084006397,1,97.85747018259289
6.858050303343685,0.0017444436375263,0,-0.17657948668122092
7.602814611458591,0.0024046089657228,0,-3.068186741127654
7.807225957308471,0.0037729303388778,1,1.7669216307128974
6.114919263901047,0.0003102178062001,0,29.95045888174137
-6.571031374584262,-0.0027257051408143,1,15.147337149760043
-7.493520362089554,-0.0022590862033698,1,56.75346636792059
-9.648851129891,-0.0022808347979839,1,146.4249993238447
-6.458803831205044,-0.000901566668192,0,9.906494449559304
-2.334863347984692,-0.0013697119998069,0,-2.69028184873369
-0.7281810057419484,-0.0022639685078516,0,29.40738904399964
8.80315590701261,0.0021971592051556,0,-13.001836824019051
9.824329930268934,0.001449311909258,0,-2.169426347239934
-3.772670494181192,-0.0003176408876997,0,2.988678431739264
-9.988369319646926,-0.0026071944771939,1,141.9511122615375
-0.7644955653288399,-0.0010643657356175,0,5.354428549637856
9.063550068688428,-0.0004728609200786,0,105.12269200245149
-3.860872551317134,0.0012158306006289,0,55.50265708712737
-5.200837293189995,-0.0035789167901392,1,-13.447985903958088
4.183250053687821,0.002156231998069,1,7.868073020888309
7.826777532612514,0.0030534957993168,1,24.46002340734277
-4.427322868013803,3.999034121239845e-05,1,72.55074689672921
7.530363745369364,0.0012707163834235,1,119.75501299186834
-3.819945587763368,6.29474206397312e-05,0,11.674077846342884
2.0142886785772878,-0.0023726568613891,0,87.43404975311452
4.078336742587375,0.0017435193132379,1,12.538975938534717
3.985375461723997,-0.0007392317168611,0,49.457108755056446
-2.2419761267619105,0.0002938416864178,1,26.195410829151204
6.513010035474654,0.0018733636879137,1,50.097052346492546
-0.8679363799954469,-0.0013023558341556,0,7.729844135810806
2.5084747798980125,0.0013158701169698,0,9.714380935675216
3.786359674937742,0.0023612745667318,0,27.410859695819955
7.701213960064518,0.0038707344029719,1,-0.5236118812726911
3.485124441025686,0.0028380075236748,1,13.813669779740989
9.471128655570851,0.0026365811378189,0,-19.53557059997576
-7.904000828470274,-0.0039013827541203,1,9.442294922696679
0.6444638775730276,-0.0021592354420445,1,57.115260709121436
1.4337166653811284,-0.0016762895366923,1,63.43471776414813
9.490645897353811,0.0014326718109852,1,194.19068449865256
-2.6799312510515243,-0.0009144748599088,0,-4.838947278645238
-3.796225598547069,0.0003356785382585,1,68.43710643956533
0.8819085888309086,-0.0003884366957803,0,8.481664711617942
-0.2780012677218479,0.0025062512094804,1,85.55482075247178
-3.217137987280587,-0.0024185750729015,0,-1.299933427040136
4.305182747038167,0.0028558389625248,0,42.75767122782022
-2.9566418220338804,0.0003502392601198,1,44.61762581324082
-3.6088512540660016,0.0028866233303675,0,172.22255592757372
5.186064597130606,0.0020636285356437,0,9.455471435354657
7.220403011664725,0.0009751755377029,1,128.92669768185013
-9.08454349928819,9.687454079920556e-05,1,332.4818047976295
6.155100521365469,-0.0007901694684524,1,216.31068577612152
-2.4275309930193467,0.0007878450839865,1,51.48257905442766
5.970405663179982,-0.0027201768862903,0,217.4236277894689
-8.746885179503376,-0.0028172483827641,1,74.59561065833392
-8.510802195425892,-0.0051699824613571,1,-11.08072194762416
-5.653414652916268,-0.0033839825917359,1,-10.078273451824336
1.8650762144618651,-0.0007142159130704,1,39.777762409710846
-6.811860833874828,-0.000483779374499,0,26.686778918443967
9.926319439026711,0.001339964370135,1,226.1308295047972
3.119952279075392,-0.0015391567308742,0,71.10622388384559
9.735310471710498,0.0056700937793796,1,-22.045728815453803
-3.0326727212773363,-0.0020444370317826,0,-2.891004524345763
-7.06959965895702,0.0017103285031475,0,153.4634075179612
4.933369229684173,0.0035979630017585,1,12.015346183694787
-9.479001297232214,-0.0029579301180902,0,-10.465228953669225
9.078250524472072,0.0017271274091277,1,147.98652789711886
6.756789821864444,0.0028626768365947,1,15.81364877143575
-0.9753932471554628,-0.0016281974774412,1,7.234780803804982
-1.619331885833457,0.0018517459104149,1,88.54202638325364
-9.778634614832376,-0.0056634730000385,1,-0.21229806248073801
-4.4964411754526346,-0.0017303289801587,0,-10.894490709422081
0.4369936350230059,0.0016275409449924,0,27.969532988262422
5.256447964237418,-0.0025447734647047,0,182.4500165860957
0.0449466905218471,0.0001791052548212,0,2.4927748681660917
7.000414115602009,-0.0012923796255625,0,132.0902615512705
-0.7361629679123478,-0.0015174377104758,1,8.86754107503061
-6.7603846757267405,-0.0008234812601118,0,15.372810853839372
2.246946117539629,0.0004524752969266,1,15.374002401211074
-9.620007925304792,-0.0004829567841967,0,81.44277100164317
6.484492009823335,0.0017990659450026,1,53.01751198188377
3.332293928325868,0.0025103394576048,1,9.796969360274861
6.580334927788197,0.0047556249553238,1,14.365402460324615
0.2048650122389155,0.0018277173104858,1,35.15637694209155
3.064564123823281,-0.001929705557949,1,139.47759059270135
4.058031869881052,-0.0023457300686862,0,136.0300933309428
6.149853231418401,0.0027979482657664,0,19.58673001308726
5.032503414403369,0.0037553010869665,1,14.081195940818375
8.905029813622349,0.0007244809566071,0,28.063128263821206
1.5629614119413322,-0.0017383335916272,0,51.55048649375404
0.6504200047604076,0.0020583014587763,1,35.16902751876614
4.7257857460075385,0.0018197906085916,1,18.22416236362312
-3.4521202266979367,-0.0009975557728477,1,8.577613210051034
8.391410416327442,-0.0028448461929077,0,307.33075975207817
5.445211225267956,0.0018938341769572,0,5.869628677096381
-9.228595147189653,0.0028896229367235,0,346.53724173416913
-4.077101785428965,0.0017179496673674,0,87.91671566586933
7.763857916729549,0.0046005318266708,1,-5.325122402204534
-6.026366673474948,0.0010165936759962,1,228.56231312073575
-5.730108195202462,-0.0002330703294726,0,21.128300975931097
-9.531879488089338,-0.004975882626331,1,15.04856009668947
-9.580139652504728,-0.0006641891383373,0,71.74457487926153
9.7841477577613,0.0028175242750455,0,-22.169732251790023
-2.2268503193791584,0.00266590246868,0,123.68260201747577
9.502771759706896,0.0005886812906489,1,280.8236726898849
8.85835195323643,-0.0001441309706363,1,318.4378680349402
3.57963938554126,-0.0009587517440845,0,52.915704985329654
-7.416935454331441,-0.0001769126990743,0,48.047575232665636
1.3633231918948514,-0.0008938201946203,0,22.26539586680602
7.593719554270862,0.0020406970653647,0,-4.546967854031304
4.59699439459037,0.0032709855487237,1,9.972377199323935
-9.068603906075545,0.0020350134351951,0,244.9883975816773
7.928266282492519,0.0005970155894498,1,192.21383174063686
-7.0748587448751765,-0.0030432750896057,1,16.358706579582538
2.167077083004454,0.0030841944246205,1,45.93410840652001
-3.392366186701439,-0.0027749357318805,0,0.312224927011685
3.35528030936138,0.0026286184407445,1,11.334045921937388
4.827452128521962,0.0027862553803817,1,5.658295454857557
6.937382343185018,-0.0026820334113949,0,244.4287222183057
5.2035982136793,-0.0011186571992214,1,190.88979780046182
-0.1308625284415772,0.0007273686013699,0,7.976874926965865
3.9712305667715455,0.0026791378843674,1,7.6673487635462
-0.1930492296125194,0.0014477428143657,1,28.498461652985743
7.837587151723927,0.0009146318307326,0,16.517197534051178
4.508469506596269,0.0017330352244419,0,8.259628275601532
-0.238364871099284,0.0016728177921374,1,38.2991481729323
1.6061986088325604,0.0011362641404301,0,9.647907285177919
2.2797960916985005,-0.0002390993223883,0,15.97088211493433
6.497859604480617,-0.0024313586374048,0,209.5919282446394
-5.624527156638082,-0.00276559993517,0,-18.48161096714317
-7.641561900921017,0.0027037085461879,0,265.9545156363556
6.243478419707095,0.0016194655651153,0,2.264433205618223
-0.2859559212648968,-0.0008219217168004,1,4.967300908416098
-4.755495032470487,0.0021058220072819,0,129.22291207974857
-5.679162255937975,-0.0021920735845034,1,13.04531957040175
-1.6784713321628395,-0.0030358472171886,1,20.514087196162183
-9.451812138071103,-0.0051852899653037,1,6.640955937266608
-2.649193425567762,-0.0026483542918118,0,8.341470564727409
-7.894912653003954,-0.0018790633285506,1,90.91815297849914
1.7831118924973772,-9.60518555172853e-05,0,10.148983519288873
-4.480709725029801,0.0023224865255707,0,140.8861909528567
0.9789018277606304,-0.0028359616416416,0,83.58683354114095
-1.6497662510180806,0.0020583216296576,1,104.54141126964706
9.778794908542569,0.0057478060627202,1,-22.12866601351581
0.9002870325061494,-0.0002253257120874,1,10.11248208119056
-5.41058182118864,-0.0004922865981677,1,76.10193451449797
-2.4602849063329746,-0.0008135707182204,0,-4.168521037430969
1.4516249402980923,-0.0001741894397628,1,16.655818941500755
6.851746769334625,0.0020052888722561,0,-0.46549119577439146
4.515801773307654,0.0019428139258478,1,13.163265663304042
-2.506859394925498,0.0022254659992441,1,156.6825791260075
5.613425005331187,-0.0014106505684949,0,112.35118067263375
2.4673397403265653,-0.0017721787381049,0,69.46125826831226
6.143562127833185,0.0026083505889104,0,13.858402564800885
-3.146156006250256,0.0024045509901475,0,120.01707044982089
7.96446141266993,0.0029956547180546,0,4.262353450397676
-0.9160011118529194,-0.000161100277767,1,1.7551096656310587
-1.0960925625330995,0.0026536234593821,0,102.87518598913454
0.8335421069694409,-0.0001996084023158,0,6.085643210498062
-1.9696672397278971,-0.0006098521979677,1,1.5869048003994293
-7.099018169928688,-6.307889724304558e-05,1,184.73513147032756
-0.0793692211010004,-0.0024329413306489,1,44.95330476259238
-5.222214252248283,0.0002415085224448,0,31.315843560593404
1.1930148589132212,0.0031906178322343,1,80.97388529598612
-2.593201974238914,0.0022840671973229,0,100.77137953835376
-1.4673432560739386,0.0003350356919929,0,5.441865546198313
5.505053118737333,-0.0008143863322166,0,75.01800903825375
-9.196743302639604,0.000882782514248,0,151.35912303313472
-8.936622609792904,-0.0041027427221283,1,27.940910219836997
3.083191882749073,0.0011569027638292,1,12.562387569465887
5.173689279108618,0.0020255626888392,0,8.922443764513508
-4.674089339325303,-0.0002847137032482,1,62.72538878779859
-5.104045636053705,-0.0042352786864093,1,-15.622131190963323
5.297904025639475,0.0016603451863598,1,32.305920367071124
-7.16352108665669,0.0006634297934395,0,84.3462821188811
-2.7994369705255595,0.0003436799215055,1,40.36350828980898
-7.449218284794998,0.0016712700488632,0,160.68091708754798
-5.466977502593355,0.0017756135992656,0,119.4885487353657
9.897746328011198,8.003084706154616e-06,0,78.49398521094938
-6.53723127541052,-0.0005581778092617,0,20.618165470295832
-2.158943009519212,-0.0004850249499399,0,-2.484540145107853
1.7789928516490576,0.0020696531966668,0,33.6680646241783
-8.84209238250019,0.0001882006237683,1,325.29691239326365
9.505554228052269,0.0044669079525257,1,-6.681979562531106
4.508419812768308,-0.0001740447517073,0,33.816594094928064
7.294909922438407,6.61627516917081e-05,1,205.7190502117745
-7.994482440753472,-0.0002863985009318,1,216.15649190916824
-6.273473933975691,0.0005401106642208,0,60.26580811607061
-8.390936007671952,0.0009150064878539,0,130.22473018574166
-2.027260903416757,0.0025353549020112,0,109.67820681329462
2.1382374085611744,-0.0028466182208459,0,113.7654989022009
1.908430079867172,-0.0007657785503964,1,42.6406022052022
-6.747403301516403,-0.0006624917073271,0,20.023593035155216
-5.980661655702743,-0.0036994901476596,1,-11.904618451494295
5.844581731500467,-0.0005572699896271,1,181.46637919656743
0.7547439398762101,0.0004836005809858,0,4.284204247141274
1.666633972532949,-0.0010394968212879,1,46.00681327463693
3.0946350212057343,-0.0017250519527831,0,79.4811789112824
-9.032672758193714,0.0011713334804662,0,167.8014124411917
-8.755252150486728,-0.0006384286283272,0,54.36161951294229
1.5031916070791596,0.0013369493092625,0,13.557750046455505
-7.350483541660287,-0.0042412345672039,1,-7.636541673627923
7.643336755124906,0.0011801412401096,1,131.1097647831204
6.664881103178569,-0.0010532412617189,0,108.87140355070608
1.0038351277873314,0.000731303393495,1,4.272343352683956
2.427851570653612,-0.000505266118207,1,46.674054006242564
7.652265721072833,0.0016346190011249,1,98.53174567293325
8.715846225477115,-0.0023964788938223,0,271.8388767211711
-6.161253146596433,0.0003736814989865,1,172.8939181537701
7.432033605790878,-0.0016205183259827,0,166.8443466928341
7.300261288539932,-0.0003721916008568,1,244.94679880463255
-9.267125619709295,-0.0016387891569786,0,26.278666304809732
-7.9842884722111425,-0.0053403884014208,1,-21.226451668844792
-5.026790644409185,-0.0019281438563496,1,8.925922558600739
4.997947471482862,-0.0011152815854665,0,83.20149592535404
6.424328506814359,0.0020564504888426,1,39.64443296194303
-8.53002514506787,0.0029757528038166,0,329.9345822505404
7.975448725678792,-0.001291469099216,0,151.6798563761274
-7.835036457812629,-0.0024487464431883,1,59.45619641833126
2.1442900878836912,-0.0029869410306315,0,121.15925356669581
5.6410747117013145,-0.0002235361327213,1,147.11121283471152
8.89938131853916,-0.0026016554632208,0,298.64704336298735
0.7129390486874811,-3.1457612357961946e-05,0,4.321476971146565
3.115026464559488,-0.0001627031028277,1,51.72610727924041
-6.630297105956911,-0.0031694183363008,1,4.689235025085999
-6.951019577015698,0.0004455511241528,1,225.2159513785942
4.462200658721187,-0.0010225685334521,1,147.62130226155597
4.200751983917304,2.456273813150869e-05,1,75.71543543813138
8.872189397691333,-0.0001104951239016,1,315.7660484560301
2.081136061684825,-0.0027752984596079,0,108.64186885786788
7.497374415043822,0.0021677280910003,0,-3.8463604521444905
-8.442482746063433,-0.0008255389379969,0,40.65803382817578
-0.3424004618956662,-0.0007789357927582,0,5.059636394982288
4.644734834334297,-0.0002804037794491,0,39.101281532887064
2.7139052945580424,-0.0028717599220446,0,130.87907615172332
-9.94826684678742,-0.0019778444244055,0,26.886994215823734
2.659509979288055,0.0008724820854772,0,6.345401352529295
-3.075020933400112,0.0017173839957419,1,138.05878626646714
9.427404045567044,0.0004331975200596,0,46.49017961236356
2.3493999639653715,-0.0011384370181844,0,42.051689119882795
-5.762796735513263,-0.0007835034147542,1,72.12718434031899
0.4936415208178637,-0.0025658206566168,0,61.819430293190926
4.698855788704536,0.0038630258241063,1,22.528620104958865
9.412350466875097,6.080239694256532e-05,1,332.6163118194474
-4.075135152740767,0.0006812293672898,0,34.21179597510454
-3.583973209954374,-0.0034988888506773,1,-4.851059237036809
-0.832184848642715,0.0004654878792103,1,10.173241138048173
0.2995050988875363,0.0017058938612638,1,28.616819937260793
9.71980757146019,6.716270982181169e-05,1,352.55621488924663
4.277582687626861,0.0028992220214444,1,7.884524794001843
0.9853485945972568,0.0005619301235061,1,4.157194112614825
4.447241202461061,0.0025054131602621,1,6.36045568991631
2.767733219617039,0.0032311759633027,1,38.335845280885515
5.51939075795617,0.0029300908335728,1,5.5583165396384775
-2.2945943717180644,0.0016853684264258,1,102.16639794496334
-0.197637235831511,0.0026403707836931,0,87.86711961143754
5.461946359411956,-0.0020087537523892,0,149.28157765903904
-7.831671173614254,0.0007284934430628,0,103.57380202231332
-9.642580837435034,-0.0036335898348051,1,69.69952546238054
8.726571315633795,0.0006684851556812,0,30.04802545833577
-6.9161383688996825,-0.0012273289263845,0,6.313418426365356
4.669125935963958,0.0024713712184883,1,7.032720073252215
-3.08874301470982,-0.0028030483769355,1,-4.519188026333383
9.525075448217546,0.0017168795288095,1,169.0810430815981
-8.18065169905783,-0.0005170300362157,0,48.00154808733408
8.829009539219104,0.0004092795257495,1,259.23858933593533
-6.1184148840252455,-0.0019053792494299,0,-11.538529553506642
7.96503203457798,0.004554496396402,1,-6.982980120136016
-1.0965669344194104,-0.001726424718586,1,7.017275037729628
3.1722580964804887,0.001251248843335,1,11.939013308055308
-8.83013523143777,-0.0015112960833295,1,158.98194652705135
-8.890752665427854,-0.0009603156134508,1,207.88052732430694
3.8014624962615393,-0.0004434536555919,0,35.90072848273878
-0.2342708964168061,6.65428849453945e-05,1,2.0572473576064056
-7.744388153326119,-0.0047241055717778,1,-12.124773614474508
-2.004601182754272,-0.0026801417136733,0,18.38590050356211
5.920707712035988,0.0020420642304738,1,30.177127107419963
6.513019063214912,0.0024860249573734,1,24.49120676451891
1.852650560643843,0.002140797156886,0,35.89045633555714
0.5393516108738101,-0.0020900147495692,0,45.94141047118821
-6.021059810231451,-0.0021246575911609,0,-14.341430270185462
5.646968606102147,4.031906672724547e-05,1,129.09778903595935
-5.651421766720355,-0.0020515900999171,1,16.50011306308547
-6.921713341883747,0.0007721011324448,0,85.35845301438383
-1.849420321787248,-0.0026192985458878,0,19.622358880873023
6.834081794180829,0.0008703379077529,1,120.73061795278505
-6.294648349057612,0.0002687759851611,1,170.62909073529002
3.418068892862117,-0.0001749528013515,0,23.78936480384791
-4.80020830476758,0.0015931248949077,0,93.07802076151384
-8.240012669386392,-5.5797389086269816e-05,0,69.93802919504273
-6.591275591450194,-0.0005717135353025,1,118.39665209484883
0.7722522070224151,-0.0023262720107452,0,58.714729295724894
-5.2048998130320605,0.0012337206056774,1,202.59743160125586
4.466240732732626,-0.0005164158945981,1,115.71790310375641
-0.648531802807808,0.0005286852931768,1,9.610971495107718
-0.7247930744963185,-0.0017897626283568,1,13.793355568607387
9.83637047369858,0.0005357367029617,0,42.543275681925095
-8.951922193636747,-0.0007573248794751,0,53.43432794260357
3.292693063170688,-0.0017007183956322,0,82.20621595879831
2.706273491281664,0.0025250223310044,1,16.122048432613454
2.803784262765284,0.0028768603724202,0,62.206661879414305
3.7152122602850426,-0.0017604175751424,0,93.9107288112892
-5.799268273844249,7.048568619402143e-05,0,32.49372473514221
5.0458752563876725,-0.0003087507492038,1,126.7669102784615
-8.709683484641413,-0.0045592299877316,1,8.168680657041318
8.49600359312613,0.0001976661161101,1,260.79679383285884
-6.313576549245418,0.0002785766235986,0,48.735226309971104
-6.5058767030756615,-0.0014393077993307,1,63.11463183002221
-5.416473289984154,-0.0025993727578836,1,-0.2299270967925331
2.977970982381642,0.0013798978549118,0,9.229719117810406
7.972527450752487,0.0019468505910843,1,88.4181779144802
-4.773347207399588,-0.0031397025034393,1,-11.096424428390344
3.9325097835943374,-0.0001829879221653,1,77.38129732317014
2.7020580758797337,-0.00094861583084,0,40.21193862625369
-4.1340797000405445,-0.0005862271423843,0,-0.045108685134396254
1.4305884159750697,0.0027188381275537,0,70.35871427830008
-2.187057664513463,-7.220569927584758e-05,1,14.081435964350634
0.8014985580412564,-0.0008328320764483,0,15.192445199470884
5.895868098565629,-0.0021101225427213,0,167.6531264391751
2.60807015276308,-0.0016608433016005,0,67.17667942400811
-1.585210824725202,-0.0004913240888295,1,1.04118380959199
8.222305286725685,0.0016339128932271,1,119.98376154938907
-1.0449476738211754,0.0029426800813336,0,125.08329414259202
5.331327715356286,0.000694000174362,1,77.24407693086894
7.480080495901106,0.0031457158952462,1,15.97364371292193
-7.119118221163355,-0.0009066461640941,0,17.333880859193158
5.174438607673945,-0.0026537285467376,0,188.09168725394593
3.494430778665139,0.003000741236404,1,17.335687045025974
-7.880614696264612,-0.0007483018817435,0,33.7023417397174
1.0952554118527758,0.0018557739317176,0,31.126898342695785
4.878941133986526,-0.0015759332893691,0,107.63650661154537
2.380137794153317,-0.002605918014677,0,107.72820092444115
5.933883294607647,-0.0010930193757857,1,228.71697025784732
-3.734832657724976,-0.0017160698961319,0,-8.655984068521425
-6.641224081981774,-0.0024863743659406,1,24.019163951126277
8.698346438405977,0.0002328024432533,0,53.32519087415533
6.22655941264124,0.000672390737694,1,110.29680258389823
-8.462459981534165,0.000178010578683,1,296.2855954986417
-1.702663993261904,-0.0011059240898927,0,-0.6356252040789823
6.466016752587727,-0.0001930443791806,0,55.15073453440708
2.5562497734854546,0.0007919072205892,1,12.97728440425153
8.909636677602169,0.0005952460188617,1,245.23954116529688
0.4582163409532995,0.0023463492926078,0,60.542051389932034
-7.692357339744791,-0.0004305886271238,1,185.17404322374344
3.620147148994516,0.0005504769170353,0,10.252967680146993
-3.0840117173771686,-9.192619921392232e-05,1,29.268272064241728
-3.412482954882692,-0.000762247312224,1,13.879740610527962
5.012488191033951,7.681237232164222e-05,1,101.37701372285832
9.48768264848286,0.0057891701762148,1,-16.827341095577506
-4.536900736019525,-0.0023302121098938,1,-4.2356658998161265
-6.868411832982295,-0.0049533379765923,1,-22.492951655068957
6.143188953153441,0.0026872719620253,0,16.126003693080126
-3.0167727999018767,0.0025557955974798,0,129.77000929134798
-4.101059963157518,0.0004592292374545,0,26.208641963514374
-9.183344727137328,0.0013102980318958,0,183.65123838988234
-6.135787936810182,-0.0033073250631673,1,-4.834439865190312
-6.950362209718124,-0.0014648647398571,1,77.44059249762967
-4.324881561574774,-0.0031785915775183,1,-10.94629477082996
-7.464962101229251,0.0020705475866688,0,195.8336675186521
-8.279979915273287,-0.0010825053868976,0,28.518257944939812
-0.1354034102054857,-0.0029659933963746,0,62.2629603284444
6.41597917494893,-0.0009672123352016,0,98.86378150889084
-4.246205750164613,-0.0006871327564597,1,32.52521340481626
7.576039710386851,-0.0013058092985131,0,144.71927181881148
-4.019641450030629,-0.0024198723847351,0,-8.582117311024483
5.622126422106927,0.0013522728061354,0,4.875777753829602
4.622804006245463,-0.0017293897215585,0,111.48826321778154
5.558988325904002,-0.000152958793292,1,138.50701157435964
4.449149985532166,0.0014814674515502,0,6.460613535033838
7.430335658775174,0.0008554335819505,0,17.375180873811104
8.894434586739166,-0.0009518779246554,0,140.95939954271964
0.9170722377863568,-0.0016180169987297,1,45.913733649573324
4.025421810558903,0.0025382840140407,0,31.828819082241054
-8.823130160617882,-0.0015982194776239,0,20.250856399303128
2.071318875461545,0.0015036644002008,1,6.370379663375737
1.8051889576207325,0.002448268705092,0,50.529762896792946
0.4118798913680059,0.0009679416645558,0,10.468186061180774
2.6178736549603983,-0.0019177749297204,1,119.01545244488742
-9.432712156608234,0.0013997658161489,0,199.39545582588616
5.526365584963047,0.0034220210180683,1,4.585975704465588
5.760862051769294,0.0029174494564297,1,6.49541665732942
8.6884052973239,0.0010740429943466,1,187.6949500221048
-9.972098668853953,-0.0036979757076971,1,79.52158760783183
-8.794677751905295,-0.0031026137654901,1,62.859929718229026
2.805163302364564,0.0027101595374966,0,52.85255188152292
7.2165454655915156,0.0001825512305642,0,43.92034092416736
-4.300494333092139,-0.0011903139767536,0,-7.240679792904668
7.899836438282048,-0.0001662496604285,1,260.9265748897397
0.0070166398842648,-0.0018092535810614,0,28.790263338654345
-2.955103845844114,-0.0019359726983542,0,-3.1066654849208275
-9.03104281462221,0.0025630092021185,0,299.8160235456502
-9.119040527723596,0.000867976542453,0,147.9411274122264
4.926159340384784,0.0008879844147701,1,55.486539399891726
-3.7389936593921513,-0.0011079057389503,1,9.872779985137477
3.9585016510298914,-0.0014944491192981,0,84.64327479322586
8.632513039683325,0.0049630791515782,1,-11.99269886791971
2.8585170855987467,-0.0012317831464349,0,53.237850872854224
-9.98989652653218,-0.0025799265839415,0,7.510608096620215
-4.4790110260651606,0.0018138336220773,0,101.81642072640119
-9.82254332929752,-0.0044784821752049,1,40.69198378704674
-2.336767417650014,0.0009202609259917,1,55.701256863928236
-0.3356137217991701,-0.0004737525745621,0,2.4417951626134564
-0.3030026496640516,0.0020037420319145,0,51.083681788301526
-2.11345955521609,-0.0002082822945492,0,-0.3350760962436863
-7.67659344502068,-0.0010135339917704,0,21.563951899548115
-3.1534630672279373,0.0002553156800416,1,45.37131254300286
8.759497780937146,0.0045154545685393,1,-9.535970980892717
7.350217409330927,0.0020357555686046,1,63.71230654066722
-6.497379243602821,-0.0002957703933522,0,28.801506886240116
6.454810140159694,0.0041878991014795,1,3.996766143155612
-8.012131084215122,-0.0038150484922809,1,14.160555271103334
7.47799779668766,0.0019832317604136,0,-3.794566469987222
-6.522752414616011,-0.0015535528542116,0,-4.029570188634636
-4.076011078427024,0.0016946278402411,0,86.39379533449113
9.091499333843366,0.0028813899532898,0,-12.584414269846906
3.4887582563366983,0.0012042458726403,0,6.885161635984889
4.486663427933504,-0.0015995084036093,1,188.16462099471187
5.713127182752608,-0.002240819827242,0,172.60824227570862
-9.075571031382925,-0.0039488217385406,1,37.41040266701949
4.05046379855589,-0.0010143936585617,1,128.6451954823888
0.7880700111938399,-0.0002667913742219,0,6.5017311372679965
-9.605781954198786,0.0018979443702831,0,251.02639914967955
-1.9855174792871375,-0.0014904014971289,1,-2.871212729065298
6.750880508798428,0.0008722587262575,1,117.27475127054996
-8.926707859328875,-0.0014241457642381,0,27.688954674835283
2.3827826097129474,-0.0022301167153172,1,125.60696851655976
-5.626752177037142,0.0015832043986397,0,109.13547612012681
-4.145934685871984,-0.0022121187934765,1,-5.244373761333311
0.3492265285240492,0.0007550788871832,0,7.206387152950578
-9.28028385244859,-0.0014472624711822,1,189.01201787982987
3.876333487885038,-0.001808136859091,0,99.93328089112782
-7.5021720770232285,-0.0012115112074631,1,115.34723885056945
-3.095903746034492,-0.0026171404737792,1,-5.549195243220714
8.87250524596691,0.0020745879688586,1,111.23393972499377
-8.04697826681701,-0.0011353146455955,0,23.105721652355047
0.6856769610574318,0.0017895897430489,1,24.67468380724553
-0.6728395524877087,0.0002228240078276,1,4.805972778994123
-1.2366495529110484,-0.0017894155312312,1,6.02836955424371
0.5629720757796104,0.0026980236709113,0,80.8023032283821
4.480825548219286,8.198492770574418e-06,0,27.5214040551048
2.768059875346651,-0.0020893810476908,0,90.6573502966198
8.729921729602204,-0.001716954246818,0,205.71424620536544
-3.5727893825190105,-0.0024983114334489,1,-7.927552004393158
3.9217219176398856,0.0028094548965202,0,44.963867916506274
-9.104412179355744,0.0003652042578421,0,114.37000326158878
-2.6361662269673936,0.0005074869030182,0,14.99584736937477
1.2146869928376258,0.0013633972628861,1,8.664326265862888
7.855777231520317,0.0040497912742085,1,-2.9914318007766125
8.120136206520979,0.00450376644222,1,-7.741506633106084
2.258872086831019,-0.0011636638583336,1,68.49474711877969
5.98279699649092,-0.0028855129345411,0,231.31029867489664
0.3858669537088453,0.0016872580218964,0,30.541632736609
2.838706410389733,-0.0014556315648771,0,62.31823741619418
-1.6313633448653082,8.844913615958902e-05,0,2.29047656830145
0.8349487451287914,-0.0013960083336548,0,29.12288940358221
7.2467468165384865,0.0030719330342653,1,15.432106747215336
-9.877080327672562,-0.0021632871412218,1,166.94095864460417
-2.054019014612837,0.0016337811121764,0,52.777779413628416
1.477837922183161,-0.0013327709770921,0,36.15314154181167
-6.748882215686514,-0.001024657485779,1,95.20895118066201
-2.37889899968007,0.0016496672920152,1,102.85383654545532
-1.9734349496250925,-0.0015521737579267,1,-2.6717133869914242
0.3401964908335824,0.000186567575744,1,2.8594442788971284
5.846201572395948,0.0011830871938256,0,6.616387178175776
6.592855686192973,-2.4747739426085183e-05,1,177.32589148734428
7.645134647277356,-0.0022984955511676,0,231.12844466430212
-2.2147425429875645,-0.0001401733395175,1,12.72371542931441
0.3737880742969164,-0.0008465753301444,1,13.57247586658801
-1.748972178175956,-0.0029659972343245,1,17.58049322690092
2.004081073282997,-0.0013994164749614,1,70.40734219975093
6.36373149379768,0.004217962116149,1,5.503630159904567
-3.694550727120736,0.0006070091509531,0,27.21172991703834
1.1850710406527458,0.0001777668154911,0,4.93109698935496
-9.961695822333663,-0.0040054803178904,1,64.91712167443492
-0.574802501751968,-0.002116636203567,0,28.056012076256724
-8.16741586843397,-0.002387642782342,1,74.21895978454043
-5.87579827544703,0.0024193557776576,0,183.49595359261767
9.395572774069247,0.0026330270690298,0,-18.710603304873597
1.5714966763845375,-2.5561264603209425e-05,0,8.09564622965701
-8.664803576359647,0.0010728996093933,0,149.21163677216677
-4.988832984917046,0.0009899292218851,0,61.11810379430725
8.06697352646135,0.0006730633882165,0,26.884569814369314
-0.8312445968674744,5.775283742705275e-05,0,1.3215287196644867
-7.079373881891571,-0.0037695604300639,1,-1.7590592526395947
-8.809859624029812,0.0023942733500795,0,272.86113528094756
-7.0949818987507385,-0.0017442234239782,1,67.95857031842493
-0.1636793344017224,0.002759245411251,0,95.839141813264
4.175889163285152,-0.0025188662771234,0,150.19300293988033
0.0005046005434632,0.0004830763451321,0,4.512657154805272
-6.849962628755861,-0.0010316663216142,0,10.628934595722273
-1.986420942899219,0.0022473309884042,1,134.0921638412387
7.54356897337442,0.0021815593096244,0,-4.110898416263032
-9.03945202721282,-0.0025639418393746,1,99.85506656262658
-7.022102801588053,0.0015523038511849,0,139.807775813669
3.2217191386487603,0.0030373207359059,1,22.394442515062988
2.394100758365676,-0.0020333398236567,0,79.89650884632678
1.800602183944859,0.0001878010046791,1,14.474809725053788
-2.934692438129371,-0.0019892856238914,1,-5.781331458180085
7.362847010279296,0.0047411231549914,1,0.7245058507690965
8.148175673256564,-0.0022017202096625,0,236.3578793719611
8.423587819233639,0.0018917303487855,0,-7.921890796037511
-0.4412674142665018,-0.0005056711040638,1,1.4877920859483278
-0.0439623862959219,-0.0017566745190545,0,26.66481407743417
5.499620203098184,-8.21013100834677e-05,1,131.09257066232126
-3.312794497331577,-0.0006310799413865,1,15.925696495837741
5.232866291824347,0.0042469155174491,1,25.057415563809244
2.720440888365621,-0.0025676747539656,0,114.39612306533806
7.877436388623014,0.0028178251080024,1,35.763954551593166
3.20026782262663,0.0017399901828401,0,14.183176367586958
8.461327700878567,0.0046033760328104,1,-9.828376897757801
-5.452165120941284,-0.0002567398397058,1,91.90617301020163
9.954169542215348,0.0018673705456613,0,-15.502228326029687
8.601164109906886,0.0005882271725802,1,228.639681585231
7.314568723892442,-0.0007705871212985,0,100.76741497372905
4.251156013083236,0.0017969100502802,1,13.264665509054632
1.0041042519321586,-0.0027199053051509,0,79.32282076904423
-9.730541696131414,-0.0024366300609955,1,140.0973582202291
-9.150061023936653,0.0011257885951931,0,167.97985243434078
1.2605429663327588,0.0028506926475987,1,58.01790801816003
6.040931271094433,0.0004892877639063,0,23.270880847002807
-3.656810393283026,-0.004042398149963,1,-1.2719378157066146
-4.118647691800261,0.0001838086240015,1,70.41621657635304
4.505584073690399,0.0012784911783585,1,30.352575291112565
1.5358163646379364,-0.0013825747190702,0,38.60325650283285
-5.821897758381796,0.000475163692605,1,164.05742461689258
-5.991732070383349,0.0021934040172131,0,165.90781361294145
0.7709185576582449,-0.0025601208998364,0,67.58723102689117
6.519466578606053,-0.0001396107111226,1,182.81980829891594
-5.626950883346953,-0.0032974815434441,1,-9.175062596844619
5.905384119724406,-0.0011482278681413,1,231.6074021160103
-9.048488662926523,-0.0038719615753795,1,39.45989526367269
-4.078748807981634,0.000915330044258,0,44.14495414232113
-6.429072576936163,-0.0009205397978521,0,9.116114331968793
1.052893337319837,-0.0025404352720846,1,86.26678062821406
-9.51060951938036,0.0019382984135345,0,251.4695407704425
4.007405596595465,0.0004957382163183,1,48.400049048516514
3.963668735185916,0.0021478817646096,0,19.3069998033813
-5.153227781052861,-0.0008621026140336,1,48.742609784049975
4.285680832013057,0.0011422173594486,0,6.4705715247683875
-0.6474364800035524,-0.0017534284832775,0,18.420499322636207
7.474611127989849,0.0032404100040084,1,12.890726565695045
-2.8160397724882174,0.0001874303446306,1,34.20365424806036
-1.8685829647976444,-0.00265143890589,1,9.60852856334914
-3.4574568124585987,-0.0029336291581011,0,1.166054985837568
1.784414711076872,0.0004211484544347,0,5.646019312631006
-2.0776219014082216,0.0029278501385644,0,143.33990893259067
-8.740298809702068,0.0026512018737327,0,298.9773013460725
-8.808125249124974,-0.0011692183276285,0,34.548040838687456
-4.097999833219177,0.0029720994644575,0,192.38683964591476
-4.669181481054654,-0.0010928264724738,0,-5.44704897999551
-6.385510646205321,-0.001783664063172,1,43.585633504072334
3.0210620912241204,-0.0018294837733572,1,131.71373896353126
-6.305708213295775,0.0006492883105728,0,66.35935062778273
-9.445579961741789,-0.0012106878549087,1,219.3596842095731
7.990787822051445,0.0025384204327278,1,52.67432278096053
4.674312419531061,-0.0011272161529937,0,78.27890148497909
-9.558196570819286,0.0019496024264349,0,254.35158145829865
5.979944307720249,0.0024431352791684,0,11.184108426362117
1.4013061507198934,-0.0016670539184342,1,62.03764911940321
-4.626978327152516,-0.0018525701899022,0,-11.661000530426088
1.227540158956442,0.003193620307261,1,79.99400978752098
7.043731483054348,0.0029010107666133,1,18.295896105524594
3.2206430832837327,-0.0007152189237853,0,38.65144963836521
-5.50305275819535,-0.00025889018927,0,17.80329687292884
-3.007210069554686,0.0011016936454938,1,88.32254470388412
6.482948908716324,-0.002181083886,0,188.71270634829227
-4.667496860146658,-0.0006896922214554,0,0.7425747114444183
-8.683810269407493,-0.0018712096049056,1,126.14089205764441
2.098175240542467,0.0026597935393001,1,29.533418287082565
-1.1862899063498027,-0.0028604200022126,1,27.870332886894072
4.756429266928354,0.0028172183237253,1,5.68925384095207
2.2220081760779298,-0.0016719404812132,1,90.58640519960437
-2.851328150944356,0.0007251727726036,0,23.274722701912044
-2.449000791576923,-0.0025790081830584,1,0.2986098561108923
5.633251396032904,-0.0015299731103221,0,120.52755658639603
-9.162947959098588,-0.0013298051075049,1,191.96709285938707
-0.5462117002994749,0.0009774431938656,1,19.191377815711316
6.10561314930364,5.3849629452929245e-05,0,40.06542001662929
4.85984043427446,-0.0027508380452456,0,185.76513877500423
6.826864363411499,0.0017856675202885,1,62.90353386523915
-9.178686451272506,-0.0024737460312016,0,-0.5524934493474651
2.453502215645265,0.002711251204178,0,57.08111987607199
4.574728084391499,-0.0004206376062263,1,114.29754649530236
-9.27814093056739,-0.0039253578083165,1,44.58344965544535
1.0180876787862978,-0.0009156068851704,0,19.102387518087472
-2.216759593679956,-0.0016673605563758,0,0.4904800261843034
5.274878080693524,0.0037536897757252,1,10.807500773117484
-5.615223266248566,-0.0007816646405864,1,67.16370965437753
-4.962006227256608,-0.0002082161176667,1,76.67417586245264
-9.524547290560225,0.00240379666278,0,300.89442638708636
0.5523712021507361,-5.162345834001467e-05,0,3.8321279910830106
-1.1017603944158658,0.0026681555201751,0,104.06673070785962
3.6899954288191257,-0.0004156605998873,1,80.97293403862028
1.7326363926354595,-0.0001383329770621,0,10.441948210898662
1.9336900501888472,-0.0019133025816761,0,65.29118227537182
3.119006190478421,-0.001448829712201,1,114.46268731412792
8.97593153991551,0.0018543695783266,1,132.90772343394156
4.95439517457794,0.0025733308082642,1,7.117553180117701
-5.944332497474014,0.0005926944881041,1,181.25042898345504
6.068804698567551,-0.0019134177554544,0,157.34688106232414
-8.173627523313773,0.002171701084117,0,227.80021348760465
-6.382092563430994,-0.0014838789502652,0,-3.647102541066742
1.4359372124106962,3.033279339019866e-06,0,7.132624801202124
-0.1266716866631476,-0.0006272695924416,0,4.841397769320461
-2.869606787932466,-0.0006617178886072,0,-3.770630219691605
-7.040139785478077,-7.112541873691676e-05,1,180.74282611476758
6.706637512512316,-0.0013988130344341,0,133.89923775586288
-8.538715096738352,0.001317588466767,0,164.00856008314258
1.1839245469994744,-0.002952638753965,0,93.7686237256375
6.143117525307879,0.0018633711935053,1,41.84524810412581
7.729936263077832,-0.000664216653446,0,99.92276071750166
6.97775196303418,-0.0006940358601566,0,90.49449707296651
-9.05438613651322,0.0025761617319795,0,302.2073533711762
3.5191399167688697,-0.0013225266455031,1,124.16702032748915
-8.92082130177208,0.0028004320922423,0,323.4443435226508
1.980617835866978,0.0002716579792464,0,7.072949305000899
-6.930951304949913,-0.0025904888679742,0,-18.59851243911158
-4.950823047668067,0.0027946562729851,0,195.8699041044874
0.2152474108271267,-0.001934791003041,1,37.47324997772306
0.8288963317141551,-0.0006615231742703,0,12.24847279658267
2.0359627346009628,0.0015958780092163,1,7.091436859773021
0.3645593870714272,-0.00295834359589,0,73.66534515583805
-5.17246488211314,-0.0044390445512561,1,-16.274089671510648
-5.942256062738509,0.0022168291956454,0,166.70530251891003
-7.130094075303464,0.001244420314208,0,120.10423469695598
6.110082808163416,-0.0022759689524598,0,186.0898753834811
8.711470789354994,0.005221350870686,1,-11.535181080044737
9.745074042804728,0.0029751818131531,0,-19.885465821506035
-2.3222893688042205,-0.0011025025838805,0,-3.739352491594862
1.028266283383534,-0.0001547778891537,0,6.654130914897504
-0.7394263840166211,-0.0017186498232727,1,12.224994094471912
-2.321862334769243,-0.0001477701277086,0,0.6726532732430988
5.083580182604216,-0.0013250210803325,1,199.90650105959233
3.310414079106597,-0.0006179736519117,0,36.34409041790221
-3.634605137729034,0.0029744529738907,0,181.47154361202357
0.0757750332736542,0.0006004046923717,0,5.713098075831523
-8.328715015689315,-0.0009307256652919,0,34.69262336023882
4.735900644940232,0.0028247456674705,1,5.721843311661436
5.991652729331815,0.0046251535521036,1,22.371360501190516
9.368886479377936,-0.0005998143883121,0,119.43045933598657
-9.118125055938346,-0.0049673708391989,1,5.483164307237564
-5.705404192444023,-0.0021053215135418,0,-14.361482928852435
-5.129113596165585,-0.003635209298251,1,-13.793010099871848
-2.911240882886357,-0.0011680741044637,1,0.12242408531108628
-4.403048607526627,-0.0008039606729061,0,-2.3644644320666774
0.5377893255951847,0.002230546915368,1,45.30243374600231
-1.673446422707201,0.0012634250764513,1,54.869021426104
2.803112312145476,0.0005323813457664,1,21.880898047449566
-4.830208630458984,-0.0009815353133547,1,35.01354654444925
-7.176624256617026,0.0025071880047384,0,229.73332348680466
-4.768382566238509,-0.000233848134229,1,68.56105149420156
-1.2959359163500768,-0.0028519041766965,1,25.078685017600453
-1.3807016150099134,-0.0023716850917775,0,21.675735669757735
-9.3589847565643,-0.0004834533712824,0,74.95736978990294
-2.9217779373384563,1.5358757496358456e-05,0,5.241863848924082
-0.7886021558334111,-0.0022675689096671,1,22.7506742768725
-3.0460756663792887,0.0021538290638777,0,99.32250378684515
2.243847784807798,-0.0007517806758596,0,28.241533298354053
0.1343943418533122,0.0011766818318471,0,16.24955056207059
-4.154190917359102,-0.0004903402239148,0,1.7074802913015512
6.353030991903854,-0.0028004964053773,0,236.1471907099796
-3.956457867694665,-0.0032456142047903,1,-9.305172382182693
-5.324218186550578,0.0006092000028279,1,150.46425843284524
4.209068885208687,0.0027946838013477,0,40.955916451490914
5.953562687229873,0.0026978021105613,1,11.532409948500456
-4.427748592981191,0.0001203127338718,0,18.406877765634388
-2.104438405980837,0.002600999734348,0,116.18582445697336
-0.353517200706877,0.0020166147832605,1,57.91667418468737
-5.664508845015637,0.0002009222001279,1,133.4554477913722
-9.31692288541041,0.0026362411412585,0,319.35761151322384
1.164094331296015,0.0018133333796495,0,29.021466299045542
-1.1215662672977071,-0.0011286868720736,0,3.3954722711768683
-8.723756522605893,-0.0002597296984978,0,70.82592327874019
1.3345851884167246,0.0011980643262027,0,11.509016414288135
-5.402398062334221,-0.0007877743324538,1,59.87713464255556
3.248314711165252,-4.365748140150911e-05,1,50.50787492556517
-1.4648268842231147,0.0022502217382278,1,111.87598836195662
2.582161011772591,0.001199141897685,1,7.940539199265673
-2.867390343668264,-0.0017235266969089,0,-3.928503175619497
1.3971535596632378,0.0012216817171426,0,11.719559166615078
8.028251540410913,0.0013553689289376,0,3.302790491197589
-0.0534386268829187,0.0015766135868112,0,29.975799903365242
-3.813423158811125,-0.0023758804422453,0,-7.1461579937239
8.325787691193291,0.0006094683258574,1,211.73178646420916
1.7690064833711432,0.0017838607931311,0,23.65300304761067
-3.5818302454316564,-0.000994621053002,0,-6.072384341670599
-4.7900068938380524,-0.001822653603466,1,7.891567094259735
5.542224245104482,0.0024673749869278,1,12.628941361273407
7.848292830231827,0.0019844320880261,0,-5.7737423761135584
-2.600319829913305,0.0014746990849546,0,51.5859766750693
-5.560655730823029,0.0021795515430334,0,153.8762852208632
-3.467745331923469,0.0009036328738766,1,92.15432520198121
3.494331678793694,-0.0026445332542747,0,139.34377050824733
-5.512549419230881,-0.0026502566181879,1,-0.051245542461448856
-7.037211208982299,0.00105631077392,0,105.28692606805905
9.307297729253229,0.0011201017836432,0,11.099125786772044
6.432644493674935,0.0027177258607231,1,16.065679766834897
-5.60332893610539,-0.0009052579706027,0,2.3818945049386544
8.574733645168504,-0.0019919911721277,0,227.9330314355876
1.576560078409088,0.0007459331671756,1,5.698428319550843
3.7471780065746856,-3.657114287949003e-07,1,62.75294403650977
6.035232064351234,0.0005848910312997,1,108.65115090846209
9.797718457533698,0.0036434864607179,1,32.508827535826605
3.25115083345497,-0.002947050269383,0,150.69542685290082
-3.1060515749571094,-0.0004917547640294,0,-1.9113875465596672
2.208022645352852,0.0001811094972947,1,20.71596682261526
-9.629550326290683,-2.916448677292578e-06,1,362.5071335766049
4.17733248923957,-0.000903435763663,0,59.32131205786428
-2.5773946618267303,-0.000537037683738,1,8.053601002719667
6.393250033588757,0.0002273324576336,0,35.254473436019644
-3.417896152246273,0.0018789279734195,1,169.57718962583823
9.010389239800276,8.781184134118634e-05,1,303.59883205276395
-5.884288678936418,-0.0022072548820076,1,16.49229529630437
5.654778417382051,-0.0019511780682647,0,149.95286739224346
-7.638046797133946,0.0005901545976967,1,286.1936865238563
7.397892208424746,-0.0017528526080386,0,176.95833330299533
-4.05763656548223,0.0021804386990038,0,120.43375587802217
-7.0731847021357686,-0.0017095304685886,0,-3.141479107223504
2.2450120253861794,-0.0003851421999112,1,37.8446654823584
5.527100979618325,-0.0015938951661948,0,122.48387563652415
-1.1976525529267017,-0.0015198604724559,1,3.177569202210706
9.294748771451436,-0.0012825298302853,0,177.6714876962918
-3.0596948664289503,-0.002120723697711,1,-6.226568165887928
-8.434164740401249,-0.0029709394783979,0,-19.500047093704485
1.3270132282576004,0.0012248675596781,0,12.033067917357677
2.702461441189236,0.0027067089444155,1,20.831430852272074
-7.827125019789902,-0.0016672728105392,0,4.94043786552541
0.1738746684402272,0.0028981712481289,1,96.99254356593849
8.322599959182032,0.0032010387289632,1,26.63210017298433
7.378659212145784,0.0002131670823669,0,43.77076224952522
3.3829916218021125,0.0022404108766627,1,7.103051831526976
5.428179828097948,-0.0008589335793009,0,76.24618177721791
-5.4224518361261005,-0.0028425679036573,1,-4.3666260271215185
7.648574472454296,0.0049085927683695,1,-0.668998946364407
-4.866931592759545,-0.0006184396645532,1,51.832502489246046
-8.262160067083794,0.0009443880931524,0,128.71238969634854
-7.591572651790706,-0.0007713547550087,1,151.44336816681525
-7.272545394402199,-0.002053412880584,1,58.95727578745392
-3.695566926536811,-0.002850125524244,1,-8.474941881260785
-0.9991154360254216,0.0005005198653325,0,6.759982307787363
-3.74843253649312,-0.0039222679688606,1,-3.6523718336631426
-6.988803912985382,-0.0032506516446726,1,8.922628861215685
8.890898445667872,2.746471350850938e-05,1,302.38688496955774
-3.1161790243640137,-0.003348213729428,1,-0.29207634731560317
0.2344630881042917,-0.0010907715564916,0,14.744227602820535
-1.954052188356272,0.0021039616389662,1,120.62544777142617
-0.5741607263972632,9.454070156019454e-05,0,1.6250711788361758
-6.044598018803744,0.0015583140598385,0,116.58751562180211
2.0461405575060105,-0.0011910584336055,1,62.89420803903835
-0.9582471159617238,0.0028752023935546,0,117.93304168662968
-7.294623851532302,0.0005563573109597,0,81.19117500919998
-3.857391199061677,-0.0022702129463597,0,-7.994579685430072
5.399415552974645,-0.0013295814572384,1,217.5143951683433
-2.087299967314154,-0.0024493808184864,1,3.384979101584161
-7.643003926887639,-0.0024948211234197,0,-14.506120229961123
6.282757997112448,0.0002531483028968,1,141.68593999561807
-3.791213546500667,-0.0032788857490459,1,-8.050055969451238
-3.707571768743243,0.0018874277311712,0,92.55851425511051
-2.7854157646814137,0.0018249149890228,0,73.43853882734302
0.0429054374250448,0.0028441600625152,0,98.90050475737254
8.762697333668395,0.0020357022671863,1,110.09572819489566
-1.79899106527108,0.0024908208268628,0,102.38890716587716
5.7276464376921705,-0.0015296641786035,0,122.5009140070685
0.1360386546433716,-0.0019493324767822,1,35.8966642480208
-0.6284302788438456,-0.0007304322687008,0,2.7857498258076063
-4.568812759425232,0.001106551440881,1,156.28747906199408
-5.33534960201804,-0.0032506676533148,1,-10.32129642733884
-5.163654431688891,-0.001070775509789,0,-3.2675684019310873
1.6168682222465236,-0.0015221062595179,0,44.59461918766925
-6.123927374346961,0.0003397220811634,0,48.3429374587118
8.983696664187278,0.0005537729792114,1,253.66112947676478
-7.386892319939831,-0.0015310021608493,0,3.656571235594283
-2.285379649521479,0.0012914014433693,0,39.354384171388766
8.825486817200009,-0.0005041877705869,0,104.2470497632242
2.9933916582227926,0.0003486377954135,0,10.388336761716793
0.3566711322910123,0.0007019901701329,0,6.4905995043809845
1.1547630552623644,0.0020269901454699,1,24.563640917971476
-3.2836083719201614,-0.0026143900121324,0,-0.06902128494750048
-9.614206451735692,-0.0004840913781729,0,81.23984912443612
-2.7955916175571254,-0.0014535134373767,1,-3.436219526050465
8.131497793227389,0.0017773920375638,1,105.84895983423533
-2.5320319272391885,0.002857134943614,0,146.12459200116726
-4.720152812804628,-0.003144539733629,1,-11.182031821928325
-3.363714775384727,-0.0016648381543176,1,-3.2719041228913683
-2.4368740408396183,0.0012194487869051,0,37.90189768854571
4.110226981422736,0.0021109134181263,1,7.951066404587863
-5.268296724118644,0.0024121040053047,0,167.2089946393768
-7.047742861378308,-0.0021509999865829,1,47.47863918579014
-1.073614114216463,0.00046734820903,0,6.431551054119814
8.890475862646994,0.0004033647935142,1,263.45792243603637
-6.075279217207063,0.0022861988171018,0,176.43318481910833
-2.083451641454042,-0.0033347451482041,1,17.715183558416598
-2.825861881492539,0.0013205349733461,1,96.5161750453151
8.738372919029292,-0.0011999881486369,0,159.20634805819304
5.309519111198425,-0.001291449881624,1,209.60527631562545
7.238113300339407,0.0015999578514991,1,86.52426868216526
-3.5084250428902646,0.0001575058583958,1,50.34464924061109
3.841060904417791,0.0024279418583342,0,29.33977622578889
-8.821867473737191,-0.0052856323864877,1,-8.809151232296243
-1.1783555398361756,0.0026634345073288,0,104.9793007070435
2.5450235463587045,-0.0008696757133224,0,35.479599050670615
-2.229611488448686,0.0003679848010286,0,9.142817447082255
-2.9752509646145464,0.000362392867301,1,45.66408758878686
-0.4134951993077074,-0.0008241600807866,1,3.7944681705004877
-9.553478316804387,-0.0028352074286327,0,-6.1688266304105035
-1.5756192656493884,0.0016250547546827,1,72.37037889441729
-9.658633021945626,-0.0013559256689649,0,44.05853409033193
-7.370293889150783,-0.0015132856712362,0,3.917190177091549
5.027105746667766,0.0024506154488306,0,19.559546491759203
7.782995953976361,-0.0005553154060461,0,93.24373121256724
4.564672644106523,0.0014954144760047,0,6.257774699824712
3.1749539750441294,0.0019067629454575,0,18.150616377715373
-7.191831234672897,-0.0015805013848445,1,80.13148729244409
8.34671678906939,-0.0023190480981269,0,253.2873168629231
3.4711686236126216,0.0037648113839369,1,45.880731656611026
0.5203384704872143,-0.0022250717277599,0,50.17908306970507
5.973399213580388,0.0019131595686927,0,3.5296448584981777
7.733604045871392,0.0012767011960543,0,5.389707425702843
6.420502152862266,0.0027193696452885,1,15.874472104858814
1.022316240364301,-0.0029735397289606,0,90.54660415594142
7.080592922195812,0.0035341372315613,1,2.958960677730169
0.0958895259182455,-0.002481944529611,0,50.702520439176496
-6.216187917682426,5.588400967832293e-05,0,37.87129113573924
0.0018818076725306,0.0009446967754862,0,11.53089684414922
-8.416582828379752,0.0003296096097691,0,94.34966587642378
8.024906298517621,0.0006050176367606,1,196.43378131580118
3.399083733480886,0.0010640281001499,1,18.187610200090766
-4.389961688250724,-0.0004734989869968,0,3.2995299497688473
-9.853818053693326,0.0006252580859746,0,153.68326855213098
5.258921264411264,0.0009771133061571,0,8.848842630312479
-3.2573142875242382,-0.0025858487292036,1,-6.675522999901183
-8.106555313776251,-0.0028031070192265,1,52.708328474946875
1.7333080122207498,0.0001359087587694,0,7.234553248062156
-1.0462270738234345,-0.000799714209552,1,-0.34494419723266034
9.681364025674252,0.0040618406349836,1,9.643928596803974
-7.946000035849643,-0.0017994000911577,1,97.6505254033936
-9.05444930575647,-0.0050255832391583,1,2.468556977868391
-6.273415927414677,0.0019669618739802,0,153.69726302975056
-5.955950885918773,-0.0003961685986029,1,103.05886059707635
1.2503156474506802,-0.0009599378614255,1,33.028122344011024
-0.9080252430338208,0.0001518420114702,1,5.307604264686526
-7.929913270728144,-0.0002546589099531,0,54.311788116129016
-3.828888711151519,0.0008556338986961,0,38.390574234726444
-2.7558523787452494,0.0013298964120096,0,46.4946638781839
2.9485505178643905,-0.0012367556565534,1,96.30937987669603
-3.2776065683588262,-0.0003519183254251,0,0.3878304334552223
7.733051953962303,-0.0017196901070886,0,182.158124786453
1.615786996769497,0.0023348626134071,1,26.899057081385596
-7.860709351697417,-0.0010820672337095,1,141.35883402964336
6.283674919469469,-0.0029544631109681,0,246.966563250362
-4.308345299691938,-0.0013809237537313,1,11.506399267530623
8.169311198220605,-0.0017612815458138,0,196.27696705639408
-2.509877066304462,-0.0030264736866481,1,4.768562953341683
8.63377898479881,0.002654708995339,0,-10.249481398095504
0.1770217786584851,0.0001165220715361,1,2.50288806779558
4.583200751030335,-0.0015578302460381,1,190.28557855984658
6.069870685156037,0.0028544522320572,1,9.30830191266144
4.457498923761264,0.0009292180537037,1,41.96978570710795
-8.700397475554382,-0.0004292720294837,0,62.38969830000019
7.698096089071647,0.0001108381599514,0,51.740416775401755
-8.25705664502146,0.0028219613356223,0,301.1133185016282
0.6499890424329955,-0.0004177419623441,0,7.368083789660256
9.215462195421068,-0.0014316467751437,0,189.92801248246286
-7.402587508629709,-0.0024773405639809,0,-15.37897352259034
1.7401858261689789,-0.0018860253379927,0,60.48436387163482
-1.1649917072088574,0.0013532921697304,0,30.93109935955489
7.09989588819424,0.0004581300957731,0,30.752681220722494
6.027979897038943,-0.000673454668346,0,75.09400825569276
4.6392724652952815,0.0002515680440595,0,21.59071785094264
6.617978417389267,0.0021249052996308,0,1.5432497072118427
8.089400454439485,-0.0018792174680073,0,204.92854155827456
4.25334846816539,0.0034233653814027,1,17.246368326356315
4.992385218516018,-0.0009959860650514,1,171.2078307555162
-4.567081243170907,-0.0034845819234554,1,-12.21352477966953
0.0453405613102031,0.0014708323049985,0,25.478984167477083
-3.0455501197435764,-0.0001308835763334,1,27.049840518729713
7.408747110036529,-0.001214696773171,0,134.35691644207546
3.7892203993985,0.0033673903955974,1,23.040055524652193
-1.50392528484395,-0.0021123187666962,1,6.933795797372721
8.432682296433342,-0.0023522745653857,0,259.05293942082784
7.076299153475894,-0.0003598847969425,0,71.43892355811417
0.8001759110691857,0.0007996780499903,1,4.725915004963557
6.551768810960887,0.0018574372022161,0,0.7400300267043047
6.120820679520019,0.0005262167277884,0,22.52893571802439
2.041124669146164,-0.0008682704856611,0,29.279838859925754
-5.446943910633946,-0.0021028026145082,0,-14.257319293012223
0.486237065147213,0.0023157750522029,1,50.784995805698664
-9.23611528000799,0.0010016284399752,0,161.27854023780614
-2.5051831459090064,-0.0009929103178128,0,-4.514079829939997
7.101564434384386,0.0036756589439128,1,0.9498187471466284
-0.5543947714366908,-0.0014866272730368,0,14.068464623132078
1.8312373832355355,0.0026641603089012,1,35.01868884184644
-0.5182346144483603,0.0023055345822678,1,80.40533656549277
4.765628048149413,0.0034424211480854,1,11.060565008453526
3.579188903144958,-0.0003567295913802,1,74.32849753916037
9.76266773197734,-0.0003541738017249,0,104.8645501829327
-0.7724454355697006,0.0010794806337768,0,18.827816679164464
-4.775393071271308,-0.0008420578656073,1,39.30123082399884
-5.646483565645037,0.0009026343237956,0,67.70391622638283
-2.1319235123664075,-0.0017989630129995,0,2.6684250959660223
-0.7033028241208505,-0.0018537886112473,1,15.423451467162742
-5.540756370896132,0.0015794325406659,0,107.04051848722665
-0.3824728277674261,0.0008672720227181,1,14.072762020528524
-5.304012616892518,-0.0012808604364239,1,35.012359330497745
-4.810885234106288,-0.001665822937104,1,12.150502303213697
-4.764635377723927,0.0009740387453248,1,154.30960365043055
0.2633979974930582,-0.0006733296457555,0,8.019972772068769
-2.6346917104261784,-0.0015675898329447,0,-3.355212852476023
-7.3222254054381475,-0.0021530757254708,0,-10.04791965388964
-2.053668208842156,-0.0029704623557936,1,11.676603550609306
-8.30342804539196,-0.0013820434889813,1,141.43583589494955
-2.854556803264876,-0.0008236713103539,0,-4.755983987468464
-7.350970261279648,-0.0003214236718553,1,175.78445962262367
1.3196864903407717,0.0001332709302544,1,9.606652184717149
-5.724989755249352,-0.0001912500919569,0,22.4104372691415
2.1481138113238174,0.0027127188458612,0,60.87765120639175
9.84751238328446,-0.0025749244690367,0,325.58518953139173
-2.6071419747290303,0.0004369464501621,0,12.93687511920402
-3.221491383681341,0.0028214904873324,0,157.3843042980643
-4.020931919483735,0.002959731471993,0,189.23725416133382
-6.789964608382446,-0.0022730037843359,0,-14.516760659785849
6.511619530052599,0.0001889445171828,0,37.80447103898413
9.590090620842515,0.0017173530369833,1,172.0829414934262
-4.47218122847395,0.0017812867293506,0,99.4341461619648
5.208498322590689,-0.0013678478115531,0,101.6694024145589
-1.7207491911760968,-0.0022484504227588,0,14.261161984644756
-7.619722285140885,-0.0029389001133444,1,32.887747790580306
-2.2541934538562947,-0.0023517130272573,1,0.2637717602427958
-2.046150562038516,0.0002135494040671,1,20.03213587293858
2.649003598980915,-4.385401206757904e-05,0,14.81842753238783
-7.916374635393142,6.522872035438287e-05,1,246.60329930275424
5.591501749212416,0.002302335710683,0,11.191642859904857
0.3759485400425575,0.0016655316070979,1,25.839613522630472
-6.848377125705081,0.0005363553049941,0,70.89419979854057
9.612548458491869,-0.0017123733056303,0,226.36775010198096
-6.157703669539867,-0.0028163660469072,1,5.382957685880633
4.194152466203235,0.0031433221759417,1,11.925266261517667
-0.1213131796823407,0.0029883094545142,0,112.77677534039071
-8.872915333681208,-0.0019972927766155,0,8.90769043385924
-6.793746651024415,0.0026982039967944,0,237.99771982404565
-6.470342939803714,-0.0035285821216985,1,-4.9904559615340744
8.541612406697649,0.000452822264499,1,238.39987804705675
-9.457078043457248,0.0003131021372089,0,121.10199613166284
-3.83938672924776,-0.0005454683890634,1,28.706510599181613
5.846103307684025,0.0003376392504667,0,27.108444584258635
3.3018845210666115,-0.0012167598240309,0,59.68460407456526
6.520726333750961,-4.6044549750040014e-05,0,48.516483818468096
-1.919790576432394,0.0018136875769371,1,97.01223961677258
7.378930485081685,-0.0025060789874111,0,242.231699833222
1.2192169151886674,-0.001135376242875,1,37.75362896807724
2.546360735139878,0.00293270871801,0,68.95396661114296
5.427688843438613,-0.0012058467188688,0,96.07197935517846
-0.038790304440317,0.0021357185503249,0,54.915002114407066
7.664091682604511,-0.0005925874710972,0,94.05006441411305
1.803850980867329,0.0007968967422348,0,5.994421387093206
1.7174380181209798,0.0021543354590554,0,37.686043073590874
1.4284761920289455,0.0010886031004659,1,5.323472655962923
4.810927034764955,0.002903916194503,0,39.07966476787608
-2.85305236899553,-0.002037951022921,1,-5.598658915884364
1.6939686505220577,-0.0012711837891245,1,55.421864426979475
-2.7385326036882134,-0.0019804064468895,1,-5.226879107973908
-1.9516755669668804,-0.0008078841828001,1,-0.6075675407974606
-2.034103509812879,0.0010887767225932,1,55.89847534481995
-6.905850005236189,-0.000365997546972,0,32.19063097323518
-7.474499665313859,-0.0013800347414179,1,103.26023040246983
-9.798350240828366,-0.0003077838203983,1,338.2409943814808
1.0773658167232814,-0.0006589458245186,1,21.291221061945727
0.9301908761554784,0.002268307853616,1,37.89958739542485
6.111744092887996,0.0031055403572818,1,5.489135161909406
6.719160166235014,-0.0011353178231281,0,115.45664824483285
-0.4494313672256407,-0.0018821497249043,1,20.864820992087296
-5.573375930074143,-0.0026343803193659,0,-17.6707103803849
-6.9065413316368,-0.0034508620450477,1,2.621215708908566
-9.004911224355016,-0.0003331206138975,1,277.21553616008356
-1.0016545174214215,-0.0011888965608693,1,1.8931428007371582
1.0612113363804347,0.0025675969462199,1,48.55960683662645
-6.137580121031732,-0.0020617890882938,1,26.565166646140984
5.478976387990127,-0.0004928690139368,0,58.12104138353324
-4.346595042596622,-0.0025405211301252,0,-10.657011015116415
5.756929200361981,0.0026701477755288,1,10.426902160662864
-2.283014203066478,-0.001893230371177,1,-3.210152154384078
4.062954047133921,0.0019668550382285,1,9.186374627109801
2.299897814588625,-0.0026474213096408,0,107.81342275261932
-6.256969264240031,-0.0020406824411452,0,-12.90494873364935
1.1699264593531955,0.0002916082848334,0,4.535170422742977
7.46635839774466,-0.0023587181480414,0,231.45002982536272
4.214117279034559,0.0010012549226861,0,7.1393520492021505
2.2133148148096105,0.0004532563775423,1,14.913117260495474
-2.095042274958248,-0.0012584117128666,0,-1.9452444141378376
-2.8762192068580124,0.0012203572868402,1,91.47972452055205
6.000966088274918,-0.0004468636766754,0,62.532836601428066
3.620485348913984,-0.0017128927435321,1,152.38637667828166
1.005519915077036,0.000397669264451,0,4.214212923789814
-6.686193632011022,-0.0029823529708115,0,-23.32139097449549
-0.2228567544856261,-0.0015510298811007,0,19.31502001038447
5.47311371881926,-0.0002355234432855,1,140.40494162063297
6.6670058915010095,-0.0009642741184288,0,102.98467608326536
1.4229014062843746,0.0026538931142469,0,66.4868622921457
9.651348672818369,0.0016081432251968,1,185.3243737790026
4.282859233092552,0.0025487423137034,1,6.250323019788171
-1.2481214938345904,-0.0021049672059814,1,10.759872733339241
-4.924029821201814,-0.0027971949111593,0,-14.497075093614665
7.423263750517965,0.0049322385686729,1,3.3873295368564054
2.0530513965752224,-0.0020517012259077,0,73.64120556056099
6.990271807182278,-0.0015744148535829,0,153.19892883794506
2.465073264315457,0.0012482415623486,1,6.961940756372338
1.9801775508113373,-0.0012071282474898,0,39.175860065038286
-9.376964195071745,0.0015483676606591,0,210.3160930672747
2.982921963303728,-0.0023195216257007,0,107.57659226264073
0.959215273266956,0.0001556099214298,1,6.097149317517556
-1.6508980961027575,0.0025343837257159,0,103.14467539365168
-0.93325708339896,0.0010879207700938,0,20.117369278179154
-4.206099912278156,0.0006882765133894,0,36.06555167203461
6.893360880330612,0.0022114790131895,1,43.03301796744599
-1.4754143948711889,0.0022936987409261,1,115.76521708967172
2.278310947317124,-0.0017930547438259,0,66.76931803205252
-6.023576379617904,-0.0039649137460142,1,-14.690683342804519
4.898598744117713,0.0029139338381094,0,38.50377910449411
2.843576998981165,2.707863743580802e-05,0,14.767774907206798
1.9081102163194965,-0.0021054833723902,1,99.41838535420638
9.666896185254313,0.0032260927346899,1,54.689869906693275
-3.8045350601877943,0.0006053765566045,1,85.01139943849674
-1.4614279031658484,-0.0009318550317944,1,-1.4999722439923833
-2.569458312752544,0.0019190557820341,1,132.2392402704048
-9.721588251796543,0.0023388656372098,0,301.4423026624885
-5.83325189866261,-0.0018177439628994,0,-11.198794853450945
4.2139033051989045,-9.643265914026978e-05,0,28.49331510308053
0.7538109870763225,-0.0022424222980386,0,55.26732002308831
7.888571748483262,-0.0012421775924492,0,145.9496012433303
3.910630220720936,0.0018901028425977,1,9.13481131374316
-7.697035151175449,-0.0025997666714343,1,48.34942383039576
8.608584690489781,0.0035190837669486,1,17.63234579978184
-3.64157842949232,0.0022753989637842,0,119.51044682771311
-8.458199754893647,-0.0024308247675399,1,83.1468724800913
2.2913428923289008,0.0029230604378296,0,71.76864446193241
7.657573396232642,0.0020257379614851,0,-4.880072486528459
6.086424766612776,0.0016515074562745,1,50.095033545007574
3.011021027115328,-0.0019492468043799,1,138.1601282601134
7.943451149827673,0.0050235360187022,1,-3.213843621603508
-8.850335508216604,0.0010355067763543,0,151.97206920282673
-1.8483433538707936,-0.0023459764239019,1,5.321710857708991
-0.6558302099596229,0.0004465714058028,0,5.0643980032722045
-7.209361293000946,-0.0022896296096261,1,46.480648448942226
1.7033873614055397,0.0027081199710169,0,66.17636547364148
-9.72810508389818,-0.0025373980884504,0,4.926004080210074
5.135354895716603,-0.0012273338552749,0,91.97753667377086
-0.5711180597573104,-0.0021093686389471,0,27.9270299098531
9.505174216311982,0.0057096104416095,1,-18.18749575856392
1.5585606069586433,0.0011805247516996,1,5.588384793010455
-0.3388088879753539,-0.0019514614284916,0,27.404794354029892
3.338731714036092,0.0003418875285637,1,38.1372771710173
-9.101692429093672,-0.0023765111705397,1,113.61337029639597
2.054761087907229,0.0015045266995896,1,6.409381113673354
2.4587758947108806,-0.0029630701130599,0,128.72092402758864
3.7375262506266456,-0.0006774995202667,1,96.45555070943104
2.5551244267070867,0.0030814188621999,1,36.69697600373753
-2.0589309603524804,-0.0035472728149921,1,22.480810635111578
-8.772640089331798,0.0011278424436391,0,156.49732928335212
1.5747019002954854,-5.969975740480114e-05,0,8.50256921930141
6.103573769460574,-0.0005514871988536,0,69.43809438686466
-1.1282261482779727,0.0007949237633442,1,22.8987769549092
-7.140221112790693,7.01320336494622e-06,1,193.48642766239755
6.948483796934944,0.0005372344752763,1,150.18108324641548
-9.37135279747294,0.0027850397362851,0,339.3632716903195
6.107758599349854,-0.001050980549164,1,235.1860491275317
3.0993658950440324,-0.0011306782436615,1,96.53054288878624
3.7772204260642894,0.0004153379757915,0,12.983597190945353
-7.313262269727621,0.0016105652635368,0,152.05366497775452
-0.5891528488502686,0.0019381945850241,1,60.357224574431676
-6.226815767066718,0.000907748800234,0,78.86209573359542
3.486515244625465,-0.0008012388826985,0,45.25804452717622
4.772818982458492,0.001027928108621,1,45.44798662305474
-2.1954921909500547,-0.002607564474218,1,3.9015297065643164
-8.734569955398197,-0.0005166447744794,0,59.21242171043868
5.976123195798346,0.0013161917892309,1,63.75416949011714
2.460198576051468,0.0015249029784792,1,6.164651490176216
-6.275644109273316,-0.0003309606790346,1,121.42414401919805
-7.873600554772084,-0.0028842004890583,1,42.13202561824217
-6.582862030656362,-0.0005025910434317,1,122.94221273443117
-9.394365330468622,-0.0049397924871287,1,12.738314554944285
1.4161368918670352,0.0004815686008595,1,6.560874408845804
3.0571636643181943,9.219244956005313e-05,1,40.492003120426
-8.444794883840427,0.0010865722828096,0,143.82747888658884
-1.916479972635564,0.0015999854324098,1,82.2441039287796
9.507610325353117,-0.000254249738809,0,94.02944372588735
4.479855700217879,0.0027911891097733,0,37.73891895916606
-4.487515834317071,-8.877305288408909e-05,0,12.960456715755123
9.655055951361714,-0.0007861362666734,0,139.51271966963083
0.5622975518267381,-0.0008402718358047,0,13.124267525372428
6.331255238045191,-0.0021000060690239,0,178.23794450206964
-6.976058171710672,-2.8494752901395263e-05,1,181.02246133884393
8.265092960460944,-0.0023342084059073,0,252.3893593227495
-7.189953861739353,0.0018346130024542,0,167.0183903446234
-5.505765341498807,-4.403867665849036e-06,0,26.02291635944951
-4.6699124125268,-0.0018732463004999,1,5.075101654376179
-9.502703670092332,-0.0004741662954778,1,297.02315882421465
-3.195323415783724,0.0021394919211579,0,100.94705810685753
2.587672560044476,0.0036603290666272,1,65.41895162353043
-1.7240412612261515,-0.0028796607707091,0,27.331087580947926
-5.903727405021602,-0.0007599738688529,0,8.12786881670981
8.692370379196763,0.0020902529920384,1,103.39213360321651
-2.4540951307393266,0.0001716774108876,0,6.159885145208272
-6.9244347798253525,3.333543515416585e-05,1,183.74135340975866
5.492177867191872,0.0016385997611309,0,4.28354610765758
-8.654684187823003,-0.0011189910930473,1,180.44967263131457
-4.5838989627106885,0.0027503534200434,0,182.17888259935432
6.415147862540721,0.0038592653661893,1,1.525939004104218
3.9578763817869222,0.0024198443771415,1,6.509997116493097
6.618753720437876,-0.0002066654043647,1,193.2987339091827
3.2672554576558728,-0.0009642763305677,0,48.62510856223419
4.097976887025084,-0.0014266371637535,1,156.9397612209863
-9.873711106391896,-0.0049816046315941,1,24.070050687221027
-8.563413920896961,0.0027350456568833,0,302.1369928917648
-6.673336757586781,-3.117878003760131e-05,0,41.45428537756363
-5.877929484693343,-0.0029590795467427,1,-1.5047455251609891
3.775718552717549,0.0022566343235863,0,23.970350207637335
3.5610304063721028,0.0024986728270846,0,34.75528479085343
2.2320784668499307,-0.0002051533296326,0,14.94457380301246
-7.80232681862411,0.0011922743835577,0,133.67358440325035
8.525355188611371,0.0018033585777488,0,-7.145801344343198
-4.516290025446265,-0.0012300023722905,1,19.401854093926598
-8.14427184816547,-0.0021376255107907,0,-3.2521504343293905
4.109308733561532,0.0006309340717003,0,10.883762072839197
2.755121471306147,0.000663189804805,0,6.816675368054168
-7.098408118158732,0.0013255183143586,0,125.01930080553907
8.728210164123325,-0.000238104692383,0,83.79228214181131
9.40540992958519,0.0026083765321124,0,-18.921170917622995
1.9532444402833136,0.0019343836374061,1,12.01614031509769
-5.107649762092699,0.0004657123908111,0,38.599553307755414
-6.637449187919251,-0.0029651019349427,1,9.875441021127147
9.263232292488691,0.0053064225675935,1,-17.651035703461883
-5.627197194666129,0.0016420267970019,0,113.2941144797388
7.140204469667243,0.0044569931059929,1,-0.28829140066011805
-0.1768518861756884,-0.0002259278202331,1,1.8108213846201129
-5.683345591693505,-0.0004095311761275,1,91.23651212543714
3.549570370476083,-0.0016965485529137,1,148.0193145437564
4.535351697117285,-0.0007244837909429,0,56.33764407623968
4.359487522709598,-0.0015631217526246,1,179.05327831023143
-3.781527164870191,-0.0015634993112302,1,1.0583100963888068
9.248234606503424,-0.0002597785784098,0,91.42213906247574
-5.226373610018873,-0.0039026772809116,1,-15.16069624236188
-7.7698616478277955,-0.0044371955367255,1,-5.8940772638180725
8.097079107471345,-0.0008753355451401,0,121.12934455656901
-8.07597266674268,0.0029354707420667,0,308.11671601267443
3.866136795384076,-0.001906083094624,0,105.20741479867198
7.839078554174183,-0.0021662208160094,0,224.47099737175634
-5.06589593417096,-0.0026397256338262,0,-15.313209521208794
3.705053003214914,-0.0008915174008478,1,107.06565207368553
6.059727789243283,0.0006463578464708,1,105.61412004687449
6.499822448136353,-0.0005241632607835,1,213.20573002777707
-3.46451796594903,-0.0017301468849273,0,-7.411125335028082
-4.032839454759345,0.0007279168107581,0,35.57873452782338
2.8752602648767933,0.0028093628015937,0,57.432197464859996
-2.5902409682022824,-0.0023382855783067,0,4.701736584927654
-4.044025736239309,-0.0018870847540869,1,-1.7610066192728557
0.1928982626606341,-7.459236139656116e-05,1,2.8970036130651895
6.633160801759544,-0.0014884959506294,0,138.90849879100958
7.149848671313222,-0.0005220470133434,0,82.17542041327908
5.07107035713576,-0.0002153206837638,1,121.79356907799246
6.07489349072668,0.0015377748179625,1,55.266815114282316
9.994644219780856,0.0042421025506077,1,5.779730640637908
3.2301884898674142,0.001682783881371,1,7.504136616955837
1.3558393848220351,0.0030118320061081,1,64.42736593434645
7.933353156068016,-1.2818095374970948e-05,1,248.28083492405966
-5.671101123035722,-0.0003925618092835,0,15.650642974041903
2.372236398934636,-0.0015174580075425,1,88.72461328995425
-7.778358420893101,-0.0019502427939245,0,-2.364957885702183
3.2443521297625395,0.001537129334264,0,10.462397557036349
-0.7359209356963348,-0.0002447824359079,1,0.910197822934864
-3.57537159467806,-0.0017054646960811,0,-7.98150648740171
-9.712528622130268,-0.0023971119550724,1,141.81592138523064
2.001031159913504,0.002752899262755,1,35.04806469691767
-7.869118001467936,-0.0012594939074075,1,129.00833799352796
-6.023912611413921,0.000733253733383,0,65.54661402784814
1.4031506737210826,-0.0018520816870439,0,52.98670670321303
-1.7559284708889606,0.0012011605929692,0,30.42681453638309
-5.8081874579456505,6.372235231110864e-06,1,125.15324986384618
-4.606083220216317,-0.0020614897584831,1,0.5987378500173699
3.0783168572709645,0.0016534218281773,1,7.106969166782766
8.222801862933217,0.001932404138552,1,98.03682586787582
-9.756071473549664,-0.0027398792330757,0,-0.8174766270811187
1.0745835597767002,0.0009169937361296,1,4.938005720256079
4.790013431537034,-0.0013405153930416,1,185.57328683833774
1.2542863419473598,0.0017839485036849,0,27.30277176490923
-4.04450668090859,0.0001448216552477,1,65.79296215824849
-5.513837841426044,0.0008260661182836,0,61.39771923386784
-5.696985677566444,0.0005733709821112,1,166.27680132967996
7.389368020024463,-0.0011523990380147,0,129.29637063923641
3.029358123031116,-0.0015100369802915,1,114.12243387288231
9.620640257391322,-0.0009408227344965,0,152.63289204004732
-9.106493712284042,-0.0029223481168112,1,83.33114973921889
8.03289456366618,-0.0028623545025096,0,297.0591341180385
9.035339408579889,-0.0009634277361632,0,144.40705288851183
-2.4313777447741263,-0.0034637984263993,1,12.821705506068616
-8.430954003432259,0.0019471580781883,0,214.67661386659654
9.520432908083064,0.0044448432702515,1,-5.950121454054193
0.8218653595652796,0.0007966139408901,1,4.665360134505678
-6.777723014067918,0.0029145822838573,0,261.4623052023875
-8.330814574378705,-0.0039717134529265,1,16.759442111403672
0.4899103172789907,0.001339204723612,0,18.590668076964818
-6.290274596936996,-0.0044818613336728,1,-18.994760330436737
-3.6069036319200514,-7.376147953905075e-05,0,7.012567326775242
4.9092825747878965,0.0002607688855906,0,23.15645562109186
-3.12738236070947,0.0003098521092419,1,47.228931380889776
3.579369597274315,0.0037929071876755,1,44.45005697630051
-5.025375264613155,0.0011379579721482,0,69.66582627252464
-9.809890088816369,-0.0036942570124801,1,73.29578014166563
1.5251546197574868,-0.0014254624191243,0,39.86524519543065
-9.609593413476352,-0.0016327397216673,0,32.73793293590275
-7.069013081606867,0.0011646957377181,0,113.17643019715524
3.318109376359139,-4.871814883540904e-05,0,19.75571775523635
-2.3818212815392563,0.002462315424061,0,110.34456935136862
1.9892750219369013,0.0002268505322652,1,16.324993456960968
-9.494499950088516,-0.0031985263556739,1,84.90891112622393
-5.9695092550616895,0.0009040077127179,1,213.26893237439856
-7.190739823071999,-0.0031977765333248,1,14.326025748661076
-7.947438166025367,-0.0027782363113724,1,48.68388943815656
9.572523548553804,0.0003992185288349,0,49.44981990333645
3.0728973002523894,-0.0002834978926771,1,55.53012970590112
-8.756915181348955,-0.0054017897937005,1,-12.712574159844923
9.823898735671754,0.0002701356163646,1,336.41499227114315
-4.074904743265211,0.0025466807725902,0,151.23209674556333
5.926140473784511,-0.0023042298039017,0,183.22188835891876
-5.792854585993441,-0.0006269822902085,1,82.14439319105716
7.54322009900703,-0.0002214348547498,1,245.20437667763682
-1.162905689038908,0.0021260989420447,0,68.39645179954991
-4.014956869411135,0.0007877723623205,0,37.81783376113882
-1.923499907899755,0.0002940349532254,0,6.295880231894518
-3.080873053763016,0.0012739329230724,1,103.13249975067811
-8.673438341820606,-0.0050539754699052,1,-5.626151254350664
0.7048736390220647,0.001635759213921,1,19.704891863818116
4.901713218544083,-0.0005286058708377,1,134.92054843493216
-1.108377147410156,0.002476557378793,0,90.22926950729277
-2.514715195384736,-0.0005514657907627,0,-3.00911335693021
-9.465586038202968,-0.005499288261068,1,-2.2301970070350725
-5.558731652194173,0.0012793374290815,1,228.38275873371492
6.273272812256025,0.0016721554220033,1,53.844801805455525
6.634033612163368,0.0002492947588899,0,36.212898510823436
1.1089612491475052,0.0026662041101609,0,71.30563428438452
4.1807369996866655,-0.0015718329555247,0,93.15494445101788
1.3324531321471174,-0.0012619544780805,1,44.898510500267314
-8.769582297540982,-0.0026933173068222,1,81.72073593070135
5.674018300250449,-0.0029837928984672,0,229.2020365818666
8.44361582990944,0.0014728853201472,1,141.83430067254832
3.115637169488714,0.0011297387139564,1,13.366179043027595
8.419250274480742,0.0005238203381252,1,224.79553546186406
8.059504523894297,-0.0010322874675345,0,132.5730536523173
0.940594906763053,0.0011993463870715,1,8.156989748044065
4.875800564318126,0.0036144199224389,1,13.089739601498652
-0.0985559132235707,-0.0007017653010433,1,5.498674128835322
7.587883732947397,0.0047148028329663,1,-2.577721845714245
7.1050867117124525,0.0028944244990888,0,11.85484480585308
-2.3270341018115808,0.0029499916802888,0,150.38861673584702
2.17697949738824,-0.0005939473389022,1,43.41552211714277
6.750915200755976,-0.0004208114372914,1,218.22428313046942
9.524375549505653,-0.0001605426706145,0,87.1910446051873
-4.387032640618365,-7.027021235672104e-05,0,12.617444158003515
7.304138591586117,0.0022085292888503,0,-2.3532007369088124
3.090288689261788,0.0033376031690664,1,35.64116583608196
-3.038249030154696,-0.0026153176537851,1,-5.134476098668785
-9.614470000490476,-0.0042617846457768,1,42.316181003588234
-9.54790935798745,-0.0010234126928961,1,243.3557044855626
0.7356868773100231,-0.0015226729107352,1,37.99944418325877
-5.330985004005622,-0.0017185493230098,0,-11.023838616321662
-4.524444839217012,0.0003627260683806,1,96.26659039309715
4.217214464390091,-0.0002381716952702,0,33.171158513235795
4.819797575097436,0.0035454645563044,1,12.375867008053854
-0.4523331008431093,0.0029833432479742,0,118.01520114545735
6.552149635793626,0.0027015727757962,0,12.350689709024044
9.241611654715836,0.0038274517299449,1,13.786230398735292
2.692249104937257,-0.0005983741247234,0,28.726485818549584
1.6465983250612108,-0.0013896842473399,0,40.48294918068186
4.500409781272943,0.0039597200864439,1,29.931387561460298
-3.017681919886233,-5.032355651761737e-05,1,29.41267910372558
-4.035503159953338,0.0020324399736225,0,108.83452295694244
6.479326457505543,0.0018887270158429,1,48.533323672877835
0.6269536399451443,0.0008476630607272,1,5.635068913789644
-7.000848451304609,-0.0013246823924239,1,87.26088174899826
-3.01301303558078,-0.0028865439523505,1,-3.2131379207841393
-3.758216718845455,-6.791842057592075e-05,0,8.07621430024107
6.050511235451339,0.0015697034287702,0,2.946589480207611
9.39038060772107,0.0020292786589954,0,-15.324671868381632
6.354753421990246,-0.0001604355082897,1,176.25561481651144
-0.2747614345813076,-0.0012115022210554,0,11.904402968421511
0.8953576037376116,-0.0017957666302512,1,51.52755838763344
9.454993013996376,0.0021603229949026,1,127.00869563196099
-6.950138113538791,-0.0006520300048613,1,129.0709043378642
9.589488004530857,0.0005882020962558,1,286.16400943220776
9.370598812091998,0.0026724996384591,1,83.93852148701043
-0.2993085222565472,-0.0025927024520676,1,43.709245355433865
-7.551162795672985,-0.003574461834203,1,11.195820453939982
-4.782053426603374,-0.0034669050476042,1,-12.716213524422821
-4.8807544089764265,0.0029747476906498,0,212.72671283504798
-4.236858549868446,-0.0010872492042414,0,-6.336476839181575
5.37833645571115,-0.001517419972371,0,114.37677698844604
6.228331887231903,0.0018173632379596,0,2.038361543458318
1.942983609836148,-0.0026788380119226,0,100.33777674948612
6.252673462489664,0.0012661518661183,1,74.74544510591932
-5.5545336258593325,-0.0003943914897786,0,14.403346082605225
-0.4644466819414674,-0.0012040692578056,1,7.796093373179494
0.0600326305171901,0.0019029585801576,1,41.59273726547205
-9.357178064793205,-0.0012139224628629,0,43.383234638904106
-1.730155369537265,-0.0017770945555667,0,6.320580706250734
7.163982196012288,0.0018629492283082,1,68.24559907774605
9.41668904646454,0.0026661444163164,1,85.90256756593087
9.10435960778672,0.000748800601831,0,27.61825693185833
2.150992827753928,0.0005733630152824,1,12.043944729458179
1.6127976151566583,0.0018337953138086,0,26.36792157920811
-0.9331388644816768,-0.0021950881145897,1,18.163977393222453
-8.355222251959397,-0.0020006654134504,0,2.3432525829831734
9.013599708021722,0.0013648835376803,0,2.1267603149391876
-3.8145032375678314,0.0007750215152924,1,96.65314397735153
-0.2648320986919454,0.0017426386775194,1,41.978845973719515
-7.654667409772349,0.0029999587146617,0,300.88145999498056
2.6273398804562635,0.0031680500587399,1,38.78807121576352
-1.4191816651079137,0.0028952307320676,0,127.88138466632171
-8.371145093735425,-0.0006090694538624,0,47.883131896795874
-9.311418522670609,0.0013032747968203,0,187.28753056842694
-2.245411666491184,-0.0001961382584473,0,-0.033175830823641395
7.35834974379857,0.0035871805877704,1,3.2563933255513455
-1.239267718240857,-0.0002466241491095,1,2.122074826910448
5.449343163132426,0.0027142500509538,1,7.688864120249762
-3.931426925888144,-0.0008683414611439,0,-4.562941084345149
-9.379914692274498,-7.249791623053704e-05,0,96.55637015549988
-8.198044755250057,-0.0014448333897295,1,131.81133091308902
8.523362357813166,0.0047302557363614,1,-10.8607816239026
7.425311636117382,-0.001242585906411,0,136.80379462429613
1.2659848057075571,0.0019393698327111,1,20.193625840305128
-0.299456487889941,-0.0028552943299959,0,54.898402643433776
-5.648058497435516,-0.0034082616024963,1,-10.401787180345053
-3.635187124859387,0.0014724963622958,1,143.08693200422098
8.253242728664365,0.0025254609703443,1,60.3044021522991
5.239963417332923,0.0019763285387934,0,7.846786809920481
5.636885846389397,0.0028190513817299,0,26.004150181138073
8.48083190425032,0.0046838877124165,1,-10.411079270661956
1.2279555455349964,-0.0008353731282927,0,19.443211779146374
-5.345258247905489,0.0003071082266481,1,126.98027435959904
4.614026803708491,0.0034963081820329,1,13.970574171811515
2.1291989871262924,-0.0022306081629528,0,83.38622219773131
7.764865550042792,0.0020778819152163,1,73.34375202300083
-7.651468443302301,0.0009601181051652,0,113.84334905472303
3.0212552301845115,0.0029969912746441,0,66.59744942397151
0.8432226433954426,0.0013488865122815,0,16.921451078082036
6.608564292601027,0.0021740210357301,0,2.04645379974798
7.335619120998707,0.0048871620967428,1,3.8964133102230627
7.750815624799635,-0.00299192678203,0,300.23611783102893
-1.360037610181223,-0.0022023128689768,1,10.592375779181756
-5.968998174457234,-0.0013727598676695,0,-4.153361265041156
8.940885610144232,0.0033203255377622,1,32.52909007509234
-4.748815297232099,-0.0023968333746832,0,-13.349509343407949
-8.748715579419223,-0.0053441225908179,1,-11.456374775745783
-3.7693812147358514,-0.0039495711350651,1,-3.7180558072787058
-3.257909066318972,0.0020864782221555,0,98.29639597882374
6.923659243435168,0.0011262908202503,0,8.561647824314857
-6.915581056922866,-0.0016823046585121,1,64.85548816953602
0.2998682710802232,0.0018410727372417,0,37.40037490118173
4.213480086183719,0.0032598769237443,1,13.977354600319728
-1.834369157683458,-0.0004567572059956,1,2.784168354772552
-0.0972936440947709,-0.0014693505732532,0,19.02646762787762
5.15592500213284,0.0017946964376033,1,25.25731868539324
6.520181384621857,0.003218785874827,1,5.628848394515748
1.8096635476325105,0.0020177707342898,1,15.164136958701588
3.8815124205425056,-0.002278944575816,0,127.42068025299369
3.034022705086251,-0.0029809775569118,0,146.32434203584344
5.6472762311480125,0.0033240186353544,1,3.8357025092901607
-0.3177567848001388,0.0004280108545017,0,4.287939004693907
1.6158927244380925,0.000440264635248,0,5.230666035119336
-0.7590506326073729,-0.0028786619619026,1,39.349123879061636
-6.81753159912609,0.0024380900632657,0,211.79447715733556
-9.062042152935684,-0.0046458192685297,1,13.683325982632683
-3.336650555346104,0.0019195905487175,0,88.2693366190544
-9.446242897935251,-0.0055540075632609,1,-4.1878009001645475
4.439481684911641,0.0012610032342458,1,29.684393670295073
9.861760615477174,0.0022343239381026,1,137.3239742340859
6.4313495476148255,0.0025091230083055,0,8.738577076713682
9.90118877593795,0.001130336235602,0,10.882430601459504
3.661740987452557,-0.0004819677366913,1,83.37841076973069
1.312444722832918,0.0027540368076992,1,51.44321940613098
-5.144232343761308,-0.0013096453004993,1,30.046433523423996
8.929325217757121,-0.0008716126829821,0,134.8738659995419
-1.3621170287956978,0.0003146142800472,1,12.83492528767056
8.524726374900602,-0.0002042600766465,0,79.14263262456348
2.5482931573463503,0.0017961456710111,0,19.058822369067222
8.538503575913559,-0.0009658326356139,0,135.85531834379904
9.24928297352034,-0.0025578909063295,0,304.98091761107037
-1.951790670828517,0.0011966272457828,1,59.28060004615352
2.461245091954181,-0.0008861464404105,1,62.911314697658995
-5.845274592816711,-0.0039922914634217,1,-15.543273502553152
-6.425881900665827,-0.004150044641973,1,-14.80716050375029
-7.872479963003855,0.0005527750073217,1,298.29767999485995
-2.8376727817382363,0.0011172676712024,0,37.94383321010355
-7.561442203192601,-0.0008074715997031,1,147.11771634405426
-3.901779908452891,-5.581358506745886e-05,0,9.313558702796753
5.8482967910995605,-0.0023097993236327,0,181.50408249113482
-5.285694060478708,-0.0038599489384821,1,-15.045507826626618
-3.09865435699445,-8.718175585325426e-05,0,4.1092430243288645
-0.5711615256202869,0.0024726838816336,0,81.93884654604378
-5.083357901464276,0.001650352358729,0,102.46965953942598
0.3850731071033326,0.0008159659015904,0,8.002562479758222
7.663919809280575,-0.0027435764052942,0,273.3062782453908
-3.671309946202255,-0.0026896981026141,0,-3.6830466184307413
6.135946816056283,-0.0021175981748358,0,174.48451831509166
-3.4116652346974563,0.0013586274343972,1,123.40962526124741
0.457166704343809,0.0018747935461127,1,31.86402991402687
2.07723290207689,-0.0019854350982882,0,71.21485963307052
-7.3599300503937375,0.0016921639726251,0,159.90284040913662
7.150727789346277,0.0015134616693326,0,1.2830507014655348
-4.181299306160122,-0.0013683974702823,0,-8.647905365755006
-7.728248747650987,-0.0008658150114583,0,27.15810415068988
-2.9129281165165537,0.0002280604687545,1,38.13246693053978
8.529562599687605,0.0029099257790068,0,-4.984038615793023
8.421834039683777,0.0035632295634647,1,13.366113763175488
7.136049805830453,0.0006449549846156,0,23.66210465816735
7.183239551235701,-0.0013626955823779,0,141.07261909386273
-4.049408030278611,0.0028936322703821,0,183.27971634268496
-6.850082514878116,-0.0050003049449935,1,-23.10278241709017
-4.219592177897027,0.0009341158432623,0,46.889612746964254
3.0431849110662785,0.00142343614667,0,9.579274712912426
-7.197591187736645,0.0019851672726512,0,180.27020746576645
-2.0891992641288866,-0.0001936633412083,0,-0.21449589363413724
4.384958291423464,0.0041933503987151,1,42.8850114507882
-9.03280329198919,0.0005026775550744,0,120.91540724810758
-1.3054527450988331,-0.0029131794313329,0,35.96515372150307
0.0628617278582783,0.001560583513588,0,28.46628098552062
-4.332102953061298,-0.0002980600009888,1,51.65307538392006
-1.9185976752610931,0.0017627952760059,0,57.80788583856252
-1.4231399465736594,0.0013385355223409,1,51.85204442621833
-8.752724544206991,-0.0008194216185352,1,212.28672226586414
3.858645084900168,0.0020141433737085,0,16.569692287830932
-9.6265535926905,-0.0019835899998891,1,166.4764982881067
-7.449378154591971,0.0001066771328264,0,61.36449224190718
7.154651828298942,-0.0005372680708624,0,83.18891018642537
5.619326032600146,0.0006602804855324,1,88.79116478457365
-8.81726676983609,-0.0054569446592611,1,-13.087293722369692
0.5755122893130142,-0.0008994942436825,1,17.909134491690544
5.209438746777884,-0.0001533973509315,1,123.5502377988281
-7.925504085454495,-0.0001658722350573,0,58.18152542262858
8.439354589440715,-0.0002130422653217,0,78.74913135505267
8.38806300992788,-0.0006121039708232,0,106.03292084998697
4.93143879066678,0.0020123262927348,0,10.097902935628559
4.431622212020121,0.0005640721258562,1,56.73976520905294
9.747696131917536,0.000557157561693,0,40.818098842807714
-8.991976076400876,-0.0039190655910648,1,36.01565684583746
7.984496980855525,0.001552127939771,0,-0.995151753210771
9.629198849466013,0.0039072732073681,1,15.879264973505649
0.8579976680094763,0.0011611264087982,1,8.15617281106957
4.757593936254917,-0.0019696584625067,0,129.55254986445442
5.195402814603451,-0.0017941175957683,0,128.32727088522685
3.5582635784056507,-0.0018661866292835,0,96.27701012427147
-6.879380166139784,-0.0006841730484727,0,21.048165697520492
7.435130696179776,-1.868614193676342e-05,0,56.242243502812784
7.068340048150354,-0.0026655661022182,0,247.07619802305325
3.756433134797092,0.0009558289809814,0,6.956854909653731
-7.911350701459947,-0.005273217971873,1,-20.68065067636133
9.161042982941666,0.0037210473892915,1,17.246380227360014
8.686862449631718,0.0030045297156504,1,43.82240285841543
-9.340741126601984,0.0014513696509283,0,200.6593780502652
4.871142513895778,0.000698920104508,1,62.88121453583315
-3.96821572203804,0.0019146655808125,0,99.15071872965095
1.3171971319856368,0.0021753956991242,0,42.42573678312178
-0.9246596699256492,-0.0016959430439604,0,13.843751358343605
8.851739030036104,-0.0013875929224681,0,178.10914576314642
8.631456160711522,0.0007853890088111,1,211.50995178248857
-3.766915662103578,0.0012728331270135,1,132.29177760732003
4.794750160282977,0.0001676596882813,0,25.09963134577737
3.3384801486110938,-0.001603075123867,0,78.26899796586702
2.882251506927126,0.0012228175654634,1,9.785245981924724
-0.145963266085312,0.0009444457029833,0,12.13411614841124
4.270252209181338,0.0031275099298093,1,10.879732255336807
0.7388270767000389,-0.0003156971650781,1,9.562086389173377
-2.310170872521131,0.0019232939823111,0,72.31437057331905
-1.6552096082863503,0.000698655443692,1,29.302228454763505
0.1331317576356667,-0.0022312938425924,0,43.24237879785088
-6.603213916341595,0.0023567671740191,0,197.5943468936888
8.132170491073015,-9.588923510993344e-05,0,67.87275204433286
-5.723779809505604,-0.0006792808176701,1,76.58754031712525
-0.1538473999128626,0.0015363774689368,1,31.02121704630502
8.154733786551937,-0.0005804688359204,0,100.3329086268914
5.164790477906124,0.000425080075666,0,20.1366319931125
3.8648268606852376,0.0015235694602503,0,8.283673373726199
-2.433093578705721,0.0011697035317671,1,72.68996496777802
-9.21305226471453,0.0008042998577562,0,146.27952146480146
1.0234614179643753,0.0024145984012152,1,42.218942757628845
-2.60548086655227,-9.144754060854848e-05,1,20.09486843306516
5.080114296921511,-0.0020005300769905,0,139.33927686619697
8.576988843743155,-0.0028601962043062,0,315.16450321205093
8.833679293165588,0.0026766814343477,0,-12.184231906200825
-6.546096644950071,2.755505156713522e-06,1,160.740066030832
5.893524838812933,0.0021267781777638,0,6.072738868727328
-5.085843236882528,-0.0015488484008637,0,-9.67119387087697
9.407290992907429,0.0005505287921547,0,39.51400551562442
0.4612182143615833,0.0021852335874346,1,45.02965819965942
7.13251200198874,0.0029592529955885,1,17.581483326228323
9.612918621610874,0.0011782611285877,1,225.69175714453786
-4.177534967221894,0.0002270332502985,1,74.9261834624844
-3.041032625416477,0.0029641730746494,0,166.92655752903178
-0.0589896303093553,0.0029746344386837,0,110.63709364112347
-4.554069575796103,-0.0025272238257716,0,-12.155481351944333
9.334900411582169,0.0006296284725209,0,34.75877170117911
-0.1297781068786605,0.0024385955735768,1,76.02523032693878
3.875465656328405,-0.0006066010153729,0,42.74673978929619
-4.601869639718599,-0.0026648077996838,1,-7.749802288895481
-3.5875418051756114,0.0024651315382203,0,133.74926473170026
3.252265872031195,0.0036725483143972,1,47.03261370426001
6.167808883938399,0.0009063741275881,1,93.19382759766262
8.324474375295292,0.000458758769724,0,38.33718387306903
-5.697728976736636,-0.0008824140191971,0,3.5671001837240697
8.945772842043063,0.0038407418943038,1,9.439384882716666
-0.7441663976316963,0.0012984550372607,0,25.506549210427966
-2.045068622455924,3.2418256743415645e-05,1,14.824276984536045
-6.168991130225319,-0.0009273855692806,0,6.467769844490953
-9.693983514330792,-0.0031387552718686,1,96.38725922632148
-9.941748821754658,0.000582494045725,0,153.53028114593084
0.1637246435506973,0.0014998495622588,1,23.97563438063885
0.9654961588277508,0.0031775382519,1,88.06443064427239
2.724746064851544,-0.002428746004028,0,107.10520006866341
5.786396525069353,3.110234741619799e-05,0,38.11979987677329
9.119241869203808,0.0019514368986408,1,130.77523080619923
6.908730384202404,0.0017657466436281,1,66.3382596033525
3.757142217658876,-0.0007694753973486,1,102.26711471279927
5.621243287293861,0.0040614715203804,1,12.574834190999095
-8.154092294064363,0.0014728661921417,0,164.85271932089066
5.5161118108411245,0.0021999773714,0,9.711963091833354
-3.652421133329682,0.001701534903784,1,164.66914351622825
8.36291636297618,0.0039478715467934,1,0.8324343086727586
-6.670525825688753,-0.003703276518033,1,-5.826140200592225
-8.759865374032126,-0.0017266221284817,0,15.29936451213195
-8.996003995777098,-0.0030541610829745,1,72.49266760859109
9.1941942064,0.0009074268206134,0,20.274289345081424
1.2091341899291468,0.0005561839003816,0,4.813587800889495
-6.505539123228585,-0.0033241511185823,1,-0.5934722612876406
2.813697296106664,-0.001436777020856,0,61.071463614475604
-5.036930537827091,6.941215815039333e-05,1,96.82684495673374
-2.898645637525883,-0.0029667569957946,0,9.474532859358973
-9.615788443696564,-0.0003133049883253,1,323.67018679034146
6.308188791042863,-0.0016202219161949,0,141.42276512057444
0.2550375712152597,-0.0022740993762057,1,49.405950898433595
1.951243409519508,0.0020121325515882,0,30.045589264056108
9.926189953330926,0.0030266605925701,1,75.76503292402171
-2.5258236807866385,0.002897279211153,0,149.640578782139
-9.524610360787229,0.0018939209400099,0,247.6324494193365
1.6114724575574275,-0.0021583745872343,1,90.41550209500375
5.520328781868354,-0.0002425036175061,1,142.99520859874684
-9.918743002256807,-5.978370395669077e-05,0,112.15987743055916
2.410271085015543,-0.0029831937392667,0,128.43681629410747
6.5214930163582565,0.0011580015588096,0,7.492984228778644
2.635005220873792,0.0033620972255166,1,47.65118631957188
9.33052651067553,0.0025702763074631,0,-18.243823691984286
-1.4936782987432018,0.0012087518117826,1,47.30251266556067
3.7334471248913577,0.0033658038651142,1,23.959290398780603
5.525681227474946,0.0017753721317745,1,32.51639409584026
-0.7988753148473666,-0.0020309087969929,0,22.60067552151736
-1.8056541750553483,0.000142486706375,0,3.411253387756566
-6.8549302763433335,0.0018496529563743,0,159.12657623574933
5.638498279009028,0.0040789300789928,1,12.722712921266748
-2.5271469083910763,4.193482388848842e-06,1,21.74369067637742
2.498034575521828,-0.0020795069492948,0,84.2901535323638
-5.489616069276044,-0.0005873730784995,0,8.705102744404087
4.751346433902434,0.0010084415946369,0,7.683038435070579
3.6129073349414433,0.0028478439454747,1,12.635714576052084
1.1414212952963112,0.0023884780867942,0,54.83554883677556
-5.8431037543174185,-0.0025312425490252,0,-17.8439411586145
-9.573990323314538,-0.0019564233726897,0,20.931310659782458
2.7916689419317784,0.002593730648797,1,16.66982671900932
2.7173322873917005,-0.0007785295794086,1,66.21542648622952
2.3568663104448504,-0.0013644686918595,1,80.89379415589963
-7.418961149512611,-0.0013016260616192,0,9.836708271899735
-4.398628144438181,0.0001681803013104,1,79.13240314945958
-6.047428986368932,-0.0010891313928583,0,1.811381817319972
-9.946171642895443,-0.003188032836612,1,104.78474147918377
-1.0990798894575722,-0.0008705174264188,1,-0.4154260331355317
-5.39766046153362,0.00275624695386,0,203.77587264321528
-5.015884501261891,-0.000700188558884,0,2.5945416465661206
-2.1718511782490912,-0.0024440680048045,1,2.2234881692695274
4.341038866346604,0.0033911892576118,1,15.234531683831246
8.698515110993931,0.0011401182565062,0,9.912710757486254
9.57788411625868,0.0022702441712219,0,-19.676648393312238
-2.3038239185149623,-0.0015429031449412,0,-1.2932698879462712
0.445081184859541,0.0019946376036263,1,36.917420656205664
-9.106127711286693,-0.0052967823378389,1,-3.8995117478350867
-3.6650010532003545,2.300700495754992e-05,0,9.594137285955584
4.246181799981359,0.0012048670077676,1,27.92089681331546
3.613648116137252,-4.187226073884932e-05,0,21.882911924610735
1.7509401914294551,-0.0012634016604061,0,37.79539308530803
0.1492793536199208,0.0029267697568805,0,103.48103087383595
-5.1888857186744985,0.0018913865597736,0,122.05451134791599
-0.480444313415699,0.0023847400410321,0,74.95762754962058
-3.355849698481716,-0.002717162208798,0,0.15149368355515502
9.499146295700315,0.0021332443219025,1,131.0770023339305
9.74363960273372,-5.98931459308453e-05,1,368.7883491816061
9.8149835741124,0.0051026720742486,1,-20.28962248544548
-8.034826900810877,0.0019630292026997,0,203.4173694460227
9.013029130679342,0.0014262331595368,1,171.53132138767256
0.2420564331189201,0.000650498430769,1,5.226910925037419
-0.5813067548312425,-0.0016998286401348,0,18.10436172627522
-3.7109500741911328,0.002393302248623,0,130.34576677838302
-6.1630599930204655,0.0003997279207266,0,51.691979828542095
4.670543253998234,-0.0001924210580939,0,36.07593694198885
3.756100748135365,0.001213094521113,1,19.735654982899586
-8.127784531447134,-0.0003510068915231,1,218.0874909972523
0.934436171845638,-0.0022681432942571,1,70.72360946432391
-0.7248513694097554,-0.0017614135795163,1,13.255277777919444
-2.137066094557536,-0.0004711078675575,1,4.872439912978645
8.864848143049851,0.0043677947936016,1,-6.7447391725715455
2.3648439140455797,0.0002879749290845,0,8.41809848347689
-4.395754558249793,-0.0028794696567418,0,-9.892566355282792
4.877559893568449,0.0034811884782848,1,10.50280563558709
1.5750167253310448,0.0009811585363981,0,7.707496116876187
-8.891339828109377,-0.0003876777895212,0,68.54811548156013
-8.848293159545076,-0.0016299081463269,0,19.639342280672775
8.8050132860024,0.001560301380531,1,150.27649232347878
7.929124607863788,0.0007218713639688,0,24.22220573250864
-2.775237431450625,-0.0003527187827578,0,-0.9222488790918146
7.849031814588177,-0.0022636986600622,0,233.7360986439438
-1.8031038551209717,-0.0026770516910154,1,11.172725582064318
7.496538935646843,0.0004639874559082,1,182.02568796625647
-9.884992125939291,-0.0050087594664839,1,23.457923160503004
4.579045841366598,-0.0024461704866416,0,156.42891092509285
9.567666532396672,0.0012526477619109,0,5.703669091929518
-4.691625753009669,-0.0021060976782744,0,-12.658636543999476
-9.200245979542728,-0.0007731311943973,0,58.08724453947566
3.723073346645357,-0.0025657428529257,0,140.78949618127078
5.328428771685406,-0.0017666093695711,0,129.5349256809432
5.244023472604999,-0.0029540895729971,0,212.85454622066666
4.68148793746124,-0.0020135306299289,0,130.5525089362549
8.994718088291346,-0.0024619095822704,0,286.96069196886657
7.937067111111112,-0.0007581255919267,0,109.79922982730346
-8.44317681867393,-0.0018276236503056,0,8.024148478150266
-2.3657645083688683,0.0001967094679156,1,25.185291630459318
2.6943766347859857,-0.0024433279871907,0,107.12590203673585
-8.526055430861458,-0.0008045400822781,1,200.05279549764134
-8.757591926482322,0.0009141343348764,0,140.5194473461275
2.438064323880578,-0.0008814542205813,0,34.51997103058708
9.369535735904364,0.0009773018134505,1,232.69443067292485
-4.486301662208154,0.0009629484170167,1,139.864898433703
7.904045363216912,0.0023956555844162,0,-5.683415627629109
9.064725374923238,0.0044230753902971,1,-7.3936500842317034
1.7305576785824783,0.000333748006491,1,11.126879937030164
-5.918062826315877,0.0011165277433409,0,84.93746772910046
-5.909230249360437,-0.0026018080544881,0,-18.482542345883296
8.75799411291337,-0.0014235501617081,0,179.35553554706667
-5.481790013376444,-0.0003151235130005,0,15.923705816287981
6.641112871315038,0.0024690700347821,1,27.22418980666185
-0.6457733290263583,0.0018522032494109,0,47.35512821663646
-4.2927200737123,-0.0002983239900081,1,50.50967064616726
-6.31151193041676,-0.0001150234934967,0,32.71103791139413
-0.996003151945864,-0.0007883430330401,1,-0.17170363401930544
-1.7089474572785068,-0.0029767885735823,1,18.637296920339715
9.0532081477315,-0.0006668483391618,0,120.17501428425848
-8.46570069377454,0.0016215364798161,0,186.63927991699705
-3.5889085189986547,-0.0033865528506108,1,-5.664859489031677
1.8916189794733975,0.0001239919558703,0,8.048510670582905
-1.9628185242097176,0.0012341422166866,0,33.65655055873434
-4.707282484715394,-0.0003858652129753,0,7.26881524895107
-2.0819957954538264,-0.0026866581588826,1,6.673631349497433
-5.439946372766167,-0.0007064402774093,0,5.477747277290154
-2.226289825031915,0.0005211797629218,0,12.715827115124883
-7.929875927933603,-0.0024141752887766,0,-11.146237582832907
-6.116426762211036,0.0001729691023482,0,41.09343082674328
5.215787294962039,-0.0002417843278053,1,129.61134774622226
-9.765093093259388,0.0016883775577598,0,236.86264778934364
-4.69506577101108,0.0005033620107601,0,34.718191205867086
-5.825663321320103,-0.004655732657485,1,-20.068181581269876
4.618471627781,-0.0003510831802737,0,41.55310933596483
1.76840555116695,-0.0004770980334025,1,30.06073687558834
-1.8734078012084936,-0.0026863359888872,1,10.100924841712747
8.800720295708338,-0.0026460172657487,0,300.15988826992793
3.949649151871588,-0.0004903386158663,0,39.25865827552938
-3.575430671289414,-0.0006145098821252,0,-2.359033969078099
-7.856176799273924,-0.0008159494789816,0,30.88746106858643
-5.293775986657156,0.0002780951626543,0,33.62562789935721
-2.675159114652139,0.0019901736051401,0,82.0348037581766
-3.663515179028298,0.0001247037442777,0,12.116178069807566
-2.707880789949712,-0.0020153840549557,0,-0.299240891314005
-7.773488051530418,-0.0032279841842436,1,26.834974357756476
9.387588469988614,-0.0022421758751287,0,275.411137022279
1.1243120648460714,0.0029404511072968,0,89.45571976807656
-8.93888522265513,-0.0024785853366658,1,100.36827651873574
4.2841299562588535,0.0006091864593254,1,50.794860899772104
-1.2060699775517565,-0.0027778188422428,1,25.428201945067592
-9.517900777680197,-0.0055683703195407,1,-3.1068607037826617
5.739933821224181,0.0006009884919463,0,18.355538800941744
-3.23120201025618,0.0002625520342027,0,12.603706630747368
-9.1881447321483,-0.004520415117459,1,20.7859339309576
-2.442599879554585,0.0023892646162602,0,105.88904952225448
-9.47180531407996,-0.0037587064906574,1,57.90847787619988
-4.31367985431428,-0.0019168431391731,0,-10.969785382175854
-7.114489640306607,0.0002714294448955,0,62.74279490501953
8.09500862833573,0.0029525696006557,1,33.78241686410712
-1.551455285710583,-0.0003966339453204,0,-1.4732876835382145
-0.1000514164497463,0.0017959758909976,0,39.212292239961236
9.887213136523844,-0.0004085160703189,0,110.8277941101172
4.913074696940843,0.0015725683091576,1,28.179602498859605
-3.17763539243487,-0.0027971929681258,1,-5.315141240391802
-9.604557667547615,-0.0020424388986552,1,160.94525154677535
-8.129725030219719,-0.0010249766981096,1,159.46175534241283
9.743208905325536,0.0029951685181349,0,-19.5685814511954
-1.5839716003231563,0.0002605445803742,1,14.377154187837473
3.7717361432903314,0.0003187368493066,0,14.737062214953092
3.173633588456564,0.0026099620584681,0,43.669784428119215
-0.5809042556810198,0.0025212024218612,1,97.68763182280142
6.727427838732989,-9.19752897895579e-06,1,182.7785148759315
3.1376215948669426,-6.601444076500457e-05,1,48.46517122409987
-9.196687953797197,-0.0018191903030233,1,155.48928203339958
-0.3851685837740177,-9.009260539244692e-05,0,1.2415036922365879
-5.115855185576024,-0.0020466516251519,1,7.4310399706043135
-2.1774371902734195,-0.0036250306343677,1,21.271704163271
7.912886777126125,0.0001881852053737,0,49.45329109596276
1.146617228816444,0.0014460722430017,0,17.80218086077563
7.786016158048781,0.0046842681050882,1,-5.053764070703049
9.340459387225264,0.0052599320047348,1,-18.454929218868184
7.0367924852752886,0.0047802575809246,1,6.574169202606914
-2.5760093262756323,2.940813397835266e-05,0,4.0501449925415915
-3.118676446730264,0.0014140944950415,1,115.19712755212248
-5.930320528520943,0.0010840223526924,0,83.244146578211
0.5012565723055964,-0.0014526439518413,1,30.29524677515631
9.655195881920765,0.0005971789739041,0,38.03206802636283
8.963084031569025,-0.0018102538218422,0,220.29545042267756
2.989237448027895,0.0034746932891637,1,44.1249251754843
-7.595953006889209,0.0009524766581049,0,111.96390402885609
-7.813968163612794,-0.0011925631780787,1,131.08891171918103
-8.935868053136229,-0.0049292566071663,1,2.660650646949799
6.596963775397434,0.0002371528174029,0,36.43823898990526
4.395024916825765,0.0039290262781632,1,31.02313567522769
8.579791605107324,0.0008762856501894,0,20.06358149253429
6.911413973328152,0.0028730791044774,0,13.457671243677723
-9.76439850638931,-0.002247178389989,1,154.8141529351198
-5.095493917773871,-0.0023473669161052,0,-14.771043940600308
-0.2592279865983737,-0.0023398093776148,0,39.522284982525896
9.0479934375584,0.0016766058877267,1,151.0183568371848
-9.299710859033778,-0.0020530873965993,0,13.407704361912165
1.7297144856812672,-0.0012804111353966,0,38.05251781663675
0.631700261215089,-0.0005466009307416,0,8.924003987953814
2.597975153974094,-0.001365153930793,1,89.63552412633783
2.0069022607502878,-0.002295410076479,0,83.67531034231985
-4.138089871561348,-0.0041022333862262,1,-7.417585455804197
6.582535708102487,-0.0022896755300655,0,200.2902563101241
-7.373281004667833,-0.0009172283327047,1,129.77693548256613
9.905447262079022,-0.0020152401206282,0,265.4012104268262
8.427485499796191,-0.0010994629088891,0,144.75882275657776
-9.334832338445931,-0.0045697454081802,1,23.061917985651643
-5.519703966169239,-0.0016337419060134,0,-9.762232299485806
-5.467767539543824,-0.003620704374632,1,-13.30884965036675
8.738056125039751,0.001339226438217,1,166.366156057556
-6.994511203614032,-0.0009697550296763,0,13.974020485789595
3.483465459411425,0.0019333378217555,1,6.967638497516487
-0.6082994690301717,-0.0012083983222973,0,8.680955448439821
-1.001359448508163,0.0020823293659766,1,82.23932509431191
6.954621071411573,0.0007471819910062,0,19.291507626526045
2.80578838910343,-0.0014630774290261,1,102.55306184749577
9.257741421105113,0.0038992328931118,1,10.994301842615451
0.2739056042774983,-0.0002699703274156,0,3.944225741694298
6.444910073714055,0.0011684662529675,1,86.72327394871576
3.5887815422408806,-0.0005916512141313,0,38.71481729145729
4.866707511042456,-8.385747917195665e-05,1,105.44839864164459
-7.182924694653616,0.000375228233307,1,232.31007383001273
-4.13589860628303,0.0014760383516813,1,168.19118900835252
-7.8307224440286305,-0.0016656068635541,0,5.022785128382154
-8.042437245176522,-0.0024794439160691,0,-11.699970661793525
8.308888865052133,0.0025440536773453,0,-8.076451669604545
-7.22291840810567,-0.0018396744190091,1,67.63141851141111
-6.958061976060841,-0.0049602788726726,1,-22.254377662092537
-0.5786267078136476,0.0010864457516585,0,17.837195830168866
7.386159250719814,-0.00277207800872,0,266.9808623871237
8.988184560442846,0.0018505751644795,0,-10.06135023266646
4.587027906856537,-0.000520244818534,0,48.076616784516744
-6.860858008722193,0.0023347537563438,0,202.92009217896933
1.9986891264229487,-0.0008403021221293,0,27.976758712986026
-3.784784926663665,-0.0002097338510646,0,5.161645763653392
-1.2776532232633355,0.0005707835152196,0,9.064829226245106
3.5644542593486683,0.0040439257897402,1,58.13650123206053
-2.8133431887625164,-0.0002876869629511,1,17.668866381942614
0.5926738042406043,-9.329697230171848e-05,1,5.50271139216253
-1.2971443900344006,-0.0015437190627098,0,7.250830965749635
-1.4669978328473086,0.0025434140356966,0,100.7564091928297
8.58149741247433,-0.0027879240455208,0,307.80113157920545
0.0741815117455644,-0.0014864360423149,1,22.06399569932061
4.414820409315389,-0.0015745385949826,1,182.68534642509994
5.4434441312427655,0.000319993255388,1,102.87147462798026
-9.321947782324813,-0.0001163232565293,0,92.66699649583776
-9.167565420189216,-0.0005138299532444,0,68.98430735479775
-5.889451893919679,-0.0023125802887045,0,-16.2007015264459
0.0379897410301381,0.0007042246224497,0,7.180210646133082
-0.8514726659723557,0.0006232064309324,1,13.940706831365173
9.994932030146252,0.0013637395313479,0,0.7562868467627313
9.203280779060275,0.0007098832364352,1,250.46524307383424
-2.367651417483092,-0.0026525356347688,1,2.113080936490572
5.321743254844948,0.0013326302327594,1,45.77311822341228
9.619343674690622,0.000487963259336,0,44.300666005059774
3.617239201196792,0.0039581932594748,1,51.849653925785276
5.32476649653413,0.0004273196998995,0,21.003523276037452
-0.7372658322102836,0.0022838254931713,0,72.18039607497616
4.305254429178142,0.0006213076057516,1,50.82850197868262
8.492235930155822,-0.0017131456837918,0,199.67794274922034
6.17470659098672,0.0009412439320986,1,91.29651256676021
-4.868153351750191,-0.0014347791242903,1,19.851476507507684
-6.351382171612714,-2.3829396799380342e-05,1,148.6393400452604
0.1405410876794803,0.0023307742911806,1,61.14399315011288
8.378378583410012,-0.0002752266558081,0,82.18084746233447
-1.7903561020786365,0.0025280285066005,0,105.02559248577765
-7.830311770479847,-0.0007276893763163,0,33.61714883012408
7.448345662214155,-0.0013996183435396,0,149.4606354752665
-2.2401663958102302,-0.0023210297523602,1,0.12128455258480852
4.161629762379189,0.0012022024660323,1,26.500455521844266
8.199673336890793,0.0016104847756455,0,-2.6384594923521183
2.804350701316761,0.0012452479669121,1,8.943965171324972
8.473424630205816,-0.0026337140739967,0,288.4684317547543
0.4945734821005345,-3.879556848267059e-05,0,3.5750358545517162
3.920104409095998,0.0014057704477146,0,7.20544639012863
2.737417983506472,-0.0018236980825626,1,119.01688560823845
-9.980312361282524,-0.000664648512399,1,310.77904623477025
-7.375584036731775,-0.0004238497729131,1,168.36127929499074
-5.191890727242583,0.0012773665980588,0,80.6615360184511
4.675115285237439,-0.0009696992119162,0,70.16190150165022
8.390953720727563,0.0017368043988413,1,118.73814874100461
-0.223852722203862,0.0007569046307977,0,8.757466069439339
-0.1063806618389406,0.0020672557213807,1,53.76994871886587
-2.100429463756461,0.0002776160942639,1,23.00870336908331
4.07501103333443,0.0018638128012394,0,12.160034529975345
-0.1248120123750418,0.0003163414706857,0,3.140040084593336
3.0503958613987496,-0.0018722575104744,0,85.84479873980305
8.951083326058388,0.0001947160199302,0,57.64009016702889
-5.978044213652661,-0.0047227648137381,1,-20.8472575378151
-2.745062259747537,0.0008273590557477,1,62.78347076028418
-4.808917999498032,0.0003323520780392,0,29.59789170043125
9.87239547839345,0.0055546518432634,1,-24.102545716229827
1.983739615501424,0.0015005905342993,1,6.554286281478575
6.056548398845408,0.0005875288443674,1,109.30002686030224
7.807029317150864,-0.0019174158499749,0,201.19523603424307
-1.7481998847116298,-1.2096597892724371e-05,0,1.2880821817134378
5.184467870685946,0.0005226065677405,0,17.685346261814367
-2.197647693077405,0.0015808247661063,1,91.03757580259438
-0.8287181072769378,0.002084503915486,0,61.64095280706947
-9.608522645020612,-0.0018255203301627,1,177.49383156180284
-3.2034419447920426,0.0007308451447753,1,71.85824514012279
-1.2921650528303823,-0.0029527136156403,1,27.544710851325064
0.1685695246737957,0.0005275488857939,1,4.319177729991662
-3.709672764386964,-0.0014544358101302,1,2.2549158906099893
-2.579095712219896,-0.0010590532359758,1,-0.49576827401115997
-6.080641188757667,-0.0021231056556132,0,-14.246494144534015
6.322761098015732,0.0011069633973818,1,86.32098870600566
-5.606891583146282,-0.0003594709091698,1,91.41441441765977
-6.858901439605074,0.0018325307692178,0,157.81140638163802
-6.310981886386875,-0.0017402457175579,0,-8.436438032050638
-4.920457906594811,-0.0020350069902854,0,-13.066136492831825
-9.499952069536144,-0.0020724107965917,0,15.935449400163977
-7.814933802045882,0.0009131140285867,0,114.87612417368777
-9.187295072611729,-0.002328371398975,0,3.6434041477441648
6.563806015035681,-4.172645036135562e-05,1,177.2380039282042
4.945391362038068,-0.0002287394733917,1,117.47737201359197
-4.648147390507004,-0.0010356666711751,0,-4.7693690967153675
-6.114120395388549,-0.0041024594735949,1,-15.763880928712204
-8.858502650801075,-0.0003090903199416,1,269.7068445870965
-5.448868942053753,0.0004707269892688,1,144.93309273903768
-8.497667578159035,-0.0021612697383956,1,99.725484645183
9.66559558953342,0.0016220385305861,0,-7.437638698742955
7.00249218519312,-0.0001752179322385,0,60.17371975293343
-9.835868924545792,0.0027306861886269,0,351.7849651917886
-4.528879186718444,-0.0018523893022376,1,3.7218989827742313
4.076706988713783,-0.0003335191407649,0,35.028508447247916
9.49214002357616,0.0037929460218259,1,19.124118285428118
1.6204232088268569,0.0018489526743309,0,26.824898128245216
-1.8121947632003632,0.0008159546409374,0,18.019789451002342
-7.000139475817225,0.0015625840304914,0,140.0265625142342
5.149236753339297,0.0008260950868889,1,64.73947901277786
-7.583825801132615,-0.0004379593776465,1,178.47952879145905
-3.0674862768906923,-0.0013836054088409,1,-1.6555830373934168
4.901490062313656,0.0020621469212697,1,14.736480350889837
-7.328765065683416,-0.001811972990655,0,-3.238876802988078
-6.617613520689631,-0.0049838516860203,1,-23.363345148223676
-7.887530748793643,-0.0048883653401726,1,-13.60761743571154
-0.9058976721750298,0.0025312243441063,0,90.93751166685405
-4.108068218761433,-0.0024112704065312,0,-9.28884800671068
4.39684210038272,0.0040984980982162,1,38.13971980075162
-6.493403672006018,0.0028926623548301,0,250.06051779519345
-3.852993454087283,0.000863831943353,0,39.030389919841525
7.460570981918973,0.0011905854010587,0,7.481787351676398
-9.240929126452569,0.001255396340325,0,181.08930788901083
-6.265475630835715,-0.0021455291030748,0,-14.191213005535971
2.5141706933699943,0.0016991689983097,1,6.517721360589579
8.509087033513968,0.0050707898865999,1,-10.231892667317794
-4.879257054041188,0.0013827826583541,0,81.28741361357979
-3.1690428277742644,-0.0013669794800569,1,-0.8353449073336217
-8.316605820379552,-0.0004946268055694,0,51.57594920403072
-7.689906879301162,-0.0052852119770345,1,-22.798224997107752
-4.418094349795052,0.0001137938204181,0,18.11805535678936
9.863602965428496,0.001646590379338,1,192.0677191438153
2.5413804993197715,0.001024033163663,1,9.467672896881197
-4.0579209583702935,0.0017214285507695,0,87.80208230193824
3.0663854472934062,0.0016223881210442,0,12.543087188919865
-6.646113209970199,-0.0002501635289066,1,145.04538571233286
5.03354524497022,-0.0025201729229506,0,174.26583985278324
0.7124278389419949,0.0023197239151668,1,45.258170193631415
-8.826836193028978,0.0010577532563969,0,152.90601420241782
-4.842086556100536,-0.0029773783825278,1,-9.71259340074654
-6.575789420527968,0.0028336025819005,0,246.02919859413754
7.930112234529464,0.0009228626290181,1,164.33777952865225
-8.107584146665525,-0.0027085761399423,0,-15.988269389881122
-1.697461021128026,-0.0031202252244334,1,21.876866904642903
-2.0418765982288534,0.0019148938505137,0,67.98125317094826
5.292622133798924,0.0009701313133964,1,61.74204232349642
5.160783500466145,0.0012144154507062,1,46.97197954943123
-7.839804679269255,0.0005921645172814,1,300.6823934249839
-6.337414535969764,-0.0005962955876113,1,105.6746494047513
-9.099563975307849,-0.0046393313230214,1,14.790371980135887
-1.306151216272326,-6.580633292856354e-05,1,4.842876517552954
9.17861809701672,-0.0001103167242471,0,79.88271501273198
-6.751230927612144,0.0028793972674119,0,256.6266801114814
-2.7112145067955744,-0.0033965350638681,1,6.568616463340538
-3.3206151296976767,0.0006645506591489,1,71.82460428417497
-4.501531795413641,-0.0005914069907074,1,42.8443708485866
3.669459380712347,-0.0011746929665329,1,121.91927469499572
-1.184456216020962,0.0013675050740077,1,47.01807384625043
7.899651413229481,0.0010426909236297,0,12.286296009825637
-5.728918301861279,0.0026980854921985,0,206.87309763912222
1.4252622974042437,-0.0023441244239747,0,73.05122512963922
3.124217694974384,-0.0001699867415237,1,52.27335736339731
0.6702065531436503,0.0003111987342596,1,3.6498050006458462
4.77885730438625,-0.0008657132371689,0,66.57739956951593
9.555360377137704,0.0022846485558147,0,-19.609928345406658
7.505417039307236,-0.0015040866619394,0,159.02496264993337
-6.815586707540511,-0.0031030065706021,1,9.555415802595881
0.5578377204460523,-0.0009078645383759,1,17.78714085379692
-5.423176421928071,-0.0030986299415775,1,-8.026842096307526
-0.8555717413932946,-0.0031201705655436,1,43.524494587159964
9.62122395516226,-0.0018774383594282,0,243.49594311663827
-4.306922394433325,-0.0016781751637398,1,4.577586607652732
-9.226068644041856,0.0026219556539689,0,314.1226468881669
-8.651706017908278,0.0003979318654229,1,336.80806589969677
-6.569700998431742,0.0013370939121883,0,113.12232133680891
9.33565285922191,0.0027480600271959,1,77.44224928978636
5.941263010896824,0.0028103624767715,0,22.31160999180299
-5.475254544325314,-0.0008359313967296,1,59.763196955653925
4.554416931982354,-0.0008619383042941,0,63.011752841332026
4.053661145552267,-0.0004388458711962,0,38.551445200910905
9.615005193654664,0.000761836559934,1,269.0853245453064
2.902593553019408,-0.0021279285991197,0,95.61353648973187
6.6087586169201415,-0.0023144596453274,0,203.0733140766581
-5.368530652820183,-0.0018975437416502,1,15.583321393433344
5.476493586858041,-0.00015364861636,1,134.94313180674308
-5.4309430454405945,0.0028076600169595,0,209.9797979823029
6.865683615492863,-4.686709579629458e-05,1,192.88559234487505
-3.278008411555604,-0.0014021696294466,1,-0.5727107768650121
1.6981972252450177,-0.0011373309514398,0,33.06168463193332
-3.598078342261049,-0.0027582751889494,1,-8.109749026575335
-4.998049043778847,-0.0035490527185997,1,-13.299168978246044
5.448941768422969,-0.0004808451871417,0,57.1560550959671
8.935916789805283,0.0004938348932843,0,40.13021474749157
3.157305090287341,0.0035466255036528,1,43.34649081984354
-3.932493678131888,0.0016906724574013,1,178.19209831786395
-1.698949302205648,0.0012685713902557,1,55.85550148918001
8.62768469207035,0.0017233238812646,1,129.26080447495545
1.3532382209581897,-0.0007102357833307,0,17.88595092146
-9.40177624109872,-0.002536365578748,1,117.74631624839998
6.740563346219837,-0.002478491512077,0,220.68413631644037
-2.1686224911294865,0.0026514595319882,0,121.4181435508043
-4.394712913329721,-0.0002534657678169,1,55.691296026759666
0.977146720477247,-0.0029539375625003,0,88.55678725361429
9.31810994106954,-0.0018712285775834,0,235.20352951249683
6.424444721093089,-0.0022045127364573,0,189.0119353114787
0.5927656824373102,0.0010751750426615,0,11.87211631697621
-8.17314957617046,-0.0021775853436026,0,-3.9150563664941984
-8.582164722018542,-0.0002326145951246,1,259.12597368655554
-1.6707701879101915,-0.0002730608341705,0,-1.015545535586008
9.289945975377384,0.0045216136577004,1,-9.014217777899196
8.1587161307501,0.0050190071580188,1,-6.3174058121134955
1.1869243940391954,0.0020562677395442,0,38.39665772327786
2.318016075931366,-0.002584854479874,0,105.08510624527537
3.786427539461791,0.002329157884958,0,26.291227561655575
3.9286859825634313,0.0010223836195461,1,27.779431673246815
5.212221496579408,-0.0003343380434498,1,135.62279087436735
-8.022004601016617,-0.002489717475331,0,-12.059127443830695
-6.9208063140657305,0.0029826805290921,0,273.9518007807748
0.6601153589664612,-0.0029492431517361,0,80.46840830271725
-0.5708331863410514,0.0018251217418664,1,53.75323698752794
-4.6208643068849575,0.001253625592389,0,69.27030879135197
-0.5481142819214995,0.00054354338695,1,8.954148348857746
9.23318964567556,-9.227346762171636e-05,0,79.1848622560887
4.392456161846841,-0.0005615145402833,0,47.37781515537865
-5.760668746657225,-0.0001531300163414,0,24.09071984936358
7.127212505908961,0.0016364058600877,1,80.61039974357763
7.059219469995593,0.0017882565301607,0,-1.134202077422489
-1.612901539902721,-0.0034685311869672,1,31.827478681025802
6.403201004571521,0.0045656311695857,1,12.306778497143437
-8.721859367353101,-0.0003775122860243,0,65.2290968326321
7.233684235303727,0.0041642362458091,1,-2.5155829273955135
5.231475238516769,-0.0002320893771715,0,43.44623069601309
0.0139448229370984,0.0003636164705364,1,3.4353657733984946
9.512424777711123,0.0015434831173246,0,-4.545594855902934
-8.030517393475805,-0.0016326748465229,0,8.208419522618126
-0.2282012685549439,-0.0009416325364046,1,7.034914071796067
-9.224823946276246,-0.002221939413389,0,7.231192045218523
-4.413957704539994,-0.0027668875630964,0,-10.488242246885166
8.217437602412751,0.0044431704951719,1,-7.7340540469166275
4.519941339024356,-0.0009669186079703,0,67.57141045493341
5.886121809474778,0.0006183815215936,0,18.563372078972964
-1.3109802301312392,-0.0002816069727835,0,-0.7535846397129218
3.2932568107539204,-0.0026441637911553,0,133.82868810276406
-0.0969805363486067,-0.0009828113240882,1,9.252001406494756
0.6832575219114307,0.0016176943081119,1,19.506806623864765
-6.898078859142583,-0.0036408500345229,1,-1.6580503806782736
3.334582459811937,-0.000863391047044,0,45.61393295144369
3.527567169298377,0.0009744618962762,1,22.283383739944608
-1.6328850261737229,0.0019066783208311,1,92.85074012350415
-1.7210624702659558,0.0001151513423855,1,12.543440313018902
6.174712489145207,-0.0017647502016151,0,148.91706341428932
-9.519228024046525,-0.0051038599539411,1,10.723051432232383
-4.182053553411889,0.0005256016493258,1,93.91649345107436
7.389237733638204,0.0047480278653777,1,0.4641053862707931
6.143948079176354,0.0012170918034648,0,6.261254395314895
4.349533846133397,9.383367585756354e-05,1,77.04783759820319
-7.098487199189418,0.0015627032345294,0,142.5902763622697
9.34833492646248,0.0047380560670266,1,-13.465555497622777
-7.319076478099689,-0.0002825724787006,1,177.41728158834107
-7.093548781878991,-0.0005879962841131,0,27.141569206434006
-9.836972844250646,0.001860270569059,0,256.004382469269
1.413295397918386,-0.0007248324798142,1,29.6988021763698
2.061775202698474,0.0019442133105889,1,11.239809283107698
8.665027595984448,-0.0014827564193217,0,182.67267686825676
6.789154261119595,0.0041643616611991,1,0.4992548732994557
3.983147338052607,-0.0013470290739852,1,146.39551822495125
-2.4908890737977423,-0.0034661818157318,1,11.685154499351958
9.082999787221333,0.00263588437,0,-15.264209330804256
-1.1973145486162462,-0.0011049761520473,1,-0.08619279158308846
-5.878531763222115,-0.0007968287462369,1,75.47581538526683
-5.68915283277957,-0.0013684410434737,0,-5.522969326120024
5.670530834442115,-0.0026017687600764,0,198.9155178250802
5.233435778407426,-0.0013146238788323,1,207.21975352718906
-1.6681021468389794,-0.0009693573981222,1,-1.8685986680940383
-8.235908644454952,-0.003837343073959,1,18.619163766436568
-8.199508863165912,-0.0021332603828527,0,-2.608165271054223
5.942657482756156,0.0027130672452926,0,18.990296667971418
8.180056414776239,-0.0021152531637737,0,229.08258399983276
8.82678328102881,-0.0028409058683867,0,321.5535533865643
7.223031472311622,-0.00180559683387,0,177.1063523648216
-3.0470212464805986,0.0004441724874553,1,51.53080326785179
9.839616167698304,0.000195306361452,1,346.0091361336535
-6.042726220162695,-3.9514635251655927e-05,1,132.4863967112998
-1.338318734777836,-0.0014351544839886,1,1.020912009255481
5.675586400644761,0.000897934377474,0,11.109618548349363
-6.018469901342749,0.0016751156975355,0,124.49349626986361
8.560869968075345,0.0018549883148151,1,116.26685811562734
-3.737591125053614,0.0003264537752368,1,66.02063250337667
-7.758088344039935,-0.0030270819593194,1,33.44575561989527
3.87320604603306,0.0033694238109163,1,21.683972212084203
-5.961891084698388,-0.0014273488524801,1,46.699870707918436
-9.314915870468386,-0.001074360236759,0,48.01149497959229
-6.982080755269098,-0.0030738512938451,1,13.560799729082628
-5.401502943583127,-0.0036566163463937,1,-13.735824379684221
-3.2211230075499646,-0.0010641694461594,1,4.469674456213417
9.703927867525351,0.0032562179199347,1,53.71271659922699
4.478180349676473,0.0006455318602036,0,11.983872329039539
2.913267771677585,0.0009284541524152,0,6.485255636973861
7.322382219052642,-0.000479481210255,1,256.05282775787464
-1.4641733520429074,-8.513423171207995e-05,1,5.748068286565315
-8.57277753710559,0.0028069742309667,0,310.98475497744334
-8.746623620830732,0.0001927592208655,0,94.86101258859406
-9.335484959999508,-0.0023075056879234,1,128.95225281764965
6.754331150286443,0.0044019225009533,1,3.5131068524355813
-1.6706491128488938,0.0013152042263127,0,34.08119259284733
-5.959522407161664,-0.0002499630591854,0,23.32060183317714
4.966966754028498,0.0035416140638404,1,10.561154708496337
6.482892492253857,-0.0005590673197514,0,75.10481824167792
5.929534724851642,0.0013043947121732,1,63.034230113484185
7.325541935241322,0.0026958357901116,0,4.204810380525084
0.7412343974290199,0.0001336790992445,0,3.7885840745227886
9.834735813103045,0.0011092793738005,0,11.832451572527571
8.636493955584932,0.0018657340913818,1,118.3702700428392
-2.571536629828664,-0.0014645290042057,1,-3.870717378020463
1.0967469325306567,-0.0008447107987044,0,18.321613268276824
-2.9016244540159324,-0.0027218571874147,0,5.968893821666024
0.2893567063036038,0.0012054703540906,1,14.082692275891542
2.0713200617732106,-0.0017949191730786,0,62.948477509474436
6.779849967030199,0.0027519854122454,1,19.531026523824966
5.045855870395384,-0.0013603622548685,0,98.07458449341723
-6.499792326941276,-0.0020785421678249,0,-12.695991060662136
-9.434845481789404,-0.0038210992166234,1,53.9876853247707
-6.412498564913975,-0.0026090917733794,1,15.314878562427502
-3.638510807905901,0.0015217267649206,1,147.55779924952222
0.2967883420092558,-0.002135185330969,0,43.101797988828956
2.134847018302059,-0.0004042126687546,1,35.90724520640439
-1.7272494200277002,0.0013117530865412,0,34.48779480569746
9.184386851248078,0.0051666696418153,1,-16.919917117078032
0.4136019840102456,-0.0016132507488573,1,32.842998908635025
7.469531997581122,-0.0006514665433705,1,281.0474850678882
7.584864129072546,-0.0013842136446424,0,151.10620923857576
6.021117024861354,0.0039516423974799,1,5.512345103361348
-6.195179582308197,-0.0038756909121667,1,-12.763774244399668
1.2471634437024657,-0.0019033274083554,1,66.53322851170259
-0.0509117940722703,0.0022743864599255,0,62.69188549694654
0.0938163005342573,0.0009759232848772,0,11.807796210118868
9.92382828689876,0.0045026110125194,1,-5.145377918501239
-3.912509363926646,-0.0004805329070786,0,0.7547052162237358
0.0753082480933073,-0.0010663563309333,0,12.708496180217594
-1.136973268082432,-4.680160955029187e-05,1,3.993105400813818
4.629502817540793,0.0003173083546825,1,74.61624773509081
7.479367873942554,0.0003789110152219,1,188.381750629329
9.297802358009704,-0.0007365412830151,0,129.63505899303556
-7.749225309843184,-0.0003478244316785,1,195.84311339120964
-3.513012204550572,-9.03156049746412e-05,0,6.118647849215656
3.0866556459012333,0.0010455217426514,0,6.6689339530789615
9.701882195057353,0.0010404056004335,0,14.935794673221727
-8.34767676297181,-0.0012760783545391,0,23.1549177009966
8.566076224359861,0.0043998937516626,1,-7.74054132679823
-3.9493747424979855,0.0017268058359879,0,86.24078597073174
6.538797257660857,0.0005813622388249,0,22.93578088577496
-0.4610997260579967,0.0016203395391437,1,41.086907385169496
-0.339645073489681,-0.0023676456604751,1,35.95084924008136
-5.882954289095594,-0.0014818450558443,1,42.12714949903655
-5.593207060265599,0.0023074390289708,0,165.886225967166
5.535954282936032,0.0019919852879859,0,6.454201943477233
0.6725793743569461,0.002526837004309,1,56.82330715441005
-8.202548000921153,-0.0024575325394893,0,-10.015607971246292
-0.0415439173548186,0.0006310522898634,0,6.32051013328855
0.8776118110046038,0.0004560349654585,0,4.231100255225263
5.171692498459928,0.001897628576053,0,7.215112100349378
6.428313281740877,0.0003360716129999,0,31.181431832008247
-8.022979211349515,-0.0049384733781505,1,-12.91737509864928
9.472640542598228,0.0034742448705367,1,35.21413614147234
0.1416215835896999,-0.0022072486874479,0,42.634005729654845
2.1407622142802456,0.0007180035495061,0,5.863719140438219
-4.444170865726617,-0.001852971550986,1,2.7042530872688837
-0.6358888999033141,-0.0012572893548053,0,9.191171978897799
-5.095115083827951,-0.0027133759132432,1,-5.2745511630124495
0.6512016017406843,-0.0001119216014283,0,4.548776186335661
-1.463687733371552,-0.0003660917844409,0,-1.247553677781291
-7.560080771366993,0.000495375221397,0,83.62252785243214
8.951101171450087,0.0016816626090474,1,146.33878240079764
-4.623407265419508,0.0009923287000871,0,55.50279482685957
-3.63246002760953,-0.0012318584763193,1,5.704160631755691
7.608114815807482,0.0006947888879097,0,23.93419847767335
-0.6733291230822065,9.54199688511967e-05,1,3.302864245413785
-6.063172450458534,-0.0025707079768082,1,9.832690204865605
8.483960189562513,0.0020096702346409,0,-9.512730472966648
-7.273429411495735,-0.0025707873663229,0,-17.419641082114275
0.6683058655796579,0.0018765903416839,0,35.558420403700666
-2.5459789489707045,0.0016620077350653,0,60.64572504465569
-2.010396170840645,-0.0021686888276787,0,9.148407979970653
-2.0900745962152385,-0.0034958339180137,1,20.720588841436978
3.1487489687429164,0.0035931850377643,1,45.80149434386054
-7.757477623495241,-0.0042970857883487,1,-2.9986512594285184
9.281066951380597,-0.0002129736414382,0,88.35950231651279
1.062397351709958,-0.0004600042744501,0,10.751672644694628
5.996270652415943,0.0009446479251458,0,10.939964780482017
1.722108858921947,-0.0007229190093311,0,21.84043138609043
-0.1327656238402763,-0.0005768360949646,1,3.954915249864478
-1.75589046026424,-0.0018831577508051,1,1.0427462828330016
3.427621216557021,-0.0024443503184137,0,125.6831437817392
6.0524918718636265,0.0026697564466341,0,16.517783360098022
8.955997663076175,0.0009415877811847,0,18.203105010023453
6.20683723186556,0.0037475786385044,1,2.312709645858086
5.959307246360934,0.0015257290298055,1,52.8408333887865
9.954105199859931,0.0047621284493061,1,-13.102783881890533
-8.683342003771596,-0.0013658864498829,1,162.27554619146966
-2.485982643258975,-0.003722541873262,1,16.150672309245685
0.5364415936495863,0.0014899601811496,1,18.053980522049443
-2.4848865991846942,0.0005486100786661,1,41.677048645880255
-3.78422428091058,-0.0018434746463386,0,-8.769757141956806
2.0626534188258745,-0.0010508824609857,1,57.65405534613351
7.691853429107706,0.0012316254841596,0,6.5356609379071555
-8.902165925638073,-0.0029716754482623,1,72.92933827337325
8.25511430369302,0.0030357913699553,1,32.99905895396739
-5.607443554261835,0.0025762578118473,0,191.41135176068832
5.975057182986305,-0.0009733448452917,0,91.73637489563941
7.1109161161369485,-0.0023115650570864,0,217.04900009854535
3.5866555400616456,-0.0012624557538802,0,66.46236588846034
6.785302141819724,0.0028178341759645,0,13.202242995927332
-3.188763717532675,-0.0037497200075181,1,3.0838229626228264
-4.724448032156657,0.0012552242288943,1,178.10806297387802
9.983569835734848,0.0016298058494702,0,-8.854895788649566
-8.329922341595688,-0.0008327626540399,1,186.22591196523612
1.237444071979862,0.002737274518617,1,52.570802384787726
-5.114866932099893,-0.0015041315338508,1,22.64084242441514
9.915750676791784,0.0029908505773879,1,78.0626341550014
-8.823747339342404,0.0029705607975033,0,340.61646302316507
-7.842334585603248,-0.00255921700129,0,-14.606340122770781
7.321628488494426,-0.0016448239459336,0,166.29184706289846
-5.704610298249133,0.0005617894385013,0,51.6638201362672
-1.4517729546143077,0.0009809078692758,1,36.09869095259433
1.666529631675381,-0.0008591590685769,0,24.721131350349122
6.659555732822142,6.298061028065511e-05,0,44.704111406943966
-8.165878945375836,-0.0005319528783049,1,203.40057785906598
-4.92106352413616,-0.0024371744419215,0,-14.255416432861246
-8.205053183624766,-0.0018451663693995,1,105.96811562751651
2.970024787334779,0.0027937699099004,0,55.41052044193976
-0.8770653790565781,-0.002912857553592,0,44.50787766214047
-0.7798673774250275,-0.0006469746753137,1,0.39229018312724406
-2.65734888053095,-0.0017847407190328,1,-4.9238816888103685
8.415297145647568,0.005335654334484,1,-5.521337499269035
9.167319436362156,-0.0023147994636083,0,276.70956598413267
-3.890677013455941,0.001878258845822,0,95.22196653669883
-7.328381586198239,0.0014109361369177,0,137.11016564917736
2.909697823960615,-0.0011267546096043,1,89.24723510074281
-9.060053850892253,-0.0016124948916485,0,23.625697140131535
6.828032298319304,0.0029726594452626,0,17.75145904778543
5.0610936865448615,-0.001157384871157,0,86.65079706537068
-9.277148157264453,-0.003160964005132,1,78.10717785151522
-4.986355757179024,-0.0020461339323822,1,5.572163872113249
2.857079848315632,-0.0018322309709642,0,79.91532446789068
-6.384122120463442,-0.0015148485790443,1,55.49366574010455
-7.797891961338752,0.0019239427555652,0,192.52478035491998
9.152914904201287,0.0030303297948561,1,53.680028982688285
4.542221927548344,0.003697283513162,1,20.201892647230398
7.134827137547532,-2.406062612753064e-05,1,205.01565523455562
-3.4702701736010777,-0.0007765654522792,1,14.396651842865406
7.133079290428416,-0.0029198840209128,0,272.32009931671
1.5558793748735145,0.0015619365062179,1,9.185500332544724
-6.595890717006374,0.0001729381970353,1,178.28078137412274
-9.789568649387624,-0.0020009688031464,0,23.193155255011867
5.084928133306519,0.0036059762104689,1,10.356892467701108
9.196613645971023,0.0003217183259901,1,290.4758626282443
-0.2956294058355073,0.0001130523623296,1,2.360499829526349
0.396790483150804,-0.0005242644561266,0,7.027849263840521
2.0507144296818254,0.0020814424280697,1,13.892792575039925
3.8117880567911087,0.0004318525912493,0,12.860916125333496
-7.15392187225413,0.0008284637262164,0,93.76483309757884
-3.289074551126281,-0.0028202686456237,1,-6.0807903778622485
0.1234770948437269,-0.0006075365676543,0,6.222280773196693
8.166913304612066,0.0021403935265372,0,-8.301868035275778
1.2882274027523444,0.0022263654936411,1,29.0157601128998
-8.84947088747837,-0.0046567932295576,1,8.455314214162367
-7.084589413900311,-0.0026253093235186,1,30.063602339307565
-0.2871114840169682,-0.0029867588599032,0,59.528139934506534
-6.55514191876722,0.0002991608818941,0,53.76924538973574
-9.674677529232596,-2.2322924315250516e-05,0,107.37396814566145
-8.535087737463098,-0.001535379671943,0,17.8183001270505
9.378345932743336,0.0055001861497684,1,-18.214995397550442
-1.9539889097847496,-0.0005509394969523,1,2.261935657109929
4.505076889598399,0.0021329509933575,1,9.948045903600974
-9.859470282506935,0.0006917467167806,0,158.55047854021154
-6.940531316341341,0.0001255782123503,1,193.14724824025265
-7.009958711071325,-0.0002500347551581,0,38.16375331874942
-1.6677780679041714,-0.0030785073298744,1,21.654031973826935
-8.197735616143529,-0.0016015027109585,1,121.15563182914687
3.8256132812889,0.0018394661017148,0,12.991238841601236
8.513894594698364,-0.0024701577679795,0,273.207683046483
-1.060410022347206,-0.00038077979363,1,0.4964673474260388
-8.195177532144847,0.0004651588469792,0,96.70369845369493
-3.592953927409268,0.0003902958630574,1,64.96299268554594
-4.202718128119583,-0.0008145058604488,1,26.837012269172135
9.721707681347931,-0.0024989712037218,0,313.16203111601084
5.168521554470356,-0.0001468844005466,1,121.43006986693769
6.323626844361179,0.0011947275800196,0,6.6944108119569945
8.797286729683044,0.0054089634155176,1,-10.647125405587959
-0.7110486201969302,0.0021225013129129,0,62.302097215991296
-6.068974327856527,0.0003640662051676,1,167.14441188872829
-4.653782214113651,-0.0005853961226414,1,47.26950137713969
-4.5569543755845965,-0.0026987780259388,1,-8.255054239861815
-9.93746151768959,0.0025181463650335,0,330.5647944902595
6.314229768581139,0.0048632928422982,1,23.8832889651165
-5.530564774929198,-0.0001996901745841,0,19.912838820170588
6.927106011703614,0.0035390972924831,1,2.365680019858073
4.6688362437526685,0.003419210107676,1,11.732370540459845
1.2611723131745212,0.0027614821196056,0,75.32486779076683
3.3532408538742224,0.0024970565203202,0,36.72934638260231
2.633928166337988,-0.0029996891159822,0,135.739125378119
-3.8586241190395647,0.0001361379211298,0,13.90562293546181
2.2051111380170987,-0.0010956007352277,0,38.5463603850277
-8.438352602489863,0.0008093317653682,0,124.3963603146359
9.243922624930391,0.003762493998547,1,16.65483965789079
-5.892013121896267,-0.0004470672864249,0,16.427316301406037
9.467170294229618,0.0001295400647584,1,328.6181908193563
-9.87734255718368,-0.0025619505721575,1,139.27053914936963
-2.472296922491348,0.0007483603685932,0,20.855196379451066
1.5410048614306753,0.0017803570335207,1,13.019780076249967
1.6332567353317806,0.0017456045732525,0,23.375819712333094
3.619887287683048,0.0002997274212902,1,46.45394687627244
7.860987421832849,-0.0028946578845603,0,294.4608235929603
2.324554986522529,-0.0004115142880585,1,40.659998774331605
-1.1162006650586438,0.0020506010504842,1,84.119719048912
7.739924100097156,-0.0023301753590118,0,236.76621183668894
-4.430116451615231,0.0029783572292855,0,201.35707043598194
5.516216592019838,-0.0003617784970673,0,52.37058209371405
-0.920917094469365,-0.0032262508958198,1,44.67197831641823
4.250400147734041,0.0002368748469596,1,66.77166152591832
-0.5659242062964953,-0.0013586813165633,0,11.579777679109672
-1.7497678325040322,0.0013851870563494,1,63.718240538558995
0.0966428545639423,0.0029541127342857,0,106.45350966191069
3.681960042391408,0.0009298217681452,0,7.001625799093891
6.8989664377364015,-0.0004033188820952,0,71.70625334113808
-0.4331622767989724,-0.0003274193629128,0,1.3607846394739183
9.299967800906073,0.0049133706779725,1,-15.981133901308159
1.7132648321251125,-0.0010117155830695,0,29.498836768952383
-8.142488513608603,0.00169545353582,0,182.9598740407785
8.014228339080965,0.0017781120010201,0,-4.695497042578385
-3.5631058836456635,-0.0025115270782128,1,-7.925926873040755
-1.7656859349009115,0.0003797941831233,0,7.28956474220997
5.870912863191176,-0.0008119304485123,1,202.64271181567463
-9.416837233404785,-0.0032852133604654,1,77.4945716794825
-1.7014209075054954,0.0021164262880978,0,75.31821180808689
6.958591235629314,-0.0006093395209939,0,84.87884544095135
-1.4796632048084373,0.0003805236674869,0,6.249385249339031
8.238250434605877,0.0021259150176869,1,85.18639193088299
9.045313667353335,-0.0005253872296463,0,108.9163543427916
5.6864237586682265,0.0042573966530901,1,16.584347162105942
9.616067645396576,0.0041663019509753,1,4.524160421008693
0.0645242246730877,0.0020809477367889,0,50.91225801416318
-3.29832302790539,-0.0006314604765911,1,15.67987130271777
7.874426423410213,0.0020950620691373,1,75.6235504868744
-4.395228248189358,-0.003743308103586,1,-11.26283985652127
-8.7602195725821,-0.0007648617750514,1,217.78290004489455
-9.752979303114858,-0.003907235871286,1,61.548572435458304
-5.342012986340199,-0.0001661310192972,1,93.41385509783572
8.596773780959307,0.0031321995308068,1,35.1334233273042
-9.089229595554633,-0.0011701867473252,1,201.24981113215998
1.8175009264328352,0.0001919637740983,0,7.09511466817958
-4.431635807956744,0.0012149423691485,1,159.1461183565069
-4.38520499675735,-0.0022837279269287,1,-4.675709691426386
0.4566719200473343,-0.0008960844925865,0,13.1842281279034
9.947999643442948,-0.0017862174166705,0,242.09222084336042
-2.779492376322345,0.0004232404415222,1,43.41060787907905
9.032695007868952,0.0018264551320111,1,137.59557258360562
-5.276340448915597,-0.0038635340556683,1,-15.053785540003865
6.315372087293884,-0.0021543855057885,0,182.0924205507298
-2.8436512360417643,-0.0003494760383627,0,-0.7462622635136644
-7.984759220089195,-0.0017984122026528,1,99.33853177601026
1.7625890053697368,-0.0019075417485758,1,84.60052390377993
-8.429644420931858,-0.0053397057932151,1,-16.062814081608714
0.7564551631028742,0.0015166018347224,1,15.893759119799451
0.3924482663294544,0.0025848140623524,1,68.40941852415565
-1.1609400511125043,0.0007314438983588,1,21.430200769085033
-5.689891538097993,0.0010458031221628,1,211.41535333109204
6.270262465219922,0.0009936323163413,1,91.41798459589779
-0.9907260832319018,0.0012547502939902,1,37.29977493041672
-8.231226622018156,-0.0004290319684178,0,52.678459480658525
8.752485041079044,0.0021728473594615,1,99.43666168061915
-5.470849668858227,0.0009288483051119,0,66.01326529598362
-9.324339872759662,-0.0057137790716675,1,-10.96686897149734
-2.290639480834137,-0.002718554242566,1,3.982265818151431
2.7510343929321976,0.0015321586688771,1,6.634859648991542
4.190881901852544,-0.002858969294621,0,173.1216575612553
-1.9595664150330112,-0.0023956751419555,1,4.433194967946453
8.81982927264395,0.0002838541697771,1,271.41928670429996
-5.8225486367522405,-0.0004021747071105,1,97.21577442671872
-8.911328452607194,-0.0019662506862477,1,130.7632230928421
-9.796432646889484,0.0002017754463344,0,124.14969302991625
-6.658994844204513,-0.0021120832169983,0,-12.620329338869414
4.58496736560965,-0.000398914585806,0,43.06950786189421
-0.7471740428323166,-0.0008855397833143,0,3.475659501002088
-2.791701079945712,0.0021382218978169,1,162.58569718862014
-5.093001983774304,-0.0006597475290461,1,56.61553740002939
-4.237365902276737,-0.002988454596857,0,-7.745196886181949
-8.042439019206178,-0.0006650677922009,1,184.40685255085532
-5.50858748231438,-0.0041380044687653,1,-16.719665294757867
9.942968683181393,-0.0014833586783673,0,210.7293558551945
4.381790290722407,-0.002099583784708,0,128.75993579065369
-5.728584265702558,0.0007333806537954,1,182.67530090745788
-2.2528888764880257,-0.0001092520505217,0,1.0165224169565668
-0.3193661067061946,-0.0016844010796575,0,21.12569759278687
1.7577970358208788,0.0027491516545686,0,67.9660445540973
0.6617394410498729,0.0028197930850096,1,74.42922845916675
-5.468740248739623,-0.0011032307212652,1,46.86883244113988
3.9752856561750143,-0.0003993910368018,0,36.25928376329401
7.972537159407818,0.002729486068466,0,-2.0056923618673004
5.47716517151011,0.0043744196568577,1,24.47720976106322
4.40797717657386,0.000919974028028,0,8.066662298135789
1.4418234818562237,0.000878364764567,0,6.8418245902316785
8.563569713259266,0.0029419028641967,1,44.40204526458162
-4.637838178803437,-0.000629616354046,0,1.694724162104267
-5.410292123673257,0.0022217293944694,0,153.84111145850244
3.884106272280265,-0.001483541377893,1,150.43174085849418
4.0003227207134415,0.0013933468570704,1,18.83310665006421
6.632677296888573,0.0044077431344563,1,5.2003287703850525
6.861426917207716,0.0029576372708806,0,16.82081244153766
-8.343317078339538,-0.0002242216881772,0,64.13265797017854
-7.225529633638626,0.0026764817033335,0,249.25503531023804
-5.732112161979126,0.0011591102757604,0,83.83233893925458
-1.2779774402485842,0.0009953579069994,1,32.93106054564058
7.014009846955535,0.0014093828303747,1,91.09576219146581
-1.716349311849875,0.0003700871691088,0,6.912315971192076
9.568477606410358,-0.00144964581918,0,199.25846164693323
9.839312700591467,0.0024633537401194,0,-23.429220255275848
0.361649391836,0.0009708848851667,1,8.791244367156905
0.6888950887318952,0.0002972727785295,0,3.61780548201442
8.620634487647834,0.0035666582567167,1,15.882257720332467
8.890507251098693,0.0026466217631842,0,-13.09225120479817
-0.4370748020079915,-0.0022025286778896,1,29.02672552021302
-3.645047801040146,-0.0040564761733458,1,-0.9573051036060645
-7.04737392888672,-0.0025698930587194,0,-18.061591385646356
8.25671610666367,-0.0011457879698429,0,145.3260115649987
2.052876533135997,0.0005181518680719,1,11.833236494939857
-2.9137395378785325,0.0004041793096521,1,45.99911716004497
2.348779413282852,0.0030044392226407,1,37.999904449959025
8.222457726504025,0.0048244523001178,1,-8.568580552318249
2.4582987626896227,0.0013709391199611,1,6.372507486106555
3.4343181276455343,0.0033404627566022,1,28.629674503647102
-1.9923522823482127,-2.1214539573972685e-05,0,1.6032954795461771
7.341559553911871,-0.0006914061846064,1,276.900126953143
5.839765869800598,0.0005427386861059,0,20.515122718201766
5.299126958451538,-0.0002143553944976,1,131.36313760391906
5.05944479577912,-0.0006827397862575,0,61.694250426681904
7.132528151221568,0.0023212769144276,0,-0.1618656105317151
-4.307953345708753,0.0003209623220466,1,85.31763296324596
-6.112174052553396,-0.004752474698933,1,-21.28750155583962
-5.10013824594181,-0.0021479883901074,1,4.899031722666856
7.542124605086052,0.0031064191125058,1,18.137620451586688
-7.1180335831897406,0.0010644349186606,0,107.70836154061382
-6.994056052508377,-0.0036167477901708,1,0.2681341204540417
-3.440228427837779,0.0017468550024406,0,78.92868621376331
-9.416256668230574,0.0020960831596112,0,263.8306772180565
2.706824067854864,-0.0004303262154235,1,51.28905357372098
6.965688168292303,-0.0006539238136184,1,250.81744449272395
1.0149173537490537,0.002896799611357,0,87.96739989638448
5.00164687078351,-0.000774907207677,1,156.11953705952106
-5.421388555204381,-0.0019214571282469,0,-12.818030044928344
-0.2407638246026593,0.0014557653505717,1,29.695487911856112
6.881517287080662,0.0008224298314313,0,16.627484636724972
7.310269528568522,-0.0003653108388928,1,244.90113022062894
-3.948039851329053,-0.0038399725026469,1,-6.740732996190042
-0.3887037166911273,-0.0009325832937286,1,5.158821351597618
4.227473824553417,0.0028528755845556,0,43.525303308804645
-7.614686249290717,-0.0024042634704423,1,54.178364038621446
-5.318472355805309,0.0003310289894177,0,36.02125341155876
8.85214125365713,0.0038627666795187,1,7.574219104912559
6.888232761598804,0.0003628962859088,0,33.30479029992172
-8.155211715300918,0.0006271369297881,0,105.37215497841902
-6.664395789979983,-0.0033060976291751,1,2.1025742824110423
-3.423835239106348,5.618745844615118e-05,1,43.334847801858935
-3.5478727390332088,-5.329740660247696e-05,0,7.110372448085256
4.0744253627729705,-0.0009728944072414,1,127.13855671512215
0.077601072752639,-0.0013254232254943,1,18.424648688217246
-9.228366040022951,-0.0023764176907717,1,119.47996120965013
-7.723363690339862,0.0004856890739316,1,279.97021720912625
-6.295055888778254,-0.0028884435063886,0,-21.611733917328035
-4.576540884367923,-0.0005470458054326,1,46.87175125259902
9.950032676848975,0.0038649998499225,1,23.33211580093078
9.161614389205226,0.0016079296892124,1,162.16144561223203
0.3517481578728016,-0.0012403775704405,1,21.620325257534134
-3.3401707912319605,-0.0006960844303518,0,-3.719341640614206
-9.319397406728934,0.0009281884588393,0,158.45003359966807
7.213230154619488,0.0045890583882368,1,0.45462610567342776
-8.75083467083617,0.0011150654760633,0,154.88553282191012
9.72618823608308,0.0052128414069388,1,-21.18457118820722
9.617297541599145,0.0015962469062769,0,-6.492396280073564
-7.338045883761133,3.703005579615806e-05,0,55.985303058542264
1.7690831112036047,-0.0019325826077713,1,85.98004795062019
-1.1292363098079523,-0.0011495116060082,1,0.6095794218974915
6.340983097741486,0.003800890522773,1,1.7490533972354256
4.601586131715962,0.0025529842217126,0,26.82517203970919
-9.52657737644484,0.0010199624204098,0,171.94465414769078
-6.6102819423850185,-0.0040684142667343,1,-12.40694155460091
-0.7231175513617476,0.0025667683155247,1,106.64992569553488
-6.620756696429321,0.0005193056088896,1,212.74348396255715
8.499025167369783,0.0049430227079659,1,-10.790070632093343
7.417371088392439,0.0024428421682951,1,43.866587001921545
-1.8479427152677597,-0.0014641974994385,0,1.4048520814674188
-8.891818647584946,-0.0026971487091573,1,86.40121691985766
1.082118657469394,0.0001991151537792,0,4.545544868367989
-2.569771883252196,0.000443513299448,0,12.866844332658806
4.382572218353154,0.000586455033385,1,54.3963766953079
-8.385296300886822,-0.0007309647579058,1,198.33448713324333
-0.4659985301559395,0.0002271567902126,0,2.5284262632334675
-0.1710647533401257,-0.0019821520138244,0,30.777620249396
8.12110336314856,0.0035791866553923,1,9.350304495660293
-8.574120938826242,-0.0004899922574735,0,57.00052660181129
9.13404067732257,0.0055890343949284,1,-13.605359834587617
3.336154442686926,-0.0003190394947802,1,64.84651356670075
9.999500230985674,0.0059855645597789,1,-23.33321460992804
3.645582011652493,0.0004451172814951,0,11.88357570173559
-8.03388193984002,-0.0004052501038413,0,49.851990939377615
-7.566329253862758,0.0002511973426794,0,70.8193939191328
8.982289724966954,0.0021135469570445,1,112.35358120831091
7.246244594761567,-0.0007252649325066,1,274.1973968289669
9.550116364691604,0.0021204055115188,0,-17.75358800403349
5.02362100731964,-0.0010476768151266,1,176.46666421679598
3.6345949855715114,-0.0006312114218531,0,40.7119469508432
-3.95285127664075,-0.0012360308554348,0,-7.7311432936345295
-8.434646433924073,0.0003442182900879,1,313.9447253044982
-3.736038335326402,0.0005589524068831,1,79.63833541841268
2.9579506689687136,-8.507311955761351e-07,1,41.47143290057443
4.306560743408651,0.0003499450013611,1,63.061610974263296
-6.321760293976242,-0.0021210639308538,0,-13.766605066393527
9.849094616986472,0.0040163729062766,1,14.064326007473454
1.7008034911506869,0.0002293986020501,0,6.3693951515951674
4.580511442686921,-0.0001905062640636,0,35.10958863031728
-4.810344646133058,-0.0001921129001987,0,12.96054150013196
-8.800267084155953,-0.0051279105138369,1,-5.2244316781159705
4.54681023010728,0.0027562722345316,0,35.45572604996524
-8.485077793193593,-0.004541212545121,1,3.9876588116730103
8.236512375597695,-0.0015919742856357,0,182.80781619891155
2.0482389360798514,0.0016785014066077,1,7.7906325961865805
-7.858582255322492,0.0010506370033896,0,125.22327521991895
6.219223843790147,-0.0006129446537015,0,74.4553287566873
-4.214802796867132,0.0007149626465942,1,108.45555133740021
-8.937254413392644,-0.0044855249923164,1,15.568006732244674
6.49448880230619,0.0029663314548948,1,10.390318861496267
-1.39102057552339,-0.0007925056244936,0,-0.7552571747456382
-3.8841105660593023,0.0005978754228967,1,87.44640450434551
-5.16320608258257,0.0014635936134431,0,91.65553933012049
-7.553787534702979,-0.0030540056408178,1,27.1446254442117
-5.595830454769493,-0.004343952756724,1,-17.90178224098281
6.693989364289994,0.0021047933444559,0,0.9235784401001956
3.282039428570032,-0.0028621629223955,0,146.48128943846066
0.5112974454082604,-0.0026390417261173,1,70.74969496015729
4.347236888668135,-0.0001551367225666,0,31.621671822888587
8.440169369838472,0.0019275630681506,1,106.23716025784944
-4.420216773842364,2.314543618554456e-06,0,14.88711272053017
2.0793887341388526,-0.0017299420022994,0,60.40606079205653
2.3907882887787157,0.0030634060874198,1,39.611878406179926
7.045118983330852,-0.0008094967957653,1,269.6537838303335
4.023329192697995,-0.0003564810713327,1,89.57100996109477
4.525904981069406,-7.402836978023359e-05,1,92.15809453304453
7.182763864153792,0.0024560321189105,0,1.1559376867776172
3.587361650138508,0.0023091973277181,0,27.287945537862118
-5.6248593726896505,0.0012096253723055,1,224.84680762084238
-5.341336677147464,-0.0016949629126771,0,-10.775119141810244
-8.272327761515498,0.0001926322891318,0,83.35826863376582
-6.909819703933966,-0.0029035168667444,1,16.971125787390626
-5.296327580393198,0.0018070328729448,0,118.08511676159813
-5.582518566841841,0.001438812567116,0,98.41527907479673
2.3566117375531768,-0.0004683033236921,1,43.47444024954767
6.577547504306047,0.0023619240514991,0,4.7046826184953145
-7.318638114811138,-0.004432434306203,1,-11.597093460856069
6.7308113692636375,-0.0005103749573375,1,224.7702556121315
-4.915972493583052,-0.0007975485557095,1,44.97452903785079
-4.619224415408166,0.0026798702617357,0,176.226728385639
2.521951579434172,0.0004612670727837,1,19.130180354191314
-6.245793201162575,-0.0028515390296356,0,-21.181724296651566
1.7002212170786422,-0.0010204460914161,1,46.22493165300787
3.713236846789058,0.0006595640862378,0,9.222362251224192
-0.5670839092873425,0.000285909772998,0,3.0867910099964986
-3.098265809794995,0.0028181054956226,0,154.41253085217744
-0.8237132352876753,0.0027058040754352,1,121.9891067150923
-6.096049010392548,-0.0044190961683213,1,-18.740826437366074
-1.5650276281542634,-0.0015973359344198,0,5.4339657347370665
0.0624176736114261,0.0024552019009849,0,72.01303937303558
-6.855528842443775,0.0017832306912359,0,153.67248357539302
5.089897152527405,0.0021140658034937,1,15.678951093934943
7.926419251968152,0.0002657743784114,1,221.90009707789415
-3.776224788776332,0.0002656968038376,0,16.890584516710476
5.7595262320455465,0.0017236737618066,1,39.31229171243396
5.860418990697525,-0.0005513410620279,1,181.81266358278796
3.1096754771135604,0.0004867389013484,0,9.173436840496201
-8.501624701682466,-0.002721606835839,1,70.10387725774606
-6.4880187514583065,-1.9929750247652152e-05,0,38.98954181427607
6.498277327465267,0.0028216660855788,0,16.520922523842668
5.582780947838222,0.000512578335482,0,20.028123389428686
5.7213032322286885,0.0012731949806442,0,5.523439022110914
-3.409151986655152,0.0012585740200379,0,51.38987152214824
3.778687577503234,0.0004600857309471,0,12.2343652772025
5.438128166780654,-0.0003375604059601,0,50.34208419012677
0.3788846584507332,-0.0024439582881375,0,55.04986765575993
-8.240960261897946,-0.0033770865567918,1,34.11692654222535
9.514266186874988,0.0008505937538517,0,23.813600147540658
6.949056973114164,-0.0005569751430879,0,81.51708952110795
-2.595736192462647,-0.0021260754501785,0,1.9863881483906067
8.27368344107192,0.0028891171049638,0,-2.264636937319552
2.3268773617482488,-0.0012514159819662,1,74.65267329927784
-4.051320067098239,-0.0025595591570531,0,-8.206354695746347
-7.504728257486972,-0.0021350607371482,0,-8.508059589402825
-7.831876694530258,0.001969532786714,0,197.69922379449895
1.437623676664849,-0.0015844831318242,1,59.90827284895009
-0.0567256211149604,0.0028680593780051,0,102.28512548118124
1.9283120847533564,-0.0005494571861408,1,35.842420492467696
-4.378715607038006,-0.0035859317213765,1,-11.36460046781045
3.0833506681829768,-0.0011817884504281,1,98.60011277826302
-2.8459683192465013,-0.0012240133712046,1,-0.992355208665781
-4.476979225033859,-0.0031341943798245,1,-11.104143056765338
2.0535485087394907,-0.0011827735066475,0,39.3898532210763
6.306998038609407,0.0011335518426021,1,84.19925215679697
-2.344322482325934,-0.001167338468529,0,-3.650892625511351
7.656900631579507,-0.0027260761666617,0,271.4109421773007
6.305886040982188,0.0028805890952758,0,20.699083307454686
7.038670454194033,0.0025614678467081,0,4.2640165792087945
7.677385881931325,-0.0003085860926576,0,75.81976439901365
-7.420097582691174,-0.0020895532153679,0,-8.200328375369333
-7.857181767267378,0.0010867627662848,0,127.68319047383932
-3.6454200132255954,-0.0014630939533904,0,-8.18594399533197
-6.363013641609041,0.0009758189350231,0,85.5472634118465
-8.913484774039768,-0.002526501768287,0,-5.016902720373141
2.032862901367096,0.0020465448607572,1,13.373071038207376
0.2069702461761444,-0.0006137104924531,1,7.644213783992073
-0.3714892046202518,-0.0013545805898906,0,13.539567311424175
-0.2725512706558426,-0.0008015101564866,1,4.879018678531334
3.5298265338543,0.003226222569733,1,23.067618964131455
-3.66217405727578,-0.0001725148233711,1,39.360314002007456
5.457757339588154,0.0037879795413508,1,9.222834352502549
-1.4655199606100506,-0.0018938903579873,0,11.088626105031038
-9.80385767767258,4.573383543562195e-05,0,114.9847113992983
0.9358046499385412,0.0023232121851095,0,53.70976708524373
8.781086340043103,0.0015786031890306,1,147.670974859853
5.786858662994231,-0.0001252573263904,1,146.73832317430507
7.508667397024386,0.0047805850411149,1,-0.6920679889380796
-2.4521825193854045,-0.0023011359996949,0,5.820921069967673
9.28208161868152,0.0004045135346051,1,286.9658132240339
-8.070440184585737,-0.0007264841168332,1,180.70070538701503
2.5780359372133006,-0.0028673237166191,0,126.84795347040847
1.583859196679381,0.0027818302873148,0,72.28534800688598
8.719124650894472,0.0038082237930045,1,8.06014766987862
8.994509675697032,0.0004336966510206,0,43.82034107606298
-9.012810937517024,0.0003696869765429,0,112.13447204357396
-3.29990557568161,0.000467606868816,0,18.90887689890708
5.764616071596553,0.0041289397033206,1,11.976444416368485
5.500256461650768,0.0040452603925234,1,14.041298623342652
9.207151013223957,0.003127736261286,1,49.146109821283844
3.0389135344226226,0.0032120190483399,1,31.71083004929069
6.137352694235908,0.0020245866044994,1,34.998405725414386
-4.31212797474884,-0.0004873702526329,0,2.5896399922419993
-0.5792096789310044,0.0023055852367244,0,71.37662376840044
-6.578957225523969,-0.0005226861257659,0,22.273047177247577
-2.1626314393164403,-0.0021288296360907,0,6.733132127509181
6.026945582713562,0.0026748884981584,1,12.731180147764416
-7.044597533600825,-0.002730577002947,0,-20.319303054825085
6.815466611568365,0.0019188758572495,0,-0.42013053980269444
4.107492904195825,0.0004209317266911,1,54.203625087276336
6.41416710018737,0.0004416594237916,1,133.80847433664218
9.40890806979428,-0.0016917563905536,0,219.45756222525392
-8.904532987965583,-0.0032789109948432,1,58.85738992769876
6.209993323225245,0.0012724042292243,1,73.07045249325017
-2.488080918537044,-0.0007976772127294,1,2.4336488440257735
-0.3831241435310755,0.0023928900296183,0,74.13515605380337
-9.52371369079539,-0.0011477248343236,0,49.4595669815439
6.999859974858786,0.0038183903549452,1,-0.4951570529652063
0.5013648129052939,-0.0018510249580229,0,37.61192843547517
-0.8552796435313184,-0.0018761099015714,1,13.201391347995116
6.396605345002527,0.0019063212736953,1,45.732000068418884
3.4543179031504696,0.0029935391779271,0,60.664619950968664
7.986596839527898,-0.0011598718752219,0,141.28670439016764
6.077561173444508,0.001400256482389,0,4.0665916554542605
8.226030097797825,0.0015767129790582,0,-2.0411009641424602
-9.04282012935418,-0.0022631335803495,1,117.8720219705535
8.960404367340946,0.0001082278125736,1,298.2799849537601
-7.242394911267016,0.0001987444746709,0,61.710909774925554
-7.996100379413318,-0.0002892100973266,0,54.09428795100907
0.690213565425374,-0.0008123374313369,1,17.974774285498157
3.783852755073728,-0.001365769254184,1,138.43647906035568
2.930948778760902,-0.0004846915512741,1,59.93587119267618
-0.2244229754662701,-0.0016882135005565,1,20.885906414447305
3.1579545788183605,9.589069981468444e-05,0,15.469257684646726
2.978720457484737,0.002193930999085,1,8.362941008290154
2.5403402208125065,-0.0004353394068947,1,47.006684577190455
-0.3232022636205514,0.0022710618768579,1,71.77482858079674
8.510410264354494,7.05126007756109e-05,0,61.43588763439089
2.7506930409216395,0.0018244300987125,1,6.646090938609286
5.038878768743061,0.0039482571606308,1,19.042831451432882
-6.34538166399413,-0.0027104203038499,1,11.227459887926567
5.5667451997795645,0.0009685752982787,0,9.563073679170675
0.3820576914423075,0.0006009814210748,0,5.308736763674277
2.876826695704187,0.0024916371498718,0,41.28157121185127
-3.3241641921380687,-0.0018662055857636,0,-6.155107194355457
-1.0734252084426323,-0.0028558344607064,0,38.97222320031426
9.144504704105389,0.0004551388860562,0,43.51144405604168
9.47703017558523,0.0030159782415672,1,63.304545794342246
4.60369048768162,0.0024011279842662,1,7.397718244388436
1.0847647670209746,0.0026323397281806,0,69.52345926501465
1.777539062180484,0.0005230123026557,0,5.413988766775677
3.854950491637389,0.0034695104758082,1,25.168908751646292
5.129637739339209,-0.0006327548347896,0,60.24544135391794
-5.139210745237417,-0.0029491180992796,1,-8.024129414847396
-3.03366900044701,0.0011085497815808,0,39.786477346973406
-4.405397096672157,0.0009376100423318,1,133.99198864937784
-6.794209546051516,-0.0049878200316094,1,-23.104399560065904
8.3470645448987,-0.0002365987838703,1,295.2517650330899
-1.791823119755378,0.0027830455204753,0,125.30205757016736
-1.3304112657707066,0.0019597481004248,1,85.55184542476502
3.802140449979987,-2.233254253544461e-05,1,65.42255098656558
-7.546504029720906,-0.0047705178796624,1,-15.214222885311724
0.6331844377445215,0.0028243590844593,0,88.47189903670838
9.384476581016884,0.0042516574645199,1,-0.7889836007330087
-3.4575910589360337,0.0007000156491537,0,28.14230082579752
-3.993605148747303,0.0013254577043141,1,147.39391263435152
7.715876341433638,0.00056309631253,0,29.90809029225236
4.034211028691237,-0.0006965948568707,1,109.00286152566676
-7.241197540208926,-0.0006072426972989,0,28.644742748538455
-0.7548236688475978,0.0015924270137854,0,36.74785072992939
-9.117285947258988,0.0006529486191133,0,133.0810504756934
-4.598741485799374,5.447456721466016e-05,1,79.3822430233923
1.7326945953348891,-0.0013314801438429,1,58.95351202943006
-1.2197168431254557,-0.001868224907401,0,13.572657137701082
7.896891646669061,-0.0016571376917282,0,180.6474493680064
-5.651629857361414,-0.0040274078110813,1,-16.11552764986606
3.743723023550153,0.0005439748201429,1,40.11055142226191
-2.7053926421619927,0.0014773397900592,0,53.06007963341123
7.510260165616575,0.0040493035557772,1,-2.921712804906738
6.152859041868169,0.0031819049753798,1,4.683337320728403
3.6467416922691847,-0.001761908470501,0,92.5631626601201
-0.7377531739191827,-0.0026810730438289,1,34.43332192037068
-4.372780850374401,-0.0004106774441703,1,47.48040515937765
8.121213594184415,0.0015848013805814,0,-1.9425562472617832
0.2404812492710348,-0.0023716982815303,1,52.27952546173484
-8.584195284690379,-0.0012472769687478,0,27.917997287637807
2.019987423760893,-0.000902538432237,1,50.61533422257735
0.561864436838027,0.0016895665308732,0,29.228345246334282
-5.667897851205614,0.0017932660854592,0,125.2996876888941
5.987852673929563,0.0025226363107732,0,13.044522394266789
0.7041952506669276,-0.000662401024754,1,15.078330292070856
-6.580291906646371,-0.0014509508528329,1,65.0387063544213
-4.81895773201392,-0.003652108806212,1,-13.35742732988896
3.865162909501503,0.0025234733221773,0,32.80020620530365
-8.729847992576774,0.002142028923992,0,243.71965174298256
-0.6575890928669548,0.0021544297863582,0,63.443132386912595
1.5947069794482776,-0.0011788742632084,1,49.09286486973773
-5.455015058495595,-0.0010329045963416,1,49.65740583474498
1.6948729789299204,0.0002759439906204,0,6.055811520654186
-1.7722846603410858,-0.0004313112173892,1,2.734920905621734
7.378347267116908,0.0014578549494651,1,100.7635095591026
6.24306702273924,0.0009095997970717,1,95.66687801041235
-4.405802671428405,0.0029964070377052,0,202.6244162731072
-2.692689154337007,-0.0015384251474933,1,-4.156285406573502
-3.229515479841747,7.777203241783683e-05,0,8.140609362050402
0.1909909353218815,-0.000113290812096,1,3.0447151067041545
7.818338496803918,0.0005995374508201,1,186.45743712689398
-0.5971471973675442,-0.0019392543474458,0,23.330326427275168
-9.871269812513011,-0.0029564062850007,0,-5.810646211282483
-9.46562558695666,-0.0041306138777912,1,42.608083341975075
4.079869308428323,-0.0010347173172205,0,63.895521889722325
-1.3181182110246414,0.0022403450495765,1,105.20945708392483
-0.0338487765530732,-0.0015508235659134,1,21.44930688044151
-6.680002493723201,0.0006850475292733,0,75.4775060726441
-3.7510798560903176,-0.0026094323514778,1,-8.502909615293186
-1.0115473527374856,-0.0027894251923178,0,38.36929739453268
-4.182779687751019,-0.0024742683802628,1,-7.585512616944353
7.905333281033901,0.001597676858815,0,-1.6387009548320366
-2.949536531500332,0.0002002485293768,1,37.82966278377926
2.5611852979613765,0.0002166245511433,0,10.123584803082997
6.480889979576144,-0.0009453984232347,1,247.9300786675394
-0.4260910388872201,-0.0022732955840522,0,34.68478021619395
-9.315636211779925,-0.0015288712102224,0,30.949446061006768
9.081931279623682,-0.0010638819433354,0,153.90651129360623
-2.830201851752692,-0.0010696699503028,1,0.936433428595195
-0.1435538670380935,-9.444237234613842e-05,1,1.7834050382659954
-8.738589483442,-0.0004093680786196,0,64.13047269672236
-0.5917384729778714,-0.0028439437642552,1,43.00967751738138
-9.688994144783589,-8.270240800166905e-05,1,357.19894979059774
8.084919066800296,-0.0004554980172188,0,90.6442013646026
2.639671580701375,-0.0012459693482739,1,85.32544267236077
-2.265306353844525,0.0017529455969434,1,106.02688182148378
3.824693855758577,-0.0007128465727888,0,46.254456220432424
-5.084954101983579,-0.0028557021059177,1,-7.234446110868358
3.5571788502691923,0.0020413353140751,0,19.22651349653562
4.655553494712565,-0.0015589242467387,1,194.18624273582603
6.9892650187438825,-0.0015794270105084,0,153.56508128090982
-2.943489770622323,-0.0002716325820195,1,20.38240316351644
-1.67574216379972,0.0023600304058315,0,90.97881994498317
-4.763320026293281,-0.0037990295872697,1,-13.399673669758457
9.103450561116984,0.0013672871081816,1,181.23122486236412
7.066864089699941,-0.0009434825569368,0,108.47165047839991
9.747564577126308,0.000290018721962,0,57.59365350719955
-2.4830290790202287,0.0007318745657999,0,20.42298886994601
-0.6368254950947296,0.0025422108893896,1,101.39205328123052
-8.172863971512053,-0.0021248055396969,0,-2.669571947723149
-0.4499855026242443,-0.0004676265467692,0,1.8833516343230365
3.4411658866813983,0.0037435076910698,1,45.613394500647466
-6.71000032932219,-0.001918040227075,1,47.33575617341738
-4.211009525917251,-0.0009976246019389,1,20.845099038023015
8.565848697242899,-0.0018012453360427,0,209.62967227097414
3.0387983506997926,0.0024947756840219,0,39.77541023388761
6.216158341080789,-0.0026422627979529,0,218.63334912583008
3.4397464320393425,0.0040154123780258,1,60.265971536789685
7.353950879391764,0.0029911462190896,0,11.86052014489034
2.0760984440208823,0.0036197014212521,1,79.59188239390997
-1.9024950013275357,0.0021850773433204,1,125.08198623652669
-0.471049378056092,0.002245778119005,0,66.3545821009588
8.527288776499141,-0.0002423153368986,0,81.73086176882458
6.406167582524013,0.0011798823822938,0,7.000828534934014
-5.770828196432786,-0.0045517689218499,1,-19.373667792595118
-6.673496030433997,-0.0025869536762355,1,21.508495588127364
5.153897692794045,0.0003731650643161,1,89.18727446190758
3.815191553385249,-0.0006687063100296,1,98.90629253003851
-7.581488500758082,0.001807340858639,0,175.83836499358534
4.208857339127206,0.003157302353093,1,12.020385204328395
-7.789912207446028,-0.0007789525787005,1,161.1264237760843
7.573974362228814,0.0041947213326595,1,-4.052632189714981
-5.535942153127231,0.0009608607284529,1,193.96252945057435
5.114224274738891,0.0030416098412551,1,5.081850598510842
-0.4583071615623169,-7.116755024103429e-05,0,1.1282303888534888
-0.063854435709711,-0.0022033047709142,1,38.31462234853176
9.932090626068518,-0.0014463148116188,0,206.76310752696585
5.363458339619484,0.0020854707935175,0,8.737346311655092
-5.281949916044075,-7.557385692090604e-05,0,21.069394164858068
0.1396905091745655,-0.0028072784113538,0,62.883310642824064
2.617657764874103,0.0016369146453581,0,14.87603374004086
6.381284933341831,-0.0027704560492261,0,234.50304781194342
4.455273733730012,0.0029271506004077,0,44.46646107182232
3.0739449893457014,0.0006808420802987,1,22.55238631716704
-9.887909290323734,-0.0011275632825809,1,255.83488531893968
6.721494840235515,0.0011473628169531,0,7.887314157643431
5.151175226166611,0.0037129140170844,1,11.567059416953871
-0.2187926284867192,0.000176728576224,0,2.2562160636223707
-4.08260250252958,0.0013690862069095,1,155.6248863765154
9.864683980168742,0.0044411390288288,1,-3.4364642519152184
2.5873884842766497,0.0023435789924594,1,13.58588207722259
-8.590849153542512,0.0026294538073341,0,290.9548528351447
-4.4398148918129365,-0.003470427792342,1,-11.698664020003358
-4.153133079924462,-0.0021209743824009,1,-4.136312947340029
3.910132881687328,0.0019972017844355,1,8.051660460707643
-6.823453852425157,4.3393465706736015e-05,0,47.04382912646084
-3.245078014329879,0.0025359196763658,0,132.6774581143061
-0.4965529334438923,0.0020365847263987,0,54.99589174397417
7.837279239010396,-0.0021563805005457,0,223.52029889375993
7.342152169085846,0.0010641080937033,1,127.37093543066123
-9.432135624087932,-0.002585902961033,0,-0.542230480674418
-9.205287215467878,-0.0024130642578234,1,116.14792099168034
-7.179817730966319,0.0019020581483744,0,172.4958132292485
1.3470423473991655,-0.002495405457268,0,77.74908581816553
-6.261667232465271,-0.0004743339706695,1,110.69399088808689
-5.858641754445825,-0.0011951639307838,0,-1.6172130559455944
-7.06057522071029,-0.0019395215106535,1,57.30702131543734
3.491662250046053,0.0028049697191697,1,13.09856594712797
-1.5763000984693143,-0.0008092461350323,1,-1.2782846393172207
-6.818105078352805,-0.0010709786831818,1,95.15925863074969
8.929954859626882,-0.0026510086116323,0,304.8160300976615
7.367175051325798,0.0019008108065593,1,72.06414784721954
9.4838496341357,0.0052054808389247,1,-19.496940454843955
-0.0316474375611548,0.002204293472143,1,59.05133993530551
-3.8515127856814697,0.0002453499083818,1,65.16123324993603
-3.8800833161428567,0.0017291391574789,1,179.18953190666858
-1.686651986591933,0.0024519915380904,0,97.67703845694527
-9.983643859155109,-0.0003779156693622,0,96.42077102271108
6.516495144544702,0.0017232689433577,0,1.0656588846590653
-9.37767973842146,0.0006941568046807,0,143.61013600629252
5.3689664123435765,0.0019307319165185,0,6.619612088967642
-6.46168638714628,0.0013692832209795,0,112.84376740992178
6.333441897128367,-0.0002600592980257,0,57.03352200531497
4.205759000700803,0.002674299089138,0,35.59478794776965
-2.8509554636907968,-0.0022950014394214,0,1.25702651936414
6.997802219641347,-0.0020351817387587,0,190.44031738031532
7.602732198447502,0.0051016375571109,1,4.073191035366223
0.7311735493934535,-0.0022481389441213,1,63.17370096076249
1.4511144180481956,-0.0022083089382775,1,86.64127649156188
2.923740806444645,-0.0020498644379832,1,139.96948767422776
-9.96014545902405,0.0019294254146083,0,267.59097519055877
-8.164545447204093,-0.0037335230634345,1,20.130979832846954
-4.364722240698442,0.0009687187703731,1,134.66325312575623
-7.795308587933876,-0.0007506624082197,0,32.217826216204955
6.481493120459373,0.0006549958088051,0,20.240134710479225
0.9389125856139522,0.0010880963878938,0,10.875657666750465
-4.651486052450036,-0.0030608179934146,1,-10.746894695539078
1.8885482858931208,-0.0024791927807059,0,89.50053869253077
9.169907862142075,-0.0013855168833272,0,184.64313689784422
6.239495047850625,0.001327999070659,1,70.88226928465642
-3.243125625938452,0.0011619505417432,1,101.47391262415113
6.5407193577355685,0.0008839827319707,1,108.310371143732
0.7889752044526013,-0.0021301528574813,1,60.57136817443644
5.189320198428471,-0.0002408991372647,0,43.359573394943105
-7.842988033829624,-0.001595484917769,0,6.973664268817522
5.373085501196808,0.0022191218620065,1,16.486543457394898
0.9679992607338956,-0.0020974888177321,1,65.09014892238338
9.755129272944988,-0.0020523337595341,0,265.3818795282442
-4.6266731625861,0.0012038856533325,1,168.10283838361264
7.184955560109817,0.001224500616169,0,6.530520350688666
3.314444746727279,-0.00148793770454,1,124.95664671133787
-9.171197896327968,-0.0015293059503087,1,176.17127171871442
-7.7648277545134,-0.0025164190534446,1,54.08657921324985
4.0332573454102345,-0.0010271327297131,0,62.808952019642156
-4.501247491164023,0.0015645192298733,1,196.5973791312101
-0.8097269108048888,0.0012126605367377,1,31.745213767980815
-6.918674215153051,0.002164671282629,0,188.51793486047617
-3.253540551525771,-0.0039660359830401,1,4.593413667067006
7.535715008406317,0.0045457040371425,1,-3.5391568849226953
1.030768287759793,-0.0027758443278266,0,82.30462111593991
1.548815442459226,0.0005831140066855,0,5.146287303785107
-9.644204847692242,0.0011091922834984,0,182.76831031831932
-3.3115978185133743,-0.0024637546404746,1,-7.110143630168425
1.2385895625477144,-0.0002205274808216,1,14.434740681155269
3.383981514539084,0.0013366431048434,0,7.826269738607451
-7.874457075271901,-0.0041220345200586,1,3.1314410005728197
1.0882669778997496,-0.0023753585699472,0,67.12975743518874
1.570085527775282,0.0029282803980346,1,53.6182610017016
-6.024775899076622,-0.0020896039094408,1,23.068835351051927
0.8313709716336231,-0.0013401127490585,0,27.531034697543813
9.207851160528527,0.0030928549059708,1,51.2646242008379
-6.30521676923304,-0.0015542154145175,0,-5.387177549063103
-4.323280815571707,0.001552323735471,1,185.5262466423511
-4.4132007644955245,-0.0002452356594314,0,8.417760489074364
0.1614716310007296,-0.0024408792463341,1,52.254609264070126
4.721954521704468,0.0003487316127911,0,19.542651913126793
2.5772839608146807,0.0010806345827291,1,9.091920174117558
-1.60980079394659,0.0024056975404473,1,130.86049483950765
-4.4162087481217664,-0.0028559195001076,0,-10.180136297861548
0.2116088764697998,-0.0024471227781747,0,51.819302807657046
-6.365105268150635,-0.002233846066828,0,-15.069753841069879
2.359005954859392,0.0013071932863149,0,10.02064678057723
7.764808130535037,-0.0020065660208035,0,208.03265499956296
-3.317481973897771,0.0001554999382092,1,45.07737541176062
-8.253424980258039,0.0004283995960505,1,310.8413866745197
6.076915512259365,0.0004494024335484,0,24.795145475913184
-0.7672620591747723,0.000355004665773,0,4.08837776710368
-3.5208855611595897,-0.0014825613992146,1,0.0916265766992046
0.5809657291112895,-0.0029496029301697,0,78.54835255018949
5.180299290242484,0.0022174258722231,1,14.357763420937788
1.293536852859802,0.0011010310955709,1,5.624196597216361
-4.66228305675174,-0.0009082694962054,1,33.8007019491852
7.953407670299974,-0.0015688191561709,0,174.37206639110167
-9.274166031284556,-0.0054343749325533,1,-4.3326045971918905
-4.279759566946675,-0.0026439874413289,1,-8.616250891765022
-7.438426618449434,-4.051698862691038e-06,0,56.018788229780206
6.176098732617181,0.000734505883983,0,16.58482584153372
-3.34579841690773,-0.0004235802031854,1,22.892102797638877
-5.25380089144454,-0.0018432484977483,1,15.011253684856019
-3.946993857759957,-0.0032832448780112,1,-9.161386701807322
-1.8957442555241213,0.0009462844843299,0,22.643451153063804
-3.603238323625586,-0.000613314434485,1,21.576882276346428
-9.857099992988266,-0.0021328511269256,1,168.08220516883665
7.418743204845651,0.0025738157516293,0,0.8891578202878216
6.959061204786256,0.0007759227289887,0,18.369373019479692
-4.761685785001921,0.0014983174380641,0,86.27110697071475
0.4170903368623673,-0.0025171284059701,0,58.435139567789946
-3.0002109384226667,0.0010576289300335,1,85.16163113999343
-6.7155504644042345,-0.0007848205054526,0,15.960142515988274
3.337468877142633,0.0001520710317827,0,15.486424320963105
-4.958342230525079,-0.0023954315637881,0,-14.350248077916596
9.244024299203058,0.0015212654504604,0,-3.154504161603297
8.808007131180414,0.0001312138144264,1,286.37621161669097
6.8212618624610215,0.0037273688216437,1,0.3203541654298192
2.286929467040199,0.0011424800329379,1,6.787244472508965
-8.892653982102088,-0.0045919296158444,1,11.314449636640575
0.5968198952970187,-0.0006908514019258,1,13.993203731672294
-8.202686159022608,-0.0041559195573877,1,8.632802173999897
2.639270907177817,0.0003102895475333,1,24.865499859288285
6.608022922866816,-0.0026893306956045,0,234.72878894023427
0.8328437620869362,-0.002391773501104,1,72.17628363522854
-2.8162998922544524,0.0017836266003034,0,71.43106553871803
9.943066684216928,0.0010252329504814,0,15.901807099766799
-4.558641193439348,-0.0006319697601325,1,42.58996383755527
5.875205499460547,0.0017324732888893,1,41.486664040439216
-3.1120308094548843,-0.003196492291243,1,-1.7172250025457263
-5.32731385612089,-0.0014912300439657,0,-8.54502822949718
3.360945732097772,-0.0015715288283325,0,77.15331172122649
-5.703959082001735,0.0017648565824394,0,123.98067151981323
9.293299676056204,0.0024236723102406,1,99.81955812646166
-3.7872692794915785,-0.0008251330133794,1,18.335100556427527
-7.388447460362231,0.0029390014969528,0,284.39841696409025
-3.8244507667030474,-0.0027070439751331,1,-8.84870352510439
-6.000194710310165,0.0005738107816661,0,57.13635821422318
-7.87419597991641,-0.0002724468458316,0,52.4580029846327
5.95202265621962,7.82924315344217e-05,0,37.67916293438736
-0.0579857877710381,0.0025451127354507,0,79.40631287247388
7.485227521772508,0.0043523838446442,1,-3.9064444657821413
2.9889337252784376,-0.0026410895648102,0,125.4614156308186
9.025281293968014,0.0015990569906762,0,-4.713514021613017
9.001363618455294,0.0016969677303573,1,147.22031395908243
-5.08072866606891,0.0001486966356865,1,103.97002266037302
-3.2659836705071843,-0.0013304670125029,1,0.3684155257462869
-9.564036872530668,-0.0005406555606268,0,77.21936382422223
-9.312681201170513,-0.0019701719455442,0,16.196533644233295
9.566294416484311,-0.001925172924871,0,247.04253332487914
3.706376425616668,0.0016271888967209,1,11.072794301617392
2.04715414934177,0.0019401751681957,1,11.295226347535092
-8.905413772687536,-0.0024204726347441,0,-2.3344189454844972
-5.137617869178824,-0.0033447742460881,1,-11.891955003646638
-8.317289695098207,-0.0038180773852911,1,21.189832004667625
-1.9247259336445095,0.0012988164833874,1,64.14384716390921
-7.182729294209384,0.0002453121401002,1,219.01179783901998
4.007857572552286,0.0009097054435101,0,7.527561124056726
8.005887709808942,0.0015728948964167,0,-1.437528295466635
0.4915296504843311,0.000941445716753,1,7.439196187650945
6.619954710421826,0.0025543825096063,1,23.805938174998573
-2.0828587364937228,0.0010010342245014,0,26.028977236150745
5.061358308603856,0.0018829724670807,0,7.574011570946444
-4.787514377835098,-0.0044042202792046,1,-13.229823435517202
0.3062978826492823,0.0015638194456116,0,26.727561779814437
-2.634430750562551,0.0018725255242649,0,74.04573775923444
8.913135232012326,-0.0027668006425915,0,316.54987406047456
-9.092754531624877,-0.0047655360988774,1,10.806284321042588
7.816426967558048,0.0001278646532776,1,228.50992820421322
8.677840167368739,0.0004032234847181,1,251.0405057222756
-0.6791267898665492,-0.0017977703231183,0,18.97505232405145
-1.3490287150061526,0.0007134867213837,1,24.060602934476453
1.230497171269075,0.0014332639515545,1,9.582469295485804
3.8991918277226034,0.0021455656768247,0,19.705080067691544
8.963877289154311,0.0029544811407984,0,-9.66221494467292
-6.238216915972076,-0.0044189871163679,1,-18.510868937435024
-8.34311058555431,0.000251453044461,0,88.21077216260574
2.528277498993269,0.0034044367507264,1,52.66394962917533
-7.759727847748994,-0.0020966321700284,0,-5.770694053109142
-8.374232840219067,-0.0041382024432707,1,12.823376931644951
-8.43224449443737,-0.0030533293213783,1,52.64801440883958
9.254613404653554,0.0057640244911938,1,-12.92841721780853
3.958956540798253,-0.0027885835621705,0,161.5656637422709
-6.006691154757629,-0.0043809261877287,1,-18.506508206793626
-1.2304915052486294,0.0007879954667475,1,24.449714772282018
4.923078667312595,0.0027485206952619,1,5.80317650535824
9.86269753354862,-0.0001624923749697,0,90.97220242209903
-6.7663640594335135,-0.001960409928071,1,47.19391102965994
9.969053300422257,0.0012934565849461,0,3.6790557359852487
1.487859505715024,0.0019647603640099,0,32.04673826198929
-1.2472576870806016,-0.0006263088830209,1,-0.5659546028641542
5.891580998076627,0.0029816341269285,0,29.540793349351034
9.862022987110976,0.0027259534716903,1,96.41179318319885
-7.775548090164692,-0.0045095923703153,1,-7.35615361050359
7.158467110265569,0.0023477211034769,0,-0.06914893965667446
-3.478741481879199,0.0028883009916578,0,169.4135101336555
-6.666236623474373,-0.0045167441549921,1,-18.05258963037383
5.421177712747006,-0.001612584611261,0,121.42962649534962
-3.3504302156244776,0.0013551540060497,1,120.47095984779077
4.780549604361573,-0.0005421044434465,1,130.52477474620875
-3.4414576552900256,-0.0026848601600296,0,-1.17436448420038
-9.326367911912312,-0.0029675949387936,0,-12.319760299212245
4.784454083603347,-0.0014683830780064,0,99.31235251347104
-4.510337922663323,0.0028125293567478,0,186.48608511812546
0.2606096146354471,0.0023894401529683,0,65.46352965927535
-2.543230231958205,0.0015207479743942,0,53.1771696641374
-5.354773505569137,0.0011700115280709,1,204.68849623815242
-0.9819662843130956,0.0015371534817498,0,36.59347721742993
-1.1292203972394166,0.0004210689639654,0,5.839328816392021
9.139460306650664,0.0018044229349363,1,144.00398436932957
-9.256500230594744,-0.0014949754552487,0,31.064932153257185
2.887225775448861,0.0006500121695414,1,20.330191985536082
-1.185185455194535,-0.0020510596481004,1,10.85765135274789
8.138798926820371,-0.0023848380631231,0,253.58209255831278
2.776986334703544,0.0011942977880229,1,9.310772933184492
-3.733826812486784,0.0011779787958007,0,51.83257840928417
-7.658023058614738,-0.0011100923356591,1,129.50198110548234
-4.0367381569001,0.000604352888656,0,30.794497668139364
3.190590665480721,-0.0019845018472426,1,148.59089167252904
-4.505575019101316,-0.00053688837646,0,2.7222969811107833
-1.6969657600787968,-0.0003272610255114,0,-1.3373130340518347
5.033405142084032,0.001848543088559,0,7.310978572339764
2.866732863965129,0.0029098384122284,1,24.319215674765974
-2.6665734719289507,5.6435291857260125e-05,0,4.894442425906295
5.441986412936492,-0.0019122961334495,0,142.06817729188057
-3.503483949320576,-0.001459806736182,0,-7.768487792404825
-1.5288466979624076,0.0020336977701502,1,98.02576770309082
-1.6110269809595774,0.0006767648424294,1,27.635381557693936
6.441021727625,-0.0011878403663273,0,113.82646800202355
3.955536398173063,0.0003486633476722,0,15.14394348319782
8.344181110021122,0.0017894420874821,1,112.93522737139816
-4.828385798120256,0.0014893470831478,0,86.93968385994287
3.455068136789567,-0.0028524871358853,0,150.90440010166452
1.8846682582668883,0.0004137992526618,1,11.603205258091927
-2.226906336515899,0.0014940165817303,0,47.95465395965592
8.0800758921566,0.003171836938955,1,23.761020001840407
3.091416277813007,0.0003051407065048,0,11.456658088294772
9.915346805589746,-0.0026130869987635,0,332.0571483512095
3.3185850150680363,0.0012035444964366,0,7.073710614873899
-1.320091778599796,0.0027493104243167,0,114.0833001676198
-9.981857557092798,-0.0026741712403849,1,137.2514847599156
8.457244094933603,-0.0011969881428889,0,153.4489640737239
-9.604270872609757,-0.0012944641578203,1,221.72072242714688
-2.955610314635706,-0.0001442061260619,0,2.530090353773144
-5.99361782117354,-0.003723294534196,1,-12.116016852042982
5.02629520492593,0.0033907748387606,1,7.740561153646408
6.421166133694523,0.0005134867730932,0,24.624418724197294
2.415099004707333,-8.735548164787281e-05,0,14.038946550851826
-2.6313517157363187,0.000963161282055,1,66.90833939741515
-3.440395652390958,-0.0020680784213611,1,-6.303623484175814
1.3451765430328404,-0.0012859995017599,1,46.08352077008303
-9.717494324365855,-0.0020583704278623,0,20.003708393169035
-9.619048292196268,-0.0049576336078581,1,17.89650544346899
-3.941835160714911,-0.0013136110387319,0,-8.179903701601221
8.497818125844123,-0.0025657410988187,0,282.3474346678615
-2.114361405005867,0.0018319028170353,0,64.20430029884292
5.598211800693655,0.000574989776555,1,93.09135866844207
-5.834392833610886,0.0019640266468214,0,142.56258782525595
-6.800058791088812,-0.0011842565190234,1,87.62873323824533
5.750075547475186,0.0018211949703908,0,3.9930948846972103
-1.74871202341202,-0.0006688975604362,1,-0.044958647117673056
-9.05028393538819,-0.0044058809558809,1,20.907875226029905
1.0619311692671474,-0.0022327912039586,1,73.67996132424065
5.435754422584996,0.0011686271080093,0,6.591287247605428
-4.013841462267873,0.0011367407830012,1,132.34054785778784
6.67672863480454,0.0006509824587229,0,21.276491689942564
5.0182819559477405,0.0007437276150597,1,64.9874745075146
0.2419850443469169,-0.0011138023058837,1,16.77079085403548
1.053628828361175,-0.0014844696306911,1,45.066882254196344
-3.2580646697772853,-0.0020053343004763,1,-6.113538268089609
6.1073900651757,-0.0018981456171498,0,157.15627413377112
9.07886527924806,0.0009699282712989,1,217.6378866968867
5.95657648959881,-0.0001020045930976,1,152.81436125528361
-7.63078589425316,-0.0002920384048765,1,194.09433682359392
-0.2824412113480719,-0.0024996633606283,1,41.35031643211712
9.976636710341996,0.0001690774126681,1,358.34285185021383
-5.938272194557648,-0.0005972430027362,0,12.677942722665518
-6.633529167909593,-0.0026560195404808,0,-19.723806096336478
2.8392077158667544,-0.0017473745366038,1,119.17795437848054
3.585680484216473,-0.001321439731328,0,69.21053999542144
-0.9645819144196786,0.0002122565679073,0,2.7295950384269703
5.313309381627002,0.0045225172207787,1,34.22716292985872
1.0822227180538064,-0.0026892558002362,0,79.87629800482514
-6.750847592099303,-0.0027948138641234,0,-21.312780593453848
-9.16182303044624,-0.0006165944300275,1,258.11378959221827
4.670512570736987,0.0034335785694077,1,11.98402454448151
6.484463549423104,-0.0016645958822051,0,148.6579073319657
-0.8655799059411748,-0.0028720039143136,1,36.288661676288534
7.903054187362656,7.07193568516063e-05,1,238.67836090656297
-6.152267909045861,-0.0014710815900625,1,50.36931455249244
9.230350505981736,0.0014222884125694,0,-0.04764982327936407
-1.1872667664748011,0.0013039027622199,0,29.270691742038128
1.6066963384728332,-0.0010275173134895,0,28.643120597139774
2.469696229816716,-0.0013333447729178,0,51.13712674497349
5.429585456075747,0.0016996269170148,0,4.644879844021718
8.918462032767355,-0.0002691852293084,0,88.21497803018886
-3.1060470520493637,-0.0034092767751567,1,0.4910280477572466
-1.261161028087967,0.0014061755397089,0,33.865636549090915
-2.978298066865543,-0.0038381058657427,1,7.968560271638987
8.578367287374189,-0.0025791431188421,0,286.22507957167824
-4.681148796778476,0.0013932318002656,1,189.2706584800041
6.518063770843593,-0.0017758919610762,0,157.82950566954676
2.435880328463904,-0.0012906400346282,0,48.954471537948024
-4.561103262474151,0.0006545577483513,0,39.15545870382294
0.0519636718640654,-0.001573615795948,1,23.7370422378634
-5.607752748305719,-2.3971058484541945e-05,0,26.600037852939447
1.824437146537072,-0.0028896646617808,0,107.55668451332627
6.21875421285489,-0.0001405644382562,1,168.07355224502953
0.9041072594918996,-0.0005538382520916,1,16.011627293896133
-9.926540773641973,-0.0011466693486403,0,58.46029581840662
0.1085425079775639,0.0029496028763414,1,103.38633826844418
5.113495262034791,0.0013503030118252,0,5.334553163163832
7.680638439058416,-0.0027630551643268,0,275.7112929820281
-7.053327244016625,-0.0048417451041501,1,-20.240412955401162
7.3140363826881725,-0.0001860534142395,0,64.25816038305092
1.3603973536105318,-7.619089830080245e-05,0,7.559911285497506
0.0461256867240997,-0.0017266137735055,1,27.526266778111882
-3.799072809597064,-0.0026668431689584,1,-8.717111644769131
-9.980281340213054,0.0010670501734023,0,190.89023905875553
9.50959738906683,0.0010540749478504,0,14.115183533031907
-7.619512002630639,-0.0018987276267251,0,-2.642492197509309
5.771372108539133,0.0009746276255014,1,75.91884768640767
-0.4036348267508849,0.0013584610773655,0,24.987752372334036
1.1029876264221468,0.0005789187229574,0,4.863533624797208
-8.105555257432549,0.0002770812254589,1,282.5294420218421
-6.868526389064371,-0.0034999563436616,1,0.926237905282042
7.526422186494738,-0.001928814255349,0,195.0498249349141
-4.955212630208004,-0.0022674447736083,1,0.6594177260434877
-2.671093532684868,-0.0024831102726478,0,5.68660231599152
-0.0655082973368195,-0.0008474268553648,1,7.668803772355827
-0.4372522604584539,0.0015831810545505,0,33.47179086913155
4.366461197045846,0.0035078710466979,1,17.749096243350436
-8.396670828899264,-0.0016646444111379,1,126.26955673511216
8.310713074679256,0.0047699658079669,1,-9.468082459037303
7.649582717400179,-0.0024784473856226,0,247.85778016607898
9.404111427966171,0.0007702567828293,0,27.575758194391035
-9.274337673199442,-0.0020672333619502,0,12.588157562867346
-6.417604992086972,-0.0026566281589396,0,-19.686802752238812
1.7223719039182477,-0.0005562622880143,1,31.421323382467797
-5.208377004350826,-0.0029065092311892,0,-16.541525905059835
5.22198608207097,-0.0015888685089584,0,115.64151090604045
-7.761009185222925,-0.0032136635228858,1,27.000114493137172
-9.592518860837592,-0.0035040004343,1,73.82854443454252
-8.680091745255204,-0.0007341265059536,1,215.7187478492618
-5.318015416110398,-0.0015959652550803,0,-9.77223014453777
4.755667315485443,0.0027545994385803,0,33.104583015693436
-5.056212614442375,-0.0020893260295903,0,-13.611799512220472
0.6897499001876621,0.0030518389084155,1,89.09053194936553
1.8449568020196447,0.0023804536791407,1,24.49293352613268
2.176190553601975,0.0010761523093433,1,6.668384187611673
0.7345238717281806,-0.0015668045296094,0,32.61688684616715
4.483308853070929,-0.0009998161276051,1,147.09974014938675
-3.4217253834594974,-0.0002058965308157,0,3.384555764491422
8.821360456577207,0.0015927888124801,1,148.23236408971832
2.64931564558168,-0.0025156631185745,0,109.81846522523932
-6.363951643457213,0.0009576284085301,0,84.49534732067048
5.225643022251553,0.0028412357243668,0,31.504481954425472
-1.0680787357330104,0.0006928946279242,0,10.713704991488306
-1.0205281804532529,0.0016831712572777,1,58.76280205934739
-5.89835660216016,-0.0015498502694906,0,-7.364810052822124
8.181124384936684,-0.0007077789172721,0,109.95161958571356
-5.410052562850134,0.002016305690243,0,136.75569572821948
4.604198281595622,0.002625855765898,1,6.06552342478688
7.464177652915652,0.0014934408469479,0,1.0602062658064084
-6.160486055716918,-4.978047109317284e-05,0,32.996402529714686
4.181895972105084,0.0028377284736075,0,43.3217193955871
5.892144027881985,-0.0006324293474059,0,70.87837032076337
-6.992278915240739,-0.0015269440445647,0,0.06861115678936036
-8.772629976520507,-0.0045631064530046,1,9.440144325249694
9.664095888761192,0.0004494390048602,1,305.95816889484036
-4.504778226661291,0.0002662749839113,1,89.15206443567882
-9.532101691531818,0.0017082565229774,0,230.2392442102382
-9.299660755541868,-0.0017687959859751,0,22.48248776713695
-9.377601255967114,3.4071281758149885e-05,0,102.40842063563832
0.0361922309187647,0.0019371898173755,0,44.22349682472923
-0.5403268938399961,-0.0008556808465326,1,2.985303781573654
-1.5924045652614789,-0.0001748600923913,1,5.298504809561281
9.948653912683096,-0.0025697901780785,0,328.17196933666446
-2.695808293140793,0.0020481119860923,0,86.1449306767571
-7.118549985696125,-0.002493800916192,0,-16.73405421008479
-8.997446611514873,-0.0011862438245844,1,194.452580833336
6.576248529541225,-0.0006276895734942,1,226.1498826647904
3.5503840817142933,-0.0008324162818622,1,97.79764845447508
-7.439475156513387,-0.0001337445235598,1,197.62149409311826
2.114748092391661,0.0014821774766141,1,6.193709119949538
3.865520622538085,0.0009463012685446,0,7.112776303118853
-2.3139374664164443,-0.0006689871259898,1,3.079809735676194
-9.61195582758972,0.0009472816308862,0,169.21361670430946
4.644792144844001,0.0002053587477302,1,81.00242906077114
3.447004194631728,0.0015175435353559,1,10.48828926607641
-1.6073854625930029,-0.0012143710685018,1,-1.8088169489311374
3.2255077086911683,-0.001793674587049,1,138.86493887011957
-4.613803430839704,0.0023820827867301,0,148.9640214763369
-4.6129504691954,0.0003550976685951,0,28.135477167504458
5.21666084133631,0.0024242342358101,1,10.641058617056432
-9.462582980227678,-0.0014909405099723,0,35.06036902014963
1.6201951294648058,0.0022288594001383,1,23.376170136725307
0.0663270922679881,-0.0019350201256956,1,33.74742230111669
-7.639984063238643,0.0021250844344563,0,206.25937606941775
2.3736786662111946,-0.0024203006125938,0,98.15756764712964
-5.968641759157618,-0.0004200740764777,0,18.07923006906605
9.888450427012472,0.0044309964021063,1,-2.8738439650847747
-7.738191051769134,-0.003067450161843,1,31.462739959378492
-9.619855575421818,-0.0052391105407181,1,8.994802639919651
3.041948148136548,-7.534513547404232e-05,0,18.28116661427158
-9.824711017934504,-0.0012425821473029,0,52.14833323182483
1.011572638469996,-0.0007048170513306,0,14.614437268287839
5.493504598859085,0.0010935140393091,1,61.337763630281735
8.483016451201689,-0.0002481524784257,1,305.06813308709724
8.972107188108719,0.0033975826610092,1,29.240600971941372
9.015752475984527,0.0007556478039157,0,26.960219687363033
-5.8429377163806535,-0.0020037742996168,1,21.882769195082453
3.0835953234004325,0.0008307662709541,0,6.7097937314336225
-4.177067882563463,0.002936582975111,0,190.7111478708517
-2.4327037261323987,0.0024275587716696,0,108.59956540860995
-1.0796494925685245,-0.0007187926195783,0,0.32800420497489036
-4.740324652524118,0.0009710412131186,1,152.83992868047673
-2.3794763030151334,-0.0002623422451943,0,-0.5610665975916627
-5.578468056840487,0.0005096936576566,1,154.62793227590114
0.4075805605128728,5.6088631258923215e-05,0,3.0531803292786672
0.7946972380540913,0.0023116120016048,1,42.90211680875636
4.531542936566417,-0.0006452149096792,1,126.4056428111897
-2.9313771298687863,-0.0030444633495578,1,-0.9141366721265904
-6.812606252967592,0.000824822568925,1,257.35371442834014
-0.6133832058148805,0.0008277251954754,0,11.625347115959055
-5.492992455601793,-0.0019559188331306,0,-13.095203759771922
0.8936649455656536,0.0026090661462107,1,55.12899726168527
-8.457592962667794,-0.0042476992791986,1,11.515574142323642
-4.421613567762444,-0.0029718751103615,0,-9.759268178759658
-2.8856286781748715,-0.0024929329411289,0,3.202924179868279
-2.110751778631288,-0.0015864512002836,1,-3.228106934262412
-4.122562687745754,-0.0033949371627935,1,-10.06042236118498
-5.297628876427931,-0.000382087835445,0,12.259610331123472
-3.0012053874443883,-0.0014518507788815,0,-5.844742804233914
-7.011765268378152,-0.0015246268673427,1,76.46117983385548
-1.937781701496187,-0.0034489642864657,1,23.29770639754303
7.980930455472677,0.0025333840219921,1,52.703203829934196
-8.40154904652444,-0.0024482972305741,0,-8.12386415475944
-3.142563292354927,-0.000472788135796,0,-1.6126265214684259
3.167100666266629,-0.0017070024884604,0,80.03078267914475
0.8653253162705337,0.0001686648122599,0,4.038692282195159
0.5976344929210065,0.0023367148419782,0,58.33968060430759
7.304033491513366,0.0001976491776993,0,43.91548916541642
-1.0902091664862006,0.000724787703792,1,20.086954654259294
-9.57555158569084,-0.0041255014616261,1,46.36064864619877
-8.315090594043449,-0.0026799471035851,1,65.34658940535547
4.413509371622709,-0.0005596088413502,1,116.18665791009164
0.2706851794720393,-0.0008681835871662,0,11.032153806001567
-5.342785562726542,-0.0027517303887967,0,-17.061434464340685
0.8993686321702317,0.0014148575538966,0,18.333081457701503
2.413049947153347,0.0010588009400019,1,8.146774387840273
2.2146866646857117,-0.0001903292319832,0,14.536364748319066
-1.5612421503218137,-0.0004614918051385,1,1.2485611215920793
7.913809031933127,-1.4145657307311635e-05,1,247.27525127356455
4.69016245035772,0.0026312603406851,0,28.860296935563515
-2.5588019550819663,0.0021818099148669,0,92.94247017464699
2.0574221469011604,0.0016618762709661,1,7.587356264687465
-1.1966680477199176,0.0006521816860137,0,10.41131464793953
3.108367234659875,-0.0012692505449179,1,104.22804186392003
6.798196326458324,0.0025823354634412,0,6.964262700894462
0.1298711102440783,-0.0003162587044751,1,3.867993480892064
1.3589846569625248,-0.0022624604027808,0,68.24863238436055
-0.9227078933447608,0.0006311721087582,0,8.857944290553093
-1.9680227182160976,0.0017072164685518,1,91.30713646831725
6.52555880526868,-0.0005114105996964,1,213.54271614194508
8.139402476466916,0.0052862041224044,1,-1.617493488415358
6.395923985312258,-0.0016469341624781,0,145.3428820502899
0.5594271590108235,0.002777627947853,0,86.28001073557795
3.2801081211614846,5.476843910265426e-05,0,17.129524525778468
5.885780935563016,-0.0027806106657077,0,219.66431552780853
-8.026561520357902,-0.002915841534863,0,-20.49272777537991
5.193989472034858,0.0017890022498657,1,26.06835638614996
9.630273288103664,0.0005459078083874,0,40.90603247699263
-5.07638801436733,-0.0002744924823656,1,76.84952341166237
-2.660566732063014,-0.0010559203897262,1,0.0031406618165825684
-0.4833178067549699,-0.0023306384263167,0,35.30981096233829
-9.402639552806756,-0.0041220391453549,1,40.94665566052599
2.5416377814106106,0.0012805826612298,0,9.173496846145767
5.013541903104549,-0.0012002858225398,0,88.22186625157676
8.302357982223544,0.0048971866845584,1,-9.025881088931543
-5.388850108669379,-0.0045600497039375,1,-17.803132414361897
-7.916586442978069,-0.003243737086687,1,30.01008494043195
0.073755989358597,-0.0011022735066765,1,13.774461861885953
8.936864044468521,-0.0013407795584162,0,175.66325870382525
-9.258835134002767,-0.0051525932404032,1,3.2540626267789294
9.431502395966994,0.0033995176793053,1,38.5238897658074
-1.919884298094983,0.0017030705771802,0,54.67460037019934
6.628225553581508,0.001536334116711,0,1.9751456458022707
7.845079507473976,-0.0011866820472014,0,140.68172550951527
-0.4754964868286677,0.0011135798571223,0,17.975945035913373
6.769198605898918,-0.0029005872802112,0,258.4155042757654
8.555678997968812,0.0044567125538852,1,-8.551432592633796
-1.1276768886461674,0.0012778434267546,1,41.45893456857298
3.5489896555919955,0.0023310488459425,0,28.392605156087306
7.796776587079972,0.0025501854031045,1,47.281034377363596
-7.194754843396716,-4.720965859032899e-05,0,49.61552783688034
-8.268563245568622,-0.0006153166110367,0,45.66845777384465
-5.578207138057747,-0.0023244302650191,1,7.914026048317098
-1.2486738448697636,-0.0004797184073702,0,-0.9561775564688979
-3.9158850421261855,0.0014444762591043,0,68.60761831232546
-2.587023020266193,0.0027234995245946,0,135.45776552920594
-5.398959466816993,0.0001954405012627,0,31.86019974762039
-0.8786134749677803,0.0020536901023615,0,60.54422392556371
5.302469991287662,0.0004488015467545,1,90.0479430758607
1.706604228689086,-0.0022018776315765,0,72.9887230489054
1.858287414601476,-0.0023674951445434,0,83.64538055128196
5.642054558455044,0.0027248618400327,0,22.517685413115142
5.309126313155566,0.0045863561420581,1,37.22373790460999
5.579921864318402,0.004538950548392,1,28.440467575792464
-0.7446360490704222,-0.0023869240589762,1,26.60380506601656
1.2925156706821834,-0.0014431206937617,0,36.98619580063174
-8.291801254711226,-0.0016322965167068,1,123.49310756761207
-9.429922512906453,0.0007416592563418,0,148.50543195510625
-2.735396941212887,-1.9329168869032376e-06,0,4.120531643216641
2.265766403243724,-0.0001501458830774,1,30.80287100815384
-6.264160103696888,0.0003907972321124,0,52.98250293652847
-4.063060270185906,-0.0019598283481713,1,-2.646806270193734
-3.661666904393936,0.0018241886281834,0,87.56081439450199
-8.327394164199116,-0.0013196021949737,1,147.21160871880446
9.780537526005538,-0.0021318885003838,0,274.6157637454578
-6.604648147432595,-0.0009984787996119,0,8.90005073819713
-5.812852370591202,0.0010984230241521,1,224.30758685802843
8.126733284675918,-7.061292724501263e-06,1,259.0443489577428
-0.1089456234357868,-0.0011034024382963,1,11.043323117447782
9.108607557709496,5.23668163042379e-05,1,313.6707923333662
-8.092986350503331,-0.0011315228199278,0,23.926700853191978
7.478215041314094,-0.0007548610867869,1,291.439661450276
-7.740952977696354,-0.0007884315978209,0,30.01364033242035
-3.9153284314773407,-0.0005923194986512,0,-1.0123865329117212
-7.516429238253477,-0.000275048898259,0,45.728531480058564
-2.214027810857841,-0.001563960603454,0,-0.45823951959368037
2.539156501812471,-0.0005857543498223,0,26.72721576604034
9.105758281823803,0.0036770063725921,1,18.358830347277372
5.0931621722337646,0.0020375257201167,0,9.57767853840096
9.635358728652058,0.0027233815075093,1,88.8892113118253
-5.180270400954554,0.0010525822144997,0,67.64015975636195
0.0087735286486445,-0.0015208985551604,1,21.585974349368914
0.7748872944209104,-0.0008432291907168,1,20.161106756046195
6.89214431280989,0.003841278591819,1,-0.43961008127442325
-6.566325851941343,-0.0030033193122271,1,7.632950134636861
9.574820198156598,1.783067283296745e-05,0,74.7863809319268
-5.7328215968014495,-0.0033262775124201,1,-8.802375222069152
-4.817503049631087,-0.0010759194633885,1,31.073097042130666
-0.9546491877137376,0.0015044013640278,0,34.9850199124081
1.2973661422597154,-0.0007896021570309,0,19.103565745979584
-1.7107277896623927,-0.0010462548748124,0,-1.051294294130869
-2.031512630029506,-0.0008162536649607,1,-0.403457964769935
7.942009441658406,0.0033494611122773,1,14.935376826667921
-5.601935578629485,-0.0031044134200065,1,-6.736886310719095
2.2248979975253604,-0.0009197005917285,0,33.07128284752042
4.407978531509043,0.0019117254969722,0,11.271148074789211
1.8845868613762773,0.000246915132911,0,6.910837265321944
-3.127508382674378,-2.2180964925854213e-05,1,32.881334282649675
-0.951668489133354,-0.0022330258603773,0,25.096384689834284
2.163554534813276,-0.0006081752642571,0,23.45053724780326
1.9264525278726907,-0.0023003569161859,0,82.11091407843162
3.5327165216759067,0.0033110810620201,1,25.755189897882946
-8.084263985052809,-0.0019717179380467,0,0.12471367202998396
-1.5598962611032068,0.0013762295323767,1,57.624169171040755
-3.857620982740992,-0.0013393136780354,1,6.165312139475391
-3.5426817060252347,-0.0030645414348358,1,-6.967208492550325
8.409663982482805,0.0018406264852184,0,-7.188181991976402
-4.71997257314597,0.0004898373231584,0,34.4977862428508
-1.749592374805891,0.0013902410673629,0,37.96982532685605
2.3150015145111453,-0.001208901603821,1,72.3395877801293
4.943572397410843,0.0010493486104649,0,7.486725783507987
-4.425586133714212,-0.0031431005803461,1,-11.068352363525358
9.92568685610376,0.0048037366160032,1,-14.297663098089565
0.0081377506104196,0.0009288690045601,1,11.13493004079287
4.092251324072237,0.0037652484619932,1,31.151158149176712
-2.930542396543931,-0.0021775071068426,0,-0.7846931262819687
-2.520014005620814,-0.0003889544920539,1,10.686347610004505
4.057515863224541,0.0008422942415606,1,36.28495368483688
-0.3270992033751341,0.0021161256457216,0,57.24601366649652
1.9340571239398443,-0.0019717358948275,1,94.01633467734914
1.0303093263243746,-0.0003191163692784,1,13.340497870674582
5.589885313409177,0.002327673169898,1,16.36622252745891
-8.818722940520711,-0.0026965650164055,1,83.49881057530695
5.659229923655724,0.0002521906727763,0,28.744609613863446
-9.704404718667224,-0.0005265944370355,0,81.43156166083415
2.9914458828420507,0.000918457422645,0,6.510510633338861
-7.025122234674031,0.0009468123094121,0,98.08227714324363
-5.088371287888531,-0.0017976631251273,1,13.323310742098093
-9.38298046698206,-0.0034766226299617,1,67.17354977194884
-1.5358652430096082,-0.0026399237371294,0,25.176733057238767
9.024597821245198,-6.779310807630769e-05,1,321.13053051643885
7.559055122960157,1.2401605305310245e-05,0,55.76826023662788
6.115514142240038,0.0019772744374771,1,36.46153369818206
8.898680109094137,-0.0027754683918623,0,316.99455914248557
8.808852669715577,0.0026247895246316,0,-12.409882680522504
6.803563810762704,0.0011193158895299,0,8.581891168187553
-2.05563825141793,-0.0003140510204697,1,6.99014325465803
-2.665464141873035,-0.0034081755320647,1,7.5353284107189085
-9.323325123010648,7.693569263156295e-05,0,103.3709486420698
-6.525691225598154,-0.0018173781465565,0,-8.632485782716206
-2.5108611083912,-0.0011491614974491,0,-4.402717152253803
2.259360548400464,-0.001958004094613,1,106.19086313824062
2.783140154685146,0.0004952355300052,1,22.492589932665123
-4.732843093014254,-0.0042718670987633,1,-12.972354072869841
8.084736718205626,-0.0004920820998438,0,93.15153088474884
6.9075245650382655,-0.0029897665347677,0,271.0776134794293
3.4938226617032804,0.0011908217724978,1,16.66991265142557
-7.344481443505528,0.0020237586653412,0,187.98404150580578
-0.5436553877704764,-0.0029220217793258,0,51.78274875856331
3.4440776636199217,-0.0001529111331595,1,60.63919282871758
-9.534716182353018,-0.0036309343429278,1,65.78741286023413
9.624453590087288,-0.0012849265105542,0,184.5584916401141
-2.528808725374545,-0.0006553826748303,1,5.18519011593118
-0.7030737106599325,0.002513394506026,0,86.62526669515657
-2.2071785082283712,0.0014910365356802,0,47.577432208028085
8.56644951259145,0.002909465103996,0,-5.455619140176055
-5.322579574419477,-0.0039683564847872,1,-15.612576631965894
-7.49386071856496,-0.0007194798021879,1,150.52319872185709
-2.2359737491717717,-0.0014985215920874,0,-1.1668318454738271
2.252630060237122,-0.0012157220780332,1,70.57613682139316
-9.966312885940503,-0.001806894693838,0,33.34649722169459
4.561629013033901,0.0024988132647539,0,25.285689230894135
-1.032486961194806,-0.0017795533504765,1,8.727558044701905
-0.4453024434774875,-0.0023133301902517,0,35.48048092528425
-6.4505414506160985,-0.0043761101692352,1,-17.3804293217091
-8.90219433104382,0.0029659218615593,0,343.1108444718574
-6.976574602321621,-0.0019948937692214,1,52.10230547048777
-4.323138287858872,-0.0022317873503205,1,-4.427725828037283
-6.8717834533606,-0.0043732005773403,1,-14.81292454062283
-8.868843642912436,-0.0002832657187838,0,73.01678044327525
-3.071483701109532,-0.0010337770675543,0,-5.885856188549843
3.428947243773141,0.0001108319665434,1,49.06897805320468
6.886275561410944,0.0040741760029362,1,-0.6426173232764749
7.436791247251808,-0.0019027382811924,0,190.54164015060246
-4.71134148787967,-0.0011002520490375,0,-5.418221151479926
-5.2909025397388,-0.0044547562248852,1,-17.02398220048426
3.26476851737813,-0.001975063722262,0,95.70460640056402
8.75214896983234,0.0013623976374026,0,2.4889740914396383
-4.313459759361487,0.000928534218033,1,129.05634375866813
-8.00791453358974,-0.0045264329566135,1,-4.218926373611232
8.254939615403252,0.0013056552724321,1,147.34200423764713
2.764438900345885,0.0020632653809533,0,25.513997553846426
-3.836183181998482,-0.0019122617637626,0,-8.92715161532181
5.5033182894734125,0.0040561897985171,1,14.26549635125535
9.81327102958238,-0.0021265332740647,0,274.93519555285576
7.843138683494438,0.002736278245412,1,38.95290088448444
-8.283448736801521,-0.0003963113350702,0,55.133674193491984
-4.734627789962138,-0.0005821753132288,0,3.1979778222774726
-4.871077557811288,8.934686566258333e-05,0,21.908212412324755
-7.827129429534663,-0.001825401390932,0,1.028894863662377
-3.173549953371369,-0.0016407250178282,0,-6.160975790582153
6.924395517857917,0.0037733291127805,1,-0.09739671853851872
-5.772479474174633,-0.0034003657138444,1,-9.497024376347914
-2.6208327945996786,-0.0036226421063129,1,11.66185318320794
-9.36913954787582,-0.0020641003899711,0,14.13342581649699
-1.6240087432924977,0.000564329502091,0,10.480513177972332
4.257280229039768,0.0021084373417914,1,8.707949698703448
-2.8548160182368454,-0.0026727219146161,0,5.924752658359191
1.784194762807779,0.0026937180377704,0,64.29487986008476
-4.504914094174293,-0.0012543541348756,0,-7.594040513267075
-8.278795015404526,-0.0015760288256599,1,126.660216719684
2.986625602661446,-0.0005041286920283,1,62.44881668272475
-7.567964479690381,-0.0017319952900922,0,0.6758711845628302
-3.641843496185073,0.0006526854289676,0,28.31654720165596
-4.77224877030517,0.0027152975405753,0,183.43528334395984
2.6685340597308738,-0.0001264081897644,0,16.598823101123322
-2.791087725159876,-0.0007229401782229,0,-4.170059352021767
-6.503613186839285,-0.0016689906456193,1,52.0958814056827
-7.047390166561211,-0.0010555888676996,1,105.6737959624437
-2.2085259484763604,0.0012057931324755,1,67.60117501210755
7.851549074587226,-0.0004376185749913,0,86.31777143435468
1.1133614714174591,-0.0005289055875126,1,18.896335311135427
8.966459439067687,0.0003413284891428,0,48.94660407111776
4.339354032926284,-0.0002347142584144,0,34.271987789888286
1.6222662606191385,-0.0018424832285487,1,76.69058634155911
6.51807106401192,0.0027443259317226,1,16.345532614358312
9.152210149203071,0.0022102583663581,1,111.19135482181892
-0.8111053561596222,-0.0001964324366357,1,1.2543371466203916
2.930010605303448,0.0031665252397847,1,32.17988917072704
-0.0797505225813477,-0.0002091469345089,0,2.2205413295079883
1.828121402465225,0.0007611279071454,0,5.827845792612282
4.417162641466293,0.0007870193931154,1,46.71888257447125
-9.479364945545225,-0.0015375238813036,1,193.15367848882417
-5.963329400128156,-0.0025679286753799,0,-18.344760711176512
-4.061554152477473,0.0011972719532804,0,57.469922779743776
7.15244719739411,0.0050964067485302,1,13.048634185099756
-9.641262562232868,0.0011060648539517,0,182.4227797439557
-3.76816398616,-0.0007641215837836,1,19.863521914331045
-7.396441060420931,-0.0040607962979784,1,-3.3170192952288744
1.883344810102628,0.0022661063960318,0,40.99026659424705
6.503335359723387,0.001801471330037,1,53.381076105431454
6.979893863011959,0.0017317726926551,0,-0.5183647838755685
-4.966303138529957,-0.0014308975312743,0,-8.655560525668994
-4.359275681826635,-0.0014913315092382,1,9.506341345287032
5.687789739294278,0.0017940579555236,0,4.109987687365304
5.641676247200596,0.0003349778578044,1,109.51649936480996
-5.380425916398637,0.0009468933577969,0,65.4076528185142
2.210172845837228,0.0027032327419368,0,59.57545853131178
6.067709608476058,0.0003712453208785,1,124.18552266345523
-6.188989847254083,0.0020240623675592,0,156.33769214356823
-6.049755073147325,-0.0040410393304617,1,-15.374688991080617
-4.477858060533948,-0.0010242957782212,1,25.359704827427414
5.061330719914599,0.0021987329581464,1,13.530018739138308
1.563000327657992,0.0029715629309731,0,85.21346696197753
6.078554806182122,-0.0012126410708998,0,108.62354624632883
5.142030948901153,0.0028981947653227,0,34.91359164302359
-6.004610550407444,-0.0008968297938107,0,5.737970285851098
4.197846522776947,0.0023239781311756,0,22.687946352462554
-9.11647278409719,-0.0051037137533598,1,1.592508021826732
1.3281131230144751,0.0030372696079714,1,66.78774037126641
6.701868266120137,0.0030662340817654,1,9.889963654887552
3.837870259527241,0.0026817920090897,0,39.85369356991252
2.8842457829098667,0.0004472153451575,0,8.784630639833559
1.3924942586126845,0.001301592686983,1,6.958143535890098
-4.518610747508389,0.001592554717132,0,87.78956792763674
-7.330880273538851,0.0006894800835169,0,89.52248408602017
-1.1206083854397375,0.0011797192244526,0,24.36437544759612
-5.688803037180332,0.0028282507359379,0,219.29357787730038
-8.284896225435268,-0.0029574200286413,1,51.9100571737785
3.3594927708173365,0.0001161423095789,0,16.35882950166377
-6.330078030427195,-0.0025516445120136,1,15.323203158785045
4.474395299714065,0.0020941902468011,1,10.28439732733754
-9.40090835843561,0.0001733272805736,1,366.75838827674255
1.326600718655481,0.0007099184470891,0,5.594656219604704
5.9957917293811285,-0.0023267634667828,0,186.89709358111782
2.594833506031689,-0.0016947887361832,0,68.43628283409768
-9.812087336941117,0.002078851084918,0,277.1171226294641
6.542870054242901,0.0027156456479278,0,12.839786115645659
3.0111134533546053,0.0005752879890898,0,7.997585892471193
3.818796626346773,0.0009046418034295,1,29.372749784195424
8.55895958904619,-0.0002669783043304,1,311.90160203415604
8.006679596753482,0.0020662948768522,0,-7.046172580595302
-4.05492864769556,0.0004456322299501,0,25.25302865609181
-6.666924626626871,-0.0013740125576716,0,0.6530733383064196
-2.0970356428830144,0.0002095156970783,0,5.420064672931781
-8.724449198092543,-0.0009982390669031,0,39.324294284568495
5.182839098406136,0.0005376511456977,0,17.301153540943695
-5.092493225349166,-0.002991552462993,0,-15.746112001575849
-8.75154844297068,-0.0046028687448473,1,7.844218999052431
-2.546327442581891,-0.0027168089343909,0,10.844824229126708
7.692740160742254,0.002615705048014,0,-1.0802224748450113
5.460214425159752,0.0011878016095425,1,55.83784286961043
0.8656755713907334,-0.0018519612158179,1,52.673403047049106
-5.965723115712677,0.0017232610946105,0,126.8676432318913
8.350746254481404,0.0006077606373861,0,31.193917829424905
4.77132061425378,0.0013778917023719,0,5.672791712175989
-9.428575315513925,-5.959901742768936e-05,0,98.55704166725621
3.3297134496225294,0.0021245658381739,0,23.246974982400317
7.871769618841672,0.0015066157201891,0,0.11451864834652348
-3.279300750771297,-0.0039210643441558,1,3.5956915771983944
9.265511014756854,0.0022134137549935,1,115.23480963604646
0.1414628023366084,7.871198879557969e-05,1,2.424789027336638
8.978902249867694,-0.0013050227964029,0,173.30167020384522
4.845924600686203,0.004207016210465,1,32.068354768669394
1.216249298163827,0.0004494738441959,1,5.5422294537351595
2.3315128516094337,-0.0021492062047346,1,119.08252964353849
0.3486386084756532,0.0029264499820151,0,100.28578682003271
-7.526808180411111,-0.0049103025061265,1,-17.832612888193097
-3.665733188874072,-0.0033844989971877,1,-6.449422800260223
-0.607071527953968,0.0016254979291747,0,36.7407975919374
0.2086558264089983,0.0008781524935795,0,9.518087878935031
8.570729506169481,-0.0008192667154525,0,124.68036781669778
9.279744635207464,0.0039581548467159,1,8.886849717052344
-2.4905782668753096,-0.0017434633422101,1,-4.471076604279123
-4.579694405982262,0.0009372757112083,1,142.1369977231279
-8.726647050394687,0.0003167217060383,1,332.3719878553331
-7.379471527832726,0.0001402060893182,0,61.58553192432576
3.618735517812482,-0.0001966770256309,0,26.17478365596933
-5.225252234121591,-0.0016499069777301,1,20.237037302769366
-5.745580967804456,0.0006375385492375,1,174.66039121934173
-3.702594333262674,-0.0015499921605997,1,0.5669287150033084
-9.759386664695278,0.0004784927604953,0,140.71838623510777
6.407393185258247,0.0022706961197264,1,30.55777743928949
-9.780463280784604,0.0026604988310573,0,340.9533957717887
-3.989862257180645,-0.0015008431770717,1,4.4003564350842606
7.963357209589699,-0.0003371848098906,1,281.3267620944535
2.721230363317792,0.0014633253492413,0,11.200349558242383
1.854036077111525,-0.000786550009595,0,24.869355489365375
-0.4505533278010176,0.0027660342521329,0,100.86411141743926
2.735876345506673,-0.0001784048280941,1,42.48119528308246
-9.759688726862944,-0.0046677210036383,1,31.758863605245775
-5.880361960483347,-0.0024528013765293,1,9.69938165070242
3.2832764206631087,-0.0029324213442462,0,150.75713116294315
-7.169477428143956,0.0008177438385376,1,280.50995644605763
-9.716373478947007,-0.0050154977716968,1,18.588222363511342
-5.16757511455369,0.0026810223947243,0,190.13837165183787
-6.20124721676925,-0.0013065429669619,1,59.65808922323828
0.9104737205419048,-0.0013512017886288,0,28.8816936606977
8.948462096901803,2.6553678208051396e-05,1,306.14674239334
7.05885753412716,0.0005797595961334,0,25.712727874587028
3.3122660465450977,-0.0001517809884545,1,56.76931671456011
7.754345594065057,-0.0017573011681884,0,185.897066338809
4.41935985103931,-0.0004343827097168,0,42.56515596030942
9.386156037150172,-0.0013282817647684,0,183.80293294721474
2.805663978047757,0.0002047204946537,0,11.521397517726827
8.531028085906836,0.0012643360095934,1,163.27152327231545
-2.184588049539511,-0.0006877701305285,0,-3.341951011178951
-8.988936311507443,0.0027317574061369,0,317.8503751266636
8.424982977928046,-0.0013568779266539,0,166.42569290015334
-8.551795668789943,0.0017096473603587,0,197.0165430115397
-7.585293070558674,-0.0042345549900232,1,-4.2553424409868486
9.545829306587796,0.0051519893733718,1,-19.557868615839556
-0.3098750625674036,0.000534468213203,0,5.557531737180826
0.1913397391853895,0.0004437842395241,1,3.6111419603415618
-9.735457776425386,0.001680178458452,0,235.0103564608052
2.890440809891647,9.416323772390362e-05,0,13.825756699310244
-9.07719308320786,-0.0001267351114366,1,305.40634938316924
4.987202306886244,0.0031855383198196,1,6.090940761364483
-1.9027622162936009,-0.0020177516296582,1,0.8122202285660622
-1.5911199124534452,0.0014492307760711,1,62.54942950052885
-7.7597124177273695,-0.0021911236594982,1,69.13269283749253
-9.89683082174128,-0.0053660657598871,1,11.912246598297745
-4.844255079475257,0.0023371260353679,0,150.37882851511728
-8.022397803289305,-0.0050804701636216,1,-15.79773162120371
-9.945909477848502,-0.0017498050807239,1,203.28681923158834
6.176150111598766,0.0004812562021569,0,24.315634583235205
-1.5514494785245605,0.0018895791536155,1,88.68246551022315
6.158317223215054,0.0023088671839044,0,7.048864510142849
8.479452266281246,-0.0007450195012341,0,117.42936774642004
1.558378544699071,-0.0025146723774159,1,104.93303708201961
-5.037466275513298,-0.0038958711062486,1,-14.659672571467095
8.829733376946422,0.0006486987992454,0,31.485209200330207
-8.016973422739229,0.0001805461569474,1,265.6539460681794
2.0025801042168787,0.0005294509948162,1,11.113271988812842
2.42962072397912,-0.0013490432931249,1,82.74623537666233
1.1559880717449251,-0.0022306862432177,0,62.80606883157355
0.422644680312743,-0.000783577286979,0,10.923936800225775
3.674435646956969,-0.0024315338492578,0,131.32351261506088
-7.1126500180498216,-0.0033692443615388,1,8.152784460617411
1.2320894435179817,-0.0015268682712967,1,51.56925779541809
-7.286351461892524,-0.0004068660031776,1,165.03432855281977
8.5371786537188,-0.0025451342830842,0,281.4850647382106
4.933086255092867,-0.0006664775910203,1,145.51474129382422
8.868810416589575,0.0017737952157694,1,135.11001955941407
-1.722014540998719,-0.0016199151119879,1,-0.7642737634745833
6.495055442436424,0.0030133262440495,1,9.35722174631725
0.4484399637992187,-0.0021081135888318,0,44.91722238905344
-2.038213109054668,-0.0008576751468671,1,-0.7621646098285919
-2.4315555645631566,-0.0027673965610613,0,13.378913180985657
-2.1276246679221344,-0.0003146378645991,0,-1.2995237381988494
6.696583220356921,-0.0003138794121453,0,64.15684592726082
3.564354552626501,0.0004368985787345,0,11.652287787843528
9.585182745581909,-4.434372521666554e-05,1,356.062634898852
-4.359934767955471,-0.0003349779354917,1,50.678682095511995
7.375683732834815,-0.0011955367924153,0,132.2674423053109
6.960162949452826,0.0006515495099594,0,22.588288539198263
5.937976633971802,0.0030842779841512,1,5.151855820912186
7.611241219613774,0.0014377573551025,1,110.81006563339713
-6.9685367515981245,0.0001251429125739,0,53.17188661477763
1.5918760795384657,0.0019762532445921,0,31.626324119245016
4.458392693037981,1.9570985483909555e-05,0,26.98212064472998
-6.288646137429415,-0.0024969910144174,1,16.07499509824744
-0.9122418779656912,-0.0016203936331753,0,12.57246850535313
9.799698916893028,0.0006499149086255,1,292.3770825669418
5.835529363986449,-0.001852424804072,0,147.26359154464868
8.599551974907062,0.0016743734347137,0,-5.102181394175793
-7.6489415270489,-0.0019612388181836,0,-3.7643182192048243
-0.2848345256198747,-0.0029626851722513,1,55.93676591394079
0.3268937275465013,-0.002582076444416,1,62.41862947745153
-0.2497051467170603,-0.0027224509845815,1,49.209171095539794
2.762779083127544,0.0025162571178508,0,43.60306432070735
-6.422789526630903,0.0002307964442617,1,174.09995593855794
-1.5857275426579314,0.0012886948064247,1,53.74282706976016
0.521655373921611,-0.0005425716137003,0,8.09744925671342
-9.91238937339392,2.668969318117188e-05,0,117.01744729560644
-5.422886766979689,-0.0023034086355541,0,-15.51791923011421
2.256724951859715,-0.0021800685606064,0,83.82423803921063
-7.914453680934552,0.0029764328492665,0,307.2556705016314
8.18963770421735,-0.0004260827873722,1,304.4103337532229
3.434465951546242,-0.001853449733397,1,152.22730880769785
5.281951593716416,0.0010104203729678,1,59.473574311841055
1.9131963154974048,-0.0012166147805577,1,59.841085963291256
0.4081665951291668,-0.0015943653566206,0,28.73536622748045
8.787578617349535,0.0006818700324482,1,229.85807454625956
-9.68378506683236,-0.0025710879629079,0,3.2696138316195515
3.637823933993881,0.0032920295818156,1,23.28135639439533
6.226120342325345,-0.0009082394878922,1,230.04644596768543
-8.928371053256264,-0.0041115833472864,1,27.413486072142703
-9.29477701523956,0.0010178012238918,0,164.33675949545596
8.398954825586213,0.0023550746755294,0,-10.047346870997462
-2.7475608398471536,0.001686566753994,1,120.88238175889549
8.809968211299992,0.0006038957258185,0,33.65314065740047
-7.567587621178953,-0.0017456096033792,0,0.35547912306711593
0.5898975116826772,-0.0014330569034166,0,26.856316456645498
-4.383371443161783,-0.0007512774701203,0,-1.6393407034498808
3.0371915970936705,0.0007520500316147,1,20.190558301202238
-8.574173299459261,-0.0052993373318288,1,-13.10675069834342
1.109483298828387,0.0003673946722519,1,5.456424745347967
9.979615744407432,0.0034509659733102,1,48.20056818166624
4.120599879535389,0.0007221839894979,1,42.156072400325534
7.57999622352083,0.0019516396121673,0,-4.217219891169226
-5.848575251013484,-0.0042537529095515,1,-17.62647728113803
0.9334795754317468,0.0007692308753824,0,6.387211072700789
8.635664427904217,-0.0018602280916824,0,216.925144888996
-0.8814219414310909,-0.0027950070623186,0,41.0579208963237
5.491576685846219,-0.0007068083736601,1,175.0156435370405
0.6548651493232409,-0.002517928235602,0,63.46572753470007
-0.4644781983670736,0.0028070362677854,1,115.19840794333956
3.8435910313196064,0.0011661701518785,1,22.24398201352203
-8.56544098295225,-0.0017547292036824,0,11.704312570952066
-4.19190161108128,-0.0010252557536963,0,-5.772399878503293
5.663994086707817,-0.0007388298435652,0,73.32414560602189
-2.3464610924857414,-0.002953319601782,0,18.04088752332808
1.1167045958445063,0.001266196807407,1,7.967351908494072
1.5768448591294175,0.0008848240323515,0,6.7463117850533525
-9.873375347469164,-0.0018167176377679,1,193.46619924860084
-2.983752287073427,-0.0015057884722207,1,-3.2963797543495152
4.285305956594652,-0.0002785877190203,0,35.267924514527756
-0.2281041784631234,-0.0015580088069857,1,17.89958397972377
-9.898313105795204,-0.0018116190135767,1,195.35295980935274
7.952462430402424,-0.0026398083636055,0,272.5572697998664
-0.9648227965070948,-0.0006384957735181,1,-0.21800717703452488
-8.304521494975086,-0.0028795957604629,0,-18.332016038639196
0.208555768180787,0.0017167349014585,1,30.740973667598013
-1.5188660249165764,1.6201203113243062e-05,1,8.082112271363954
1.7324875337345205,-0.0008703229871621,0,25.761336723947295
-7.1292629833103405,-0.0021114772792321,1,51.69880479991317
5.849428825879841,0.0002277509972711,0,31.040059481336893
5.775727130943629,-0.0007345169810685,0,74.75511469650601
5.912242328346846,0.0014932025158314,1,53.181531856861525
0.9530974091307716,-1.7124475938368964e-05,0,5.173569537261673
0.1341362122409606,1.5310181358231832e-05,1,2.4497672785347806
-6.011842713404745,-0.0006472966944582,1,89.23037308592885
5.847399253354826,0.0046741540392628,1,27.536584633161546
9.58293589398196,-0.0014917142040151,0,203.68310443749922
5.139674858911157,0.0016863557504661,0,5.55409021748153
2.255751698250656,0.0023078716408077,1,16.557921910754587
9.140825658683582,0.003964720134184,1,7.018805455019456
6.47726128143378,0.0009466424274969,0,12.033410680671981
-5.789789775494675,0.0005042751020738,0,50.37686546323604
4.220381828888639,-0.0011451773657259,0,71.51046038142076
6.590328850326504,-0.0007155375882027,0,85.9452388187836
1.2217598454666518,0.0028022102065211,0,78.5321513105111
6.127176830016619,-0.0017820281463721,0,149.06845426216282
-3.892981228160915,-0.0013179931049842,1,7.079383248474815
-8.233632398717578,-0.0004378986095317,1,216.25476187787646
8.034309451041022,-0.0002258825503476,0,74.89691614729207
2.489176270417241,-0.0023259930117605,0,96.17233894845847
-6.026797792412522,0.000494439513829,0,53.80424547223175
7.253846238894585,0.0044328945166037,1,-1.6670351125143772
-6.311755679162811,-0.0039115359237914,1,-12.45597339240635
-5.496895453375621,-0.0023946628047555,1,5.039045532935846
3.118418280051049,0.0028609336572441,1,18.984760675885894
-4.046000176336739,-0.0026134757745127,1,-8.724623631899979
3.72750017378084,0.0017596445204308,1,9.476500965972809
7.733819085188887,0.000622969835237,0,27.44437441999813
-4.6921554380307295,0.0015941664958416,0,91.10377626027247
-6.908020223521822,0.0015235692341936,0,134.71656753816956
-5.762752004372054,-0.0002285630237612,1,106.3220559697385
1.9626765606767995,0.001896880582614,1,11.280108758129032
3.629925855462073,0.0018015133898739,0,13.258855417238982
-2.9624354610655645,0.0024030283009888,0,116.40023096919813
4.611634333381957,-0.0003995108364025,0,43.399852545422796
-6.67533324914934,-0.0046369183020531,1,-19.456486754817934
-9.722443006819708,0.0005742300291154,0,146.01207242364154
3.8105699563632616,0.0003237283351749,0,14.851506908065163
8.6596411581526,0.00129147919207,0,4.762333054030266
-4.260155068179776,-0.0038584149272879,1,-9.858568242656492
-5.587409736042672,-0.004656410247425,1,-19.13330053683318
9.175388927351351,0.0007310896300664,1,246.71228430189143
-3.003177363413645,-0.0029460295969804,0,7.62311005377736
-2.1130221455544334,9.985647987020268e-05,1,17.720541548106493
-2.427603400867726,-0.0029349976346207,0,16.36735274214103
4.017153112988973,-0.0010433418486038,0,63.30895364850566
1.9431165770942869,-0.001838687186666,0,62.364494604876334
0.7365936761638352,0.0008753008618148,1,5.4837852416097315
3.5550647010484564,-0.0019463061518317,0,100.5519345983326
2.6018531981350144,-0.0005758807038531,1,54.179472349352274
1.43832698314883,0.0016166820877528,1,10.930836619757505
-0.3644640380774753,0.0001559438085005,0,2.0675669074792986
1.967919417966046,0.0014414462449899,0,13.742235713296447
4.767988910816705,0.001526004894202,0,5.898359317296034
4.457050255913584,0.000383051809684,1,65.96027793429461
-4.112809399875122,-0.0015653604593703,1,4.544321876393295
-1.137227704960008,-0.001606004993415,0,9.860908179119694
-2.304657203734517,-0.0003058511737542,0,-1.0944997959313696
-0.8395376353576527,-0.0006359407894361,0,1.0166010456637338
-5.08781509978272,0.0011325532204349,0,70.44314162485477
0.875234939830424,-0.000219705778181,1,9.7370699115879
-4.893314221994817,0.0028798276117215,0,203.0866093773735
0.3982635498968569,-0.000162157450304,0,3.8093305612498622
3.3812099201678407,0.0007721837416876,0,7.425738110309134
-5.533498194585793,-0.0028191323883904,1,-2.8735690853986666
6.72907902879129,0.0045863037644573,1,7.293960819164103
8.663279823762192,0.0029253602406873,0,-6.353328062515628
-7.785524513987195,-0.0019243833760927,0,-1.7065667473306356
0.6955717804903134,-0.0004186675000445,0,7.667342409536092
-0.6661043738351164,-0.0009740762420877,1,2.9406288525914537
-9.457462947613331,-0.0043613195361632,1,33.761117521756844
2.083671405701983,0.0029626923451089,1,42.25238657140994
8.365152427935445,0.0003810999095547,1,235.38847057623184
-6.7109959094661935,0.002498904794462,0,214.73634562849898
0.0379746606009945,0.0027154283032727,0,89.6165493554029
-0.1166766720906729,0.0021261524944924,1,57.18685136665597
8.706833043561563,0.0028520409957708,1,52.96937244640572
2.9956677256267934,0.0022081644397983,1,8.415683088822798
2.759156114639012,-0.0025041622158063,0,111.97135495529471
-2.532949600619898,-0.0001609843958353,0,0.9746392765069469
0.8411278324524236,0.0003843947538197,0,3.9840906383272987
-7.562698085327526,0.0026761701574084,0,260.25406627015116
7.590448349792748,-0.0015440948046171,0,164.1609872947363
-3.913860442257027,0.0012192917080433,0,56.441210883610886
-4.93694668074391,0.0013813845840596,0,82.25216661653704
5.700980474828556,0.0002312048971581,0,29.79320363731145
-4.045580144628835,0.0011691190952345,0,55.799442350223714
-2.5839773972334834,-0.0024079585789042,1,-2.588599347403094
1.1875147625466376,0.002761534117808,1,55.20693437637889
-2.6592789431851145,0.0026182735277707,0,127.96915535259552
-6.203170386456458,-0.0002603994141219,0,26.058633958049388
-5.007617800189898,0.0022028942561484,0,142.74996147947797
-2.531376636439486,0.0021580235068061,1,151.60482278914844
0.8612240487103335,-0.0020652448486943,0,50.92963016872677
6.208493174845081,7.82785525733715e-05,0,39.94693421014097
5.091097960946609,0.0012600549674061,1,43.38758843084805
-1.3288197180689725,0.0010144268564474,1,34.778780170424525
2.195787703124367,-0.0025208757317521,0,98.85805379151893
6.04559609329835,-0.0026809559587081,0,216.56560672240985
-0.3453666526855734,-0.0017900229200411,1,20.832213773544396
9.482893332497916,0.0001598593564628,0,64.21888070407164
-5.241498377378604,-0.0025514003175205,0,-15.99778918735533
1.785378646170825,0.0020144969100616,1,15.368692174862622
9.16404810061357,0.0001313177955728,1,308.74987453989405
-9.429170881576724,0.0025287819719296,0,311.2980076497858
-9.549851432946808,0.0006319548351349,0,144.6048937247516
-3.358149069047272,0.0015276568860109,0,64.76543649188568
0.062455078831773,0.000731545386873,0,7.528980981734157
-4.422026247195834,-0.0003250708391615,1,52.95604635270655
-1.2842184223547264,0.001236244956497,0,27.62318299143267
2.774317052491986,0.001944316452438,1,7.187508580501253
4.530173652340331,0.0022022080910639,1,9.183485631030536
-4.496593591994413,0.0022345061331176,0,133.9474670593508
-8.038190872667277,-0.0028296972250179,0,-18.778555001560903
-1.858242776359152,0.0024322589662,1,144.57896639523506
-4.189447867758656,-0.0014596994880096,1,7.830662590235504
8.899433983213754,-0.0009912552006162,0,144.36203452934836
7.254528538877686,0.0002254194948095,1,190.00873102068542
3.718980072109188,-0.0006952996491832,1,96.72752321964163
-4.318126964945499,0.0012561655632537,0,64.50105083407941
5.2154787117975605,0.0010133207150148,1,57.497327534586724
5.297726765313573,-0.0021199264337028,0,152.96577696918837
5.7174121909159314,0.0005465503744442,1,99.12687336358636
3.7591530132015407,0.0013513107854856,1,16.61254680789552
-1.9418770385750928,-0.0024474099754165,1,5.378836737425872
-7.66816108870634,0.0003840574014286,1,264.7098077888819
-1.9724160109599964,-0.0002252881600344,1,7.89620114760667
7.281659702379191,0.0039295567826497,1,-1.6496447081770125
-0.7098100430193188,-0.00237218954991,1,27.03694524939632
4.009090696701595,-0.0029977707163907,0,176.86477170891817
4.950517689415857,0.0005067336706203,0,16.892583343383112
-0.6530572526645724,-0.0004069952999988,1,0.5734775320637946
-7.373310268481847,0.0017030745536202,0,161.1673949291974
1.70554685865749,-0.0002382626312153,1,22.338290259432906
9.467913627496827,0.0001625590891621,1,325.01029950573627
-5.869299231566063,-0.0040087817316352,1,-15.629477836080508
8.74433805251751,0.0026245712489533,1,67.98517026641429
-3.992203421294096,-0.0012810325296739,0,-8.026075747260085
6.411157919632537,-0.0026343290525049,0,223.94996942423506
-3.392315190366153,-0.0033757249485025,1,-3.563789504210911
3.659563509946413,-0.0004190033624599,0,33.520688379394336
2.38376663734012,0.0035555433788322,1,65.42572502422769
-4.218485053629715,0.0023209822851786,0,135.04592982876386
-1.9719150246599495,-0.0018478065003031,0,4.8405647609472755
-7.191809116666052,-0.0019003162139094,0,-6.0922237244228
-3.433144723430286,-0.0017027365060895,0,-7.316769372181879
3.1876095094200245,-0.0022018549501853,0,106.09492411455227
-8.161343921483226,-0.0009851333764869,1,164.29796252238236
8.0607694915143,0.0019695901821088,1,89.8526243024381
3.909656658458001,0.001292140495376,0,6.693961706179686
8.609282152532394,0.0050994613632732,1,-11.208343317940171
9.033856506041293,0.005110058707538,1,-15.5293941954736
7.479953592277273,-0.0011055910525804,0,127.50613654735241
-2.5329208068468434,0.0009756165229657,1,64.54096429932503
9.67457417854503,0.0001055189247137,1,345.1268084684355
1.6651372808843927,0.0029416935614553,0,81.6806409033552
9.580561859142591,0.0016492544200105,1,178.00150157146035
-2.578656511919601,-0.0001895449970521,1,16.727631976225933
3.1123113503229938,0.0009749829385062,1,16.272221479534537
-5.972077429993547,0.0008087361462076,0,68.57053637461698
-9.398015184834508,-0.0026484118142077,0,-2.7484882830588324
8.283272633278255,-0.0004482981446984,1,312.7109663834769
-1.9206204139223448,-0.000285811016467,1,6.217612284691838
2.3665276832448363,0.0012623418403042,0,9.391312725696999
6.669207014131352,-0.0020408885527168,0,182.3561636407612
2.017230021477772,-0.0011257204011676,0,36.97813819690324
-9.597164287915398,0.0020267111334384,0,263.5444110421745
-5.507143111448158,-0.001772722299612,0,-11.331410941027535
0.0011977333438153,-0.0003880545057662,0,3.480854916395971
8.683199011496711,-0.0029275949605259,0,325.8549386784556
1.257195444629728,-0.0011574450977038,0,27.96245139221545
-8.791909052224652,-0.002324065094567,1,102.91738935270735
-0.0063435077164371,0.0002964192256967,1,3.0243584423861365
6.262032539757019,0.0011923171748773,1,79.27103467083305
-3.162649436341109,0.0006611166766959,0,23.91940688270276
2.0481351359219038,-0.0003398538380872,1,31.938037302427595
-3.200395416750528,0.0005021113341075,1,58.93615611908066
1.732568608591091,-0.0012695363267561,0,37.735642628371856
0.0290028879398374,0.0005713906767795,1,5.33793520199311
4.118605035275538,0.0027935276182774,1,7.85000267784644
-7.757882290258871,-0.0021555873971315,1,70.84096526806579
2.684887345097282,-0.00242947734437,0,106.16518084719823
4.382835056373345,0.0011414927819234,1,32.57759605814971
5.978544156559726,0.0028603474050186,1,8.556035999041224
3.649247568015589,0.0020753563341708,1,6.779705870063089
-4.226032703047499,-0.000607453893256,1,35.18198496626324
4.863272931929298,0.0004948897684339,0,16.73181005804542
-9.092323802489837,-0.0002194371471424,0,81.50332730018869
4.50475068052927,0.0014569207642072,1,24.76366834223045
4.14855378577894,-0.001025798038225,0,64.5595971274557
1.231444235173683,-0.0005264980369715,0,13.163477070371249
6.531681053213106,0.0020306388505895,1,43.16398472893896
-9.77419240672102,-0.0010058790095587,1,260.158159397987
-3.58884308135454,-0.0001829425264667,0,4.641330781354307
-9.881044005934775,-0.0027686840713067,1,126.29302988224234
6.936834938639976,-0.0004356089945495,1,229.8418338906875
3.1952540282871293,-0.0008984501528358,0,45.05623397559827
-0.9535647767598512,-0.0027741358366428,1,31.420004303780434
-2.0298318659031427,-0.0015542988439895,1,-2.935675069322473
-4.640463588778889,0.0027176185508807,0,180.38671046934317
5.498147354961461,0.0014255746100711,0,4.576214497040006
9.233732548079146,0.0028659397450688,1,66.3560032583469
5.815951902162226,0.0024451929383093,0,12.62606268947613
-2.676467326000525,-0.0020959531844481,1,-4.776384164032781
-3.893814342741591,-8.99477529045038e-05,1,49.198427268096175
-0.8257418131755934,0.0003783333206472,0,4.490460379375592
6.029200473171738,-0.0027937481717107,0,225.2630388380817
-2.5022630475207848,-0.0030446047263881,1,5.132438843695333
-8.737297851750643,0.001563816467959,0,190.33394507992352
4.240366263876634,-0.0005444484893796,1,108.32053684444776
0.9954549290714336,-0.0008022824344222,1,23.28625713032205
2.739108772491047,0.0002964318726968,1,27.098576391652163
6.513703991205897,-0.0003471938522996,1,199.3199388145027
6.801090123195156,0.0006279211882824,1,136.8606322282929
-9.58399952381713,-0.000365190093532,1,315.2751981919123
8.06256362110415,-0.0002269786048158,0,75.29505890577556
-5.968749937061459,0.000410536090559,0,48.99898208555313
-5.7780671762340585,-0.0029444668667291,0,-20.024199817587096
-5.587542494507012,0.0011037842545762,1,211.41043770706213
-0.0180094316581183,0.0008159107159877,0,9.141951144098002
3.601388150518872,-0.000938666297534,0,52.39170267503347
-0.9878557007146398,0.0015442975933074,1,50.591465137535835
-4.083300070493296,-0.0022740992473205,1,-6.179209651487062
3.217390845196304,0.0029096415955276,0,58.84812844956523
5.963443721601973,0.0042968793167608,1,12.888187610021262
2.550986367004157,0.0001795709834215,1,26.851016786446866
-0.89400576624808,0.0008132762066551,1,19.66628271400235
0.7330893145623119,-0.0025713822594895,0,67.19719894651891
-0.6389676034522846,0.000898847851643,0,13.355850493439457
-8.168461305734976,-0.0002129128476114,1,234.19199429153414
7.398361414008445,0.0005142044891375,1,173.0291889133523
7.256574663151799,-1.3751770275875111e-05,1,210.61293056622299
9.698623025380364,0.0023741394099968,0,-21.561258649395548
6.425946985599843,0.0029539291311375,1,10.081287053305324
-4.475367096237399,0.0013759911814404,1,176.4429835769902
-9.131932947085016,-0.0013334170227589,0,34.54174692862063
-6.467218443635399,0.0008188007423063,0,78.61354671337583
2.9241657499512854,-0.0010379408973805,1,85.34293026379234
5.796869164566754,-0.0008134980570469,1,198.82658777804627
0.9045512343302596,0.0013876129275486,1,11.51466414512587
5.520242597136495,-0.0007080956338658,0,69.56521159909568
-4.937426535442415,-0.0029984126325235,1,-9.554545247650978
2.4962586677532563,0.002461840752344,1,17.243250577519134
-5.57468139700293,0.0005608083029207,0,49.55887258248119
-9.781089030253462,-0.0001958485361501,0,100.64179743714152
9.174065182332662,0.0054700322349911,1,-15.617738619119788
3.3776759013009965,-0.0019660541648838,0,97.70638741684951
-7.925495012724273,-0.0028812782182607,0,-20.279324085069558
-8.297033065530089,0.0008393015403386,0,122.57344144114737
-2.415194986179312,-0.0036927391060396,1,17.167848008177657
-9.58748621725132,-0.0020711868094491,1,157.94386821217032
-6.877452168068707,-0.0039271961550622,1,-7.482096318120389
-4.781009210981566,-0.0005050438969361,1,54.77915545387988
8.217530900345455,0.0019632173932844,1,95.6780354815788
-5.948243279472507,-0.0014195378918465,1,46.6477587504641
8.434401440664658,-0.0004749815411976,0,96.73982428508717
-6.507843443256654,-0.0001407838408392,0,34.60325237281316
6.358459993175337,0.0013455083535012,0,4.455623791212646
3.9320802448977936,0.0012811871841264,0,6.633326766814792
-9.985394036284855,-0.0052271934257531,1,18.844628640351843
5.544916572904361,-0.0002163916474237,0,46.151525072819965
-0.3490870295347452,-0.0021900758753677,1,30.780995602221783
3.744084799927752,0.0012620931279319,0,6.804400056221579
-8.361507397546585,0.0017464388594031,0,194.19435141930632
-0.7776092039033582,0.0027462547773504,0,104.66891203922853
-3.709590547783359,-0.0031285983299684,1,-7.971470993706152
-2.424064699641704,0.0009708855586943,0,27.98939350881888
4.307188522812313,-0.0007005810358821,1,120.36920411676672
6.329214065948218,0.0022671703917285,1,29.271642145139012
-6.513520933576418,-0.0011381172809689,0,4.609360150883887
7.986814376288891,0.0009360248914973,0,16.138725175252688
-9.495048820039631,-0.0030561833163479,1,92.31680623497672
3.580803927291127,0.0007484368586755,0,8.006448920928587
-4.7962429278219565,-0.0028021672553112,1,-8.2437273851898
-9.622298119419968,0.0002418530667348,0,121.49630959518726
-1.9528667288526196,-0.0009219824816825,0,-2.689136330673418
3.49243797995754,-0.0011266065086058,1,111.78669227003317
6.831446390621775,-0.0013154670429142,0,130.3888190155878
8.278169248199717,0.0023635677997626,0,-9.009767599389512
7.70504709403226,0.0040935164691628,1,-3.543394203278474
-2.9659263798128555,-0.0001838663634991,1,23.645386348688994
8.623432064270855,0.0012775122897788,0,5.219908016635435
-9.364162676875294,0.0017520807453288,0,228.31450612041985
-4.318912269154261,0.0011644518853949,1,149.07426680733548
-9.565989941530011,0.0003381584837408,0,125.82706427340622
2.852596192456032,-0.0003730893997902,1,53.02672661309735
-9.184915944718837,-0.0005803773586735,1,263.3994932592997
8.906266628088545,0.0032232583727061,1,36.87147287012762
-4.807090952509617,-0.0034234049264702,1,-12.581205598152382
-1.6557159730884583,-0.000903982585697,0,-1.4842608038420289
7.476595222799947,-0.0002841502482544,1,247.12313860055266
1.1674190174521808,0.0008357170225106,0,6.769405414783258
9.35204517538714,0.0020679451297046,1,130.57759612230134
1.3751799438775605,-0.0022056099588672,1,83.7133255288881
1.599133220974645,-0.0022058113646783,1,92.12144389619283
-4.310623842253348,0.0026619011369321,0,167.1292911586608
3.259004149128496,0.0012700120706668,0,7.559698986081438
1.1444058114635407,0.002977767768099,1,68.87938881901752
-2.685582029659137,-0.0008692741803792,0,-4.723652274626921
-0.795319156930308,-0.0028840972434615,1,38.51158361486819
4.468044585579509,0.0012979412769914,1,29.018502482078855
-2.796071937314557,0.0003026193334059,1,38.508872245442596
-9.502779951637557,-0.0001781348294449,1,331.0841164122468
-7.717163656125063,-0.0010800175009662,0,20.055674421135333
5.738763634904732,-0.0012254573751172,0,103.04624683380851
-0.1844626488954208,0.0005402602685589,0,5.405133214190268
-7.7965522225854045,-0.0002858791006292,1,204.33113330981854
4.404249849360513,-0.0003657596679202,1,104.2874601378617
7.088356864030597,-0.0002156429029923,0,63.3604748767037
6.924486356115516,0.0024202347508886,0,2.8083220313126502
-4.584138516392846,-0.0009445693655387,1,30.572895490881045
-1.7077808590829218,0.0004968072873324,1,23.231034881010647
-6.274444564077227,0.0025835997386118,0,210.57995437837627
8.645854432069534,0.000225958361527,1,266.8676583186002
-1.2298109346064034,-0.0007558845435185,1,-0.8647868715464719
-8.649164878894256,-0.0001034352357355,1,277.60806063642053
2.356178482051611,0.0012583876862101,1,6.472207764502902
1.2012172996865935,-0.0009955857022929,0,23.004097731614767
5.837545873231772,0.0035271912277294,1,3.4602040059320727
-9.224770964309778,-0.0052240888969284,1,0.4963930740946907
-1.0608475636021095,0.0024676075371159,1,112.51162955515434
-6.268854093543535,-0.000947200401203,0,6.905141921629035
-6.579468973092619,0.0008953661098229,1,250.1007139011093
-9.406521520616018,0.001176467146928,0,180.20564558585588
-2.186499597554265,0.0021913773673681,1,138.33384453606266
8.439863519622929,-0.000232290337142,1,300.68789752407656
-7.723345209554642,-0.001307482395741,1,118.93497049187201
8.397276791833669,-0.0021869865587299,0,241.90540193980263
-8.060599683129192,-0.0011062666078292,0,24.25568794081086
4.004666444629594,-0.0017860442192533,0,101.45008869653472
8.669679027885792,0.002937000699613,0,-6.195723731771086
3.7844887058724743,0.0015855106234243,1,12.424428020591296
5.335336161905905,0.0042998647417625,1,24.803396889798538
5.844574607885454,0.0007257928123735,1,92.78472202898837
5.708704991738491,0.0021368931786837,0,7.38393184189523
5.779599618271208,-0.0002980774135241,0,52.486459809403016
4.063423098970471,-7.242097900289995e-05,0,26.443680318994627
-6.762568128603876,-0.0005905336025877,1,124.82579838925432
9.35944566199285,-0.0011095071407652,0,163.1144939689286
4.77746747018999,0.0006610459751698,0,12.827123974410714
-5.930603315435993,0.0012698023367132,0,94.6546669188233
6.5695182215165175,0.000681390331008,1,123.30815376546047
4.537875539972305,0.004122205390017,1,35.752215100401116
1.5531998197528392,0.0023909176977348,1,30.025788081272978
-2.360463035641612,-0.0016680812162024,0,-0.6542492760170449
-7.46421020462413,-0.0015615657099031,0,3.7019850173944153
0.4076754198635139,0.0028090437826943,1,82.2437161785079
-5.463781573944146,0.0009344630915488,0,66.1888639283666
-7.805361326834532,0.001901062626841,0,190.69926084619846
3.30932891008403,0.0033105434240728,1,29.990850755153694
-1.840433045028904,0.0010560892585495,1,48.93344109907197
-4.858815235498937,-0.0008885701386673,0,-1.7411638759283878
7.301379196016203,0.0010632161981116,1,125.76609434308472
-0.4599482080589361,-0.0021806473332833,0,31.570791747477283
-3.821143273491177,0.0003051008605745,1,67.51812168952856
8.562790624555735,0.0025434034058144,1,67.90236138058052
-8.052158882072835,-0.0050187981253682,1,-14.190238179325974
8.263817439119304,0.0009567277660522,0,16.038387670120287
-5.653911509946791,0.0002588213749404,0,37.78281190179303
9.99124212623626,0.0005603717848188,0,41.7845801613786
-8.476235181887073,0.0001646965608317,0,86.67554499992767
3.185567123927779,-0.0012831099059743,0,60.6791066951402
1.0377876780314654,0.0017091189762682,0,26.333309231310867
-0.4739086895424105,-0.0024189961298934,0,37.9875905226756
8.32455258262291,0.002348168479911,1,73.29460373449973
7.908582629231105,-0.0004842702990682,1,292.34449430410666
-9.530878344533084,0.0007967214030532,0,155.55285656881483
7.640209778817031,0.0017939276278145,0,-3.4095397055463215
5.4778007943933975,-0.0025768077368422,0,191.29808024633982
3.984202660059895,-0.0010414370699273,1,127.42917321302579
-1.185713752100435,-0.0002440012228666,0,-0.4578569780269235
1.27459876737149,-8.208837634920169e-07,0,6.424823629376839
5.41910556267776,0.0004413143724318,0,21.152415363522394
-9.870291214395143,-0.0013259486853354,0,49.76548329175642
8.674471843523964,0.0028637940215532,1,51.46712971215829
3.0077180990288426,-0.0008049132146687,0,39.141982484940485
1.1782592544104276,0.0004212444464034,1,5.505836644210181
8.529804797456372,0.0007791032139684,1,206.74831889208275
9.129846602900756,0.00478440104252,1,-13.8656882131284
2.911190236124748,0.0022007639727645,0,29.096137304640788
9.076026555548047,0.0018665604897309,1,136.0534504075517
-0.3008334746605499,-0.0029671345359264,0,58.56407310724294
3.977841271800223,-0.0029081595966383,0,169.96169352896734
-2.77393014482725,-0.0006926349536363,0,-3.9785253965497507
-1.499046302974314,0.0010292976685598,1,39.22583897405244
-7.712017707964986,-0.0005752196429062,0,37.279759637449715
-2.508320163491975,0.0009382325797807,1,61.705039956794444
-4.177971302934962,-0.0038308672561011,1,-9.197573141206602
1.4656573810782092,-0.0014792053899556,1,56.66312140622908
-8.811771950795386,-0.0011262096496757,0,36.18067962717232
-3.489804564020376,-0.0027751918304275,0,-0.861484246896361
-8.343831555287927,-0.001080227345245,0,29.6480965365258
2.9804269674751165,-0.0016797201604651,0,75.07893018879025
-7.84948867268681,-0.0013727164396431,0,13.139200036922473
7.021968519088532,0.0040585060285596,1,-1.416789090305405
6.572773032710007,-0.0008308902783596,1,243.3991183097505
8.276347845801535,0.0028002844394368,0,-4.101551584134018
-2.519328751219001,0.0021293272185464,0,88.70564232739224
0.2454232176175388,0.0024777337317413,0,70.97974064505257
4.522473474889292,-0.0004536764486717,1,114.1923290846999
-5.325501152615606,0.0026778502931034,0,193.95162512099006
1.47372965401075,-0.001218686960444,1,47.19767046038523
3.3687002319037607,0.0027785596720001,1,13.90943591292769
5.963717202568885,-5.199979030682622e-05,1,149.5037220939885
4.698706867208845,-0.0010715663410152,1,162.11070885007877
-8.6126874579709,-0.0007895832992826,0,45.27810390950383
-0.3104293550027073,-0.0013881304354696,1,13.062923305850585
-0.2779192356023436,-2.0135935448002503e-05,0,1.5358904280726011
5.328360706492024,0.0003311363829532,1,97.91235439959539
-6.02186616597921,-0.0040874194641475,1,-15.929439591882463
4.483866366850915,0.0014958365174476,1,23.30445883269997
-5.659035385695725,3.947126074193864e-05,0,29.49377985105455
7.0380166706144855,0.0019290693586913,1,60.95623066797724
-7.805984994360021,-0.0036105860245237,1,15.573739213853397
-9.92686236931844,0.0004234450068163,0,142.2759242370334
5.512731402562013,0.0013324758464364,0,5.099873691757102
-9.811205364269568,0.0005391257407286,0,146.4038334796357
2.756480913793995,0.001375303999598,0,9.79895673010549
3.3825345021376645,0.0003551608652463,1,38.66443167067739
0.4921068649228388,-0.0024514627510389,1,63.01753699750218
-6.197872073750752,8.607872139266855e-05,1,149.99888016485247
9.944230242901998,-0.0014454927717531,0,206.9412889876293
-9.781839650925852,-0.0053004483052244,1,11.082202674599245
-3.914103958356279,-0.0024061706239304,1,-7.692091719743345
-3.032805160985042,-0.0021016133795945,1,-6.140990260481388
-2.8012070627740515,-0.0028060763233642,1,-1.5947372239676079
5.403272064076434,-5.403308597395946e-06,1,121.94485080445392
-6.585254575329563,-0.0019363224325144,0,-10.250421567676362
5.474788436680244,0.0008365444108429,0,11.77437468222337
-8.939324695709509,-0.0054522566720672,1,-10.969737292375775
6.946198170966934,-2.5945936429578343e-05,0,51.760712972601404
9.263193412489995,0.0044707890848214,1,-7.8681115723594655
-5.058791971023804,-0.001415291465422,1,24.406205623636858
-6.074162369237335,-0.0012119754755683,0,-0.5062790089670943
-5.203465463881091,-0.0026563735705536,1,-3.4744165717469278
-3.084808682872156,-0.0013257028697627,0,-6.348891329951215
-0.093635005902243,0.00039227636487,0,3.7361784998092746
-4.242879797944241,-0.0007396399745341,1,30.45093197280767
-4.551824667863458,0.0009724557335876,1,143.78208592940425
6.607601787626571,-0.0001808568352999,1,190.62076213178167
6.138669855781874,0.0034607893082163,1,2.536276423728089
-4.630083503159579,-0.0008782395038066,1,34.199037037028354
-3.652215609136837,-0.0004122457818443,0,0.8043701770677301
-4.228081760301794,0.0012065658480671,0,60.45162349769526
9.339600161902116,0.0012168816799954,1,207.35015205257625
1.5025034064874916,-0.0012816972751778,0,34.88825667617155
-5.327382219521586,0.0022960405970842,0,158.28859509858833
-1.978582523696641,0.0021258163390684,1,123.47138635751006
-2.812710563833408,-0.0019306814230232,0,-1.9964525627263372
-3.498157316129607,0.002354283190782,0,122.89760304287344
8.08830706666322,0.0009735155491676,1,167.49214265112653
-5.218296205875339,-0.0005036495994679,1,68.80111502247357
0.436212093213765,0.0010221899690579,0,11.415020025843095
6.47330472281989,-0.0022239343201833,0,191.90654603126157
3.431373291798952,0.0026267902696353,1,10.655294040807295
3.0284441129829265,0.001659522634349,1,6.919217437122735
-6.87731718327144,-0.0014191904873855,1,77.2365037316448
-4.445565165034278,-0.0005867096589755,0,1.4449480205910832
8.890261853737972,0.0002789750912441,0,52.06970775500088
9.02967193066107,0.0017398066942287,0,-8.060480373863264
4.391316921447753,0.0012393295513088,1,29.489232341689767
1.7439148025305435,0.0018716858999132,0,26.68752800198368
0.5490481420969733,-0.0012153650808695,0,20.866777147533565
2.1639517864546747,-0.0010711532615763,0,37.16709233810954
9.767253793941473,0.0021457295446929,0,-19.739055796985355
8.514494977172667,0.0009325328126009,0,17.570497679907255
8.527656518534513,0.0053735684207711,1,-6.769596918431763
5.9284501622925685,0.0011153166552428,1,73.07909538741251
-5.9690133946379405,0.0008120714701824,1,203.88404222992347
3.680694817168401,0.0008256316761489,0,7.610224817354862
-3.072657647961728,0.001854574096171,1,150.06036131942173
-3.1110589789913607,0.0009429877945818,0,33.77053514798759
-8.243299916755868,-0.0035814336511138,1,27.044237698495348
3.853535753627904,0.0028132736172253,1,9.885933966559785
-9.987837584938047,-0.0026289753593713,0,5.9172509484411195
-2.4596933893913,-0.0013660644317065,1,-3.452674258240652
7.840366470660708,0.0009626587902156,1,156.89869827191765
-7.650886423748093,-0.0006165780539015,0,34.72085209498051
-0.3795695370098055,-0.0028543847387581,1,49.51890700748359
8.309762888538412,0.0005660886860418,0,32.96514052779975
7.260861031948014,-7.047035959855538e-05,1,215.79640134872818
3.9371745652694727,0.0038116365347469,1,36.52678289197191
2.3523849126775698,0.0018837036263735,1,8.41973802059149
4.301917776414015,0.0023812070899526,1,6.688161642234531
-0.8222487384649106,0.0005951024307199,0,7.834184669009439
-7.56428364119992,-0.0028885830206705,1,33.21529962042056
-5.543427959324953,0.001891509735503,0,129.97993610892138
8.465573687539656,0.003299831682506,1,24.71729575886057
-7.931201759965778,-0.0031408961831153,1,34.06429914898219
3.075035920474376,-0.0011599588979886,1,97.13573169197346
3.007968517224368,0.0032291732248731,1,33.01597516261417
8.70596515745197,0.0051283417157095,1,-12.14710896286096
2.7095332738088267,0.0007849416613345,0,6.391119944582541
9.595407618575573,0.0055978814801564,1,-20.54289031491265
-4.192430726319931,-0.0015155357697964,0,-9.46007535580895
-5.850136185736452,-0.0012921512553093,1,49.45800927139975
-0.2973539079643892,-0.0004275212485928,0,2.342159640999267
2.3292226258604884,0.0013060456770271,1,6.217028276527711
1.004879092286583,0.0019146398341585,0,34.16169990861996
4.747437225794183,0.0033631013902493,1,9.923832506117073
5.062043115895925,-0.0027217805668641,0,189.74508079007694
9.142607443262332,0.001040299174509,0,14.288734517388482
-9.240629610240576,0.0011348911722148,0,171.5623649648101
1.528382846579671,-0.0024372367018209,1,100.07824183254661
-9.30582092371228,-0.0040463029186674,1,40.79834171393638
-6.807715772923151,-0.0024007015212174,0,-16.27128827666992
-2.541538583658582,-0.0008446076754009,0,-4.399672292891228
-2.6768587473747685,0.001512688893012,1,104.55348045222243
6.794116972456898,0.0042033129993448,1,0.7538251572734975
-7.802293759256427,0.001753888716322,0,177.73615449685263
-7.474195503276942,-0.0042678863786096,1,-6.533923066917559
-6.634264390328843,-0.0014347102474473,0,-0.8875807446159412
-7.114231480591187,-0.0003887565800775,1,157.52543440739439
5.895739737890576,0.0016547111866063,0,3.124260466257744
-5.774418272812085,0.0007496320426939,0,61.969745210780296
-0.3580049844566861,0.002254998182355,1,71.89529469270968
3.48651961292984,-0.0024135197166549,0,125.3967900253048
3.8494945122910167,0.0028865700894805,0,49.74163666661891
-1.301717623706022,0.0006410532365927,0,10.647319259457909
-2.043615676128705,-0.0021885711254689,1,0.9785027700913276
-0.1532376916683393,0.0022631326734658,0,63.321947827137286
-0.5684114670696445,0.0016333075352943,0,36.705246960763624
7.582523199566218,-0.0014142145999494,0,153.45544881404274
8.438966564345435,-0.0016134637858293,0,189.36405351674264
9.214381837802122,0.0026353107096496,1,81.57920302803754
-1.241244466430116,-0.0032888974133897,1,37.30330143695289
9.519453766601089,0.0026864820035742,1,87.79102869479877
-1.7914132309537436,0.0022109903272252,0,82.70326351918393
6.446959198804478,-0.0003119122818675,1,192.967733617584
-0.5544065979200568,-0.0018729200524687,1,18.591414095457214
-0.0797156953177609,0.0025227331405846,0,78.24770709184406
-9.636651005276534,-0.0025400852835056,0,3.5430585225178137
-3.3263065638238416,0.00253315627885,0,134.09434168724266
-0.9996596447143188,-0.0029716998282561,1,35.422285870016786
-0.4885119952142638,0.0006744141596202,1,10.951704316762534
-2.788200788808364,-0.0015561169976623,0,-4.357175372216724
4.392500348121329,0.0006033945674168,0,12.38653568021074
1.1880167117906133,0.0027853179568509,0,77.88303176051312
3.463534379674453,-0.0017826402040251,0,89.85178709519056
-1.4667705862839409,0.002981694200084,0,136.26582739472633
1.08523481183029,0.0010957284062378,1,6.2221917987002335
2.107175269678125,0.0018460359650975,0,23.292731111560727
9.246848866152824,0.0016896679746903,0,-7.752157771099416
6.26195173745149,0.0005825807944196,0,21.474699440949667
3.356701366831917,-0.0025854265021811,0,132.08515336781824
6.768936055268981,0.0047335827779215,1,10.148742964885889
2.8432640985770306,0.002121233933014,1,8.338908654163786
9.493948452904196,0.0028405854471918,0,-18.244233047449864
-8.042541726254566,-0.0003618881059613,0,51.85804981773841
4.993872422589135,0.0013488092962821,0,5.459648313527127
8.787547131298574,0.0004768299986944,0,40.18964007565944
-8.809753834375055,-0.0009072561219913,1,207.76495771490548
-6.260855096644978,-0.002436849359581,0,-17.43129754118662
3.140894861146439,0.0022695217847662,1,8.264144999324316
1.0420661102612598,0.0014269686047821,0,17.87050776927959
-4.398617335158397,-0.0041187675981197,1,-10.234689684036113
4.942470073194114,-0.0005086329491382,0,52.01597306123835
4.756456477306855,-0.0005725648441836,1,131.44907988231446
8.473355418255931,0.0024674563554247,0,-10.22663476406961
1.2500715108616056,0.0021692027078004,0,42.80433691088664
4.556514443619957,-0.00136171344857,1,175.13519789217506
3.5236925070503826,-0.0006327306360851,0,39.41497910371927
-4.264265736002471,-0.0036764744346474,1,-10.444923675882805
7.167610919622941,0.0012145434214577,0,6.746415875970964
4.1295413050743655,0.0010478929336536,0,6.8111140146475275
8.168337420569493,0.0037670875099749,1,4.237002100475434
-6.485883311805905,-0.0034312583782628,1,-2.9844633870273976
-8.686533237218404,-0.0043775552284157,1,12.89646324553826
5.614291817544419,0.0006578912379689,1,88.75656257990127
4.055552858611389,-0.0002453467530378,0,31.812406570923255
3.362533766005648,0.0028890826405748,0,55.86310498611845
0.3832873523915729,-6.554060005912516e-05,1,3.8537680702505828
-4.423843247892794,-0.0031643241828525,1,-11.130340091595418
-4.142218314831934,-0.0029372561919875,0,-7.010060800178017
-1.5816482073573326,-0.0032596312346771,1,27.712014685416314
2.304304925407081,0.0003002730063429,1,19.459482740653847
0.7584475255049572,-0.002042904997053,1,56.38009249721682
-8.481887665079011,-0.0051223017348705,1,-10.423606626029025
-9.43712598130725,-0.0016780175372327,1,179.36340925764125
8.573214143625275,0.0009914899909255,1,189.45690130930834
4.444848940058781,0.0042588452669864,1,44.50526282636211
5.595774965747856,0.0022481862118236,1,18.517202902208368
7.0480108711023135,-0.0004150844405376,0,74.32254265148154
4.032268743717481,-0.0002862378665968,0,32.946481780994986
-4.460398278990443,0.0020297857759999,0,117.10919777388918
-0.6895742595103105,-0.0009120847680392,0,4.139811793394258
-8.010607366062608,-0.0026255281829159,0,-14.904935192369756
6.759136420380813,0.0019685800211993,0,-0.07621392225393198
4.254856905245141,-0.0011471906970406,0,72.18963988141698
-1.333746971540645,-0.0012940850669857,0,3.6230875118543726
-0.4889669738078268,-0.0012255274810187,0,10.066287855137528
-8.351052102251428,0.0018280656883223,0,201.13777277107746
-3.99923417421892,-0.0017206603124434,1,0.45446694012426203
4.263156500685311,0.0014065370172898,1,22.331752321253084
3.934458974820016,-0.0010567220702245,0,62.6240049531387
2.3110083144362683,0.0020554424778259,0,28.743914200201342
-2.8559608702975865,-0.0015994148291706,0,-4.544261659726277
-4.5521392842925135,0.0001912945292949,1,86.13542062942912
-2.75492753459718,-0.0024706330950141,0,4.488394310302664
8.200955334302236,0.0002686550645465,1,236.87504813287464
8.878514843985535,-0.0025129656176523,0,288.73052247520843
-7.276382367613481,-0.0016387854898491,1,80.12750495320682
8.77182693468431,0.0002406124584637,1,272.9397471657159
-8.144616294581672,0.0003979786828751,1,299.3359120948304
1.6893928535962068,-0.0014356991521751,0,42.706668560782575
1.3865067923821055,0.0026898746062482,0,69.1425831746746
-2.089167050145864,-0.0033296630412058,1,17.495174635529967
6.201484909187013,0.0044929982386774,1,13.96247319083807
-0.7366191275567129,0.0004795702611344,1,9.501505036951855
5.962017746446357,-0.0005774748833091,1,189.01661420021813
4.676479548582647,0.0018342135433226,1,17.248888005015033
5.4936111886700285,0.0024591005959003,1,12.345330070015816
-5.285710135642995,-0.0043782407292826,1,-16.841752606887393
-4.831991267218811,0.0010176045591749,0,60.025968208217165
5.95982338529743,0.0008779162006991,1,87.68499843087508
-9.621583212857958,-0.0017836997904135,1,181.50530885055423
-9.362609864297095,0.002416677560013,0,296.03452617343135
4.8853335814835415,-0.0008815989129708,1,157.98382435751105
-4.465640622253499,-0.0001386523572076,0,11.46352478526274
2.113563762053694,-0.0002813284467541,1,31.55967988999522
-7.887695089471808,-0.0005738040198068,1,183.61443673358428
4.094294797553975,0.0022700941882054,1,6.819443101419497
-7.787373188566344,0.0024072804686015,0,238.91044917054708
9.495328573864278,-0.0001246979995545,1,358.9997952535514
3.765499941241915,-0.0015328043223766,1,147.96894407655594
0.7420072288149413,-0.002813284190485,0,76.95865836101595
3.0160738268023284,0.000584497027272,0,7.93562297899855
1.450298657718491,0.0022691207885525,0,45.46050110372806
0.2895800873433156,-0.0024663136901266,0,54.03354794678675
7.318892407246789,0.0004540090364697,0,32.29161382119751
-8.170490544019868,0.0022843034888835,0,238.9807523214086
-4.524106224506703,-0.0003908824189631,1,52.74030664278455
-6.511278027430281,-0.0006629703989934,0,17.111915587668385
-0.4283452171591957,-0.0028516069284964,1,47.97775998676286
-2.673718189416605,-0.0007182503606143,0,-4.077864727443636
-2.71743431306086,0.0009471651740531,0,29.89652681032649
6.177671077898019,-0.0027246167814959,0,224.24341276000058
-9.028988790857914,-0.0013895359188435,1,179.37779856413565
0.3475605705456246,-0.0006476964950232,1,9.805337105189288
-4.413522333475333,-0.0006993611589583,1,36.04657236804006
-7.500682525134263,-0.0013607449479432,0,9.205485652739469
2.366856910720898,0.0036863379896655,1,74.16432289889084
-4.039762668918893,0.0007198795876421,0,35.33704998733086
-5.1129474473691054,-0.0034571587698878,1,-12.744029826635881
9.07360516604678,0.0040154138729889,1,4.481921647965262
-8.966532387841005,-0.004754646173822,1,8.242686741363974
-8.291542634916558,-0.0017658544536795,0,7.8085386609867475
0.8924047318145156,-0.0007796133511111,0,14.989763747026934
9.0901457374762,-0.0023281648449023,0,275.8542329722586
0.4083826968682302,-0.0006764338768286,0,9.143674521504046
-0.0890148580220646,-0.0008096136937721,1,6.894186549867198
8.082893412190806,0.0003646109310333,0,41.53320011020628
0.2280760028932356,0.0021009645873442,1,46.75939751848692
4.020247053309552,-0.0014117864247467,1,152.27311203176512
8.749163616809891,0.0036814616351281,1,13.096115395015396
-2.784489294610113,-0.0005502388516808,1,10.29145151036819
6.252626912265644,-0.0009559039901633,0,95.36582870469834
8.650002146556982,0.0010752292335863,0,12.259326638076185
-4.346613802386477,-0.0017376744128064,1,3.841965572797702
2.476796712724237,0.0028802965642068,1,30.372427804692457
4.874573895678651,0.0002446378421516,0,23.387408892685574
6.7997079764661486,0.0039736498070461,1,-0.3347125746453332
-1.8029892062153416,0.0004264488643152,0,8.369720168184665
-3.995393550493997,-0.0009232496454702,1,19.11293454540619
-7.820800447400509,-0.0045829181297857,1,-8.262282661406624
2.977446355757003,-0.0001730846589579,1,48.45126304000141
1.3696414132475263,-0.0007456705870221,0,18.829846291805097
-4.505050170042903,0.0002794469214839,0,24.2977586870378
5.650051136790573,0.0024271326312804,0,13.587476547937507
6.079723742415705,0.0046453028896609,1,21.167804549252516
9.091310853685506,-0.0024916941489769,0,293.03621550491795
-7.808943305728873,-0.0037324990148893,1,12.138273162712874
1.2921268983328176,-0.0015068680077423,0,39.03819919296222
2.395515047879467,-0.0003409483201225,1,39.93104868146649
-4.652898669978982,-0.0011704986093001,0,-6.4314400476534885
-2.601209602567347,0.0014612498278643,0,50.928729718964334
1.6832588387012135,-0.0009471760712005,0,27.300722103465056
8.400469304656362,-0.0006409565151862,0,108.35141107357913
0.5971822708475898,-0.0019819043117388,0,43.37521549863279
2.757059865501594,0.0013006524927048,1,8.093817711422936
-7.290614777402357,-0.0015024542795723,1,88.34992950583992
-7.234102565787069,0.0020926183880563,0,191.02192704978626
-9.83400166031598,-0.0038107103666967,1,68.85107738148201
7.927670074654792,-0.0026713041771614,0,274.82803936966104
9.981773677907317,0.0018629278037233,0,-15.54780438132989
9.557513715558107,8.548536348680981e-05,0,69.90324701768742
-9.30774638551684,0.000165992724091,0,108.07649408475854
6.015724570843336,-0.0025845782544181,0,207.87084221589083
0.495617061423852,0.0017094795858761,1,25.25081362930433
-3.901516839292702,-0.0019983944821213,0,-9.120180444331403
6.564111783288304,0.0016220196600477,0,1.42744666270628
-7.850894427944715,-0.0013941584693881,0,12.548951261579656
6.422134400497185,0.0003990845741342,1,137.2135358763052
6.31663821088344,0.0022355624022213,1,30.23077306582785
-4.845194956009504,-0.0016301752856955,1,13.693992773447572
3.2786223135908124,-0.001125073425964,0,55.37902491371078
-9.708608236796794,-0.0005044219703805,0,82.63531828750803
-6.935857404350811,-0.0015034227484239,0,0.10049807206522221
6.779599158078572,0.0010516283664623,0,10.114120225603042
-0.2972755223270891,-0.0007544787843433,1,4.170483283441285
-3.879046040846143,0.0018533137012737,0,93.3223028467379
6.747952725107652,-3.3302503290933927e-05,0,50.15924115762259
0.0630062767239252,-0.0027089340277297,1,58.404391688669875
2.227210502774046,0.0016481063431158,1,6.86399525051839
7.785672301965153,0.0015144427646156,1,111.93308081921867
2.884701485187445,0.0022092072288336,0,29.623680073019386
3.485255159943428,-0.0002358105987804,1,65.62071746456789
8.945350021188027,0.0008317624334971,0,23.10758078463182
5.414035271594253,0.0045398554608599,1,32.471969923931695
-4.182771589020844,0.0015820397979087,0,81.16586905287133
5.191925210796198,0.0009807750725716,1,58.399458692556095
-8.755204887405409,0.0008511344305889,0,136.0652686177564
4.276630196819326,0.0031850723711004,1,11.796047888873122
9.56024104572338,0.0001286351417009,1,334.87371220936814
5.387871121862588,-0.0027630030006938,0,202.76954056119266
-8.134607177519062,-0.0051692606907463,1,-16.237453930554675
9.47677997667438,0.0010999632831481,0,12.06175489409511
-8.367602008185704,-0.0024535797294391,1,78.43585036066324
-4.720788594646415,-0.0002728590774098,0,10.099923630169117
-9.89629161916872,0.0010510457073196,0,186.7227237105704
1.1787852983596494,0.0013315147159619,0,14.862001346393162
2.280983362561347,0.002979900180163,1,38.46240333958505
-9.647258866228654,-0.0025951467053332,1,125.76701737715567
-8.902195252075629,-0.0050428605024295,1,-1.0922786455013451
6.214860618976864,0.0014556528722154,1,63.275413173412694
1.249329794240829,-0.0007453081944224,0,17.65001935885922
-9.850245836064428,0.0015608516542868,0,228.25444385992498
-6.621173666099742,-0.0011681946695533,1,81.70132395210544
4.596246227123109,-0.0006927858879135,1,132.21729324607097
-1.5144120436413535,-0.0027603873001179,0,28.326460081132396
8.675627305871839,0.0055812532269971,1,-5.380499388448232
4.933836763597483,8.546753334952373e-06,1,102.48014229191443
-6.795769714243485,0.0015171177771307,0,131.4193426462754
-8.113605835569116,-0.005123534225072,1,-15.562054245313625
-9.465421991646926,-0.0011922171710328,0,46.45373741657779
6.994041364927426,0.0025369606475179,0,4.208664603074411
3.616499950632946,0.0007834489437063,0,7.801952260897164
-0.1102636804067191,-0.0024442388942952,1,44.43594094501732
6.981639357270321,0.0019133223208179,1,60.26381400180271
-3.8196852454916153,-0.0011619449491423,1,9.704925850784175
-0.3434047700715013,-0.0006582956426757,0,3.8268858119069846
-0.088445288499825,-0.0026983814960705,0,54.1862813586653
9.354948986784748,0.0019822144128671,0,-14.348389192460672
-2.538754926999069,-0.0001674399824829,1,16.729378818059722
9.092023040579685,0.000888011769476,0,20.921251564206116
-7.607884779460605,0.0017929026030621,0,175.36898194220845
4.999533815142339,0.001331455863837,0,5.509810837457714
2.389016502055693,7.451138356575248e-05,1,26.720540789894155
-2.607931919754312,-0.0023015191926321,0,4.0144605930427275
-3.701733487230583,0.0020935243310617,0,106.92198250074554
-1.1953669974004058,0.0002774383605426,1,10.062350644333591
0.6333642630252161,0.0026884721516823,0,79.18120243850697
-7.467873576343509,0.0012010716929211,0,125.55132312462254
-4.574956168618165,0.0029981597952035,0,207.16512664429843
9.53484710525423,-0.0029335618416894,0,355.87530569830756
4.486759013959574,-0.0006854046812322,1,127.01848284475076
2.7810994367859543,0.0006442068519369,1,18.853781968117094
-9.633473951342935,-0.001253675639591,0,47.550166366372785
8.373606074957628,0.0007667520912007,0,24.083013412056882
-6.156122603073236,-0.0009902493554863,1,74.61914743023897
-5.193688209013214,0.0011417918687872,0,72.81656738767535
6.8575628231119445,0.0018193663089543,0,-0.47777543800869315
-0.7759757707106925,-0.0008648055034681,1,1.2973702937790965
-0.3996949420165379,-0.0025072358088869,1,38.4030202442352
7.894207168270398,0.0002796492401601,1,218.8749482400603
4.430604783966171,0.0023342381564041,1,7.334102710777701
-6.841894378267995,-0.002915588952775,0,-22.750590225558504
0.7583418416719603,0.0015012307057143,0,21.611043714132762
8.316804863239934,0.0004469275902164,1,226.4454966703374
6.818787638379163,0.0033681628848931,1,4.593409666184975
7.530858084021421,0.000965108357742,1,142.89147948666076
4.775880454194221,0.0003691527254213,0,19.340616838044408
8.371123282616121,0.0004840748355014,1,225.920100503097
7.181762168904381,0.003894869471659,1,-1.2657351098800964
4.696666886308716,0.0034086288361443,1,11.224590255219933
-7.305995659021853,0.0007946367759967,0,95.17694867899814
-0.2533408764102809,-0.0020874881262368,1,30.293395942039275
2.293994845108667,0.003270500828996,1,51.997427087087495
-3.774049746212609,0.0014307222267587,1,146.05712305664952
7.615803847826463,-0.0017935679443391,0,185.6535551903653
2.728676846880308,0.0009570824790177,1,12.128944288126673
-4.984032079206715,-0.0029540177647837,0,-14.894164054343946
8.039476129554743,0.0004616579182593,1,210.09291371650542
1.2761813307426593,0.0012622097832191,0,12.958605945231863
9.259138252807112,0.0016644460498838,0,-7.162555291150934
-0.2593558412148624,-0.00092670684772,1,6.483605575678962
7.007071019365828,-0.0008359745665622,0,100.20058366947657
7.503884530770769,-0.000502542317612,1,269.08036477269513
9.938198074079349,-0.0018573520347637,0,249.36552582317606
-3.960570175208547,0.0019756379015953,0,103.29886171008013
0.2800079468856342,-0.0009644355280682,1,14.373879330321946
1.7539221055313412,-0.0007816733171424,0,23.656073089156767
-4.94919851914953,0.0003756756503858,1,114.6249442762537
9.452059428597114,0.0021280016200756,1,129.6021164935255
-5.818923072228046,0.0012810847032676,0,93.0736017388968
3.710917723592061,0.0032824371867973,1,21.76331383067302
4.550451466133564,0.000303113052484,0,19.65682179870481
6.077846222755568,-0.0013867290842378,0,120.15671803035818
-1.022003728023872,-0.0023820463334726,0,27.596552856982605
-2.239989869179446,-0.0003230651529587,0,-1.3069333607700253
3.403976812884641,-0.0007588265967536,0,42.55848852716298
8.656535214054355,0.0001695877806657,1,273.19817080596016
4.7111109951601176,0.0032446845499169,1,8.573930200617536
9.10346813736556,0.0038215342138715,1,12.15933970574182
0.4191874399074464,0.0016234758426576,0,27.9613950085299
3.462659086341997,-0.0017018955640257,0,85.66186020163744
-4.55868423752232,0.0021268099962229,0,126.6478172941591
5.443756990333533,0.0041578097108808,1,18.038305863262092
0.08297059248064,0.0004676337596358,0,4.293842232919034
3.798624783531269,0.000329281832908,0,14.677972639665128
1.5136454974143287,0.0030572632661592,1,62.35962226474877
1.6500921229284593,0.0028758110200129,1,48.80894600552235
-8.510019830976672,-0.0019431043461642,0,5.702739116404877
4.987860496641684,0.0010169749682162,1,51.28058810178563
8.463225656587955,0.0028347429629064,0,-5.653664212955952
-4.758122278468688,-0.0008199577497008,0,-1.0789289278514316
-6.255391915101962,-0.0020460260335383,0,-12.977413342928331
-2.8267872874890525,-0.0008333285545163,1,4.804689865151907
9.456359518482952,0.0014257042873756,1,193.1417975675271
6.633877080854219,0.0017316293436401,0,0.6446359917851281
7.001503005973284,0.0015498150301607,0,1.093770265317256
-4.849566041630114,-0.0015677490838041,1,15.522936014560857
7.851688317066436,-0.0025399313703809,0,259.80319339185735
-2.4955504905424046,0.0015606663403155,1,100.91762136294437
9.783704239876812,0.0014883916476252,1,203.61225414964656
9.44127851658298,-0.0010595304027474,0,160.12044090074937
9.05383760041834,0.0051991747196549,1,-15.657778109457361
-8.217901945330944,-0.0008077369691384,1,182.03603674517893
-2.389575932446471,-0.0033558580477383,1,11.834713339865658
-3.296914301930287,0.0011992972981822,1,106.33917925883662
-3.8443573414884114,-0.0011555330282368,0,-7.183233673518911
-6.244580747796709,0.0003425186045773,1,174.55405831653366
-8.958877488783074,-0.0014045138202258,0,28.91794792535819
-1.7004169596153125,0.0025043401797233,0,101.73842221555623
8.916694697415373,0.0031879470091459,1,38.98423212555383
8.625807045689626,0.0048238304653448,1,-11.837673522735273
3.995860614880037,-0.0010625246325541,1,129.22189446907134
2.9344738791761067,0.0030518477293261,1,27.864215831792375
-6.01179676073879,-0.0021856841327487,0,-14.989542072411826
-0.1931162944955353,0.0013771679402927,1,26.0224913387658
-0.900949005237578,-0.0011270741247937,0,5.061489338486647
-7.47576713312442,0.0004176444520647,1,255.63832743134483
-2.99221490598532,-0.0011396977723543,1,1.112367765133047
3.533519717336137,0.0039388168217841,1,53.1824873380184
8.017922545955269,0.0026885378943875,1,45.26326960322962
-5.2417662893395045,-0.0024118810908392,0,-15.52156564517065
9.203376727256668,0.0048778920073917,1,-15.220918514024842
0.6042311402125833,-0.0020807645466959,0,46.79421902530901
5.713115350163045,0.0014088298793274,1,52.04647941954875
0.7324488026940443,0.0022053305796372,0,49.894741657631144
-5.794764585713024,-0.0036297405213569,1,-12.133393560694936
4.969482491578923,-0.0012555755213861,1,188.75497536989357
8.337808593691577,0.0041880925035388,1,-4.465821442954453
7.3483740841616445,-0.0027956393732595,0,267.94530186624525
-5.674913698057797,-0.0040864854574224,1,-16.51114721723446
7.36998111006492,0.0016695246074286,0,-1.2005474492871189
9.351313294999276,0.0019908215652186,0,-14.467613013625925
3.832206401465815,0.0004191017926169,0,13.18070121603011
-2.055234359756501,-0.0007377205504096,1,0.5170535091084152
8.464276505819953,0.0008123079329362,1,200.27797588311267
-7.621967308770625,0.0006827085405971,1,296.0407967901256
7.516833375885163,0.0019677591269388,1,72.55955536196308
-4.310360921929927,-0.0023245459260934,0,-10.894977034487102
-6.052253195527381,0.0008714270335128,0,73.4580787062585
-4.925275430437575,-0.001385507865835,0,-8.24890626690223
0.968100307337858,-0.0025214338451372,1,82.31071617782914
-8.206791702559592,0.0013126708146218,0,153.83780928209035
-3.495248993251153,0.0013639674773679,1,127.53135727544543
0.7377784185595164,-0.00188835584348,1,50.223577834596504
2.8714897815652627,-0.0026480422269624,0,122.72756429101841
9.719661480222696,0.0004602303419572,0,46.54965169069054
7.79601287551181,0.0051938982321536,1,2.668292508759146
7.544322562925014,-0.0006757526261556,0,97.90061584020458
4.62023623019784,-0.0007896331799924,0,60.551135879997325
4.780602160548906,0.0022444102783732,0,15.904819813474353
-6.7267275343733335,0.0004024262936282,1,207.36931341509901
1.7402522259945936,-0.0016670840109495,1,73.14831547128668
1.0645377869095969,2.4409641011399755e-05,1,8.434961114330019
0.6598500180205669,0.0019778037570692,0,39.927490715738024
-5.1419202070606,-0.0009687400032676,1,43.65476099269065
-7.023324566117218,0.0010965592573034,0,107.57684626826503
-6.7545112991250615,0.0011476058908341,0,104.69500079239779
6.417782212073607,0.0018687261295841,1,47.98997701577904
-0.2168781086125744,-0.000140874019531,0,1.6465750904813312
4.53188212200609,0.0009942762211484,0,7.543310575088884
3.625358541144708,-0.0006258187677147,0,40.39989120816399
-5.118776382763275,-0.0018230253186216,0,-12.040101429460833
-0.8058612152055922,0.0010357392688077,1,25.263183039161778
3.763352931073367,-0.0016781226060663,1,157.04237092492082
-3.349115888199206,0.0024933680789295,0,131.23022952977274
-1.3640268011788628,0.0003619262522374,1,14.025263016065512
-9.787940845232686,-0.0021864308649225,0,16.971009924509538
2.6285499279699582,-0.001472928932065,0,59.42922858840472
-4.808963842399465,-0.0014971322130727,0,-9.49714137117509
-7.015787262653759,-0.0020974803512258,0,-10.794656168961822
7.691084634478219,0.0009787143821926,1,148.8738168041344
1.1701831832077492,-0.0021094162271328,0,58.38982768206959
-2.5665439104488126,-0.0013481746205879,0,-4.070100896580606
4.628500068768712,0.0043546279477576,1,44.29020313362503
6.490437214739067,0.0002432292913562,0,35.35662594529853
-8.373498104122648,-0.000708369845109,1,199.66218573127273
-5.751562231954535,-0.000331090994646,0,18.332649051497153
-6.192265744633197,0.002341583426999,0,184.70064743469086
-9.792327227666922,-0.0033501412885418,1,89.46023774796848
-3.6028720340658964,0.0004472670587279,1,68.48829700394415
7.087470981293627,0.0004725819308585,0,30.085512003877195
5.835565205528063,0.0039828645524718,1,8.070877936509634
-2.6903466281339616,0.0008056539796604,1,59.941297765640165
7.624938976777024,-0.0014190374697528,0,154.74354451792257
-3.8274352896845674,-0.000575230853585,0,-1.0702417190680222
8.248802236274084,0.0053936399546192,1,-1.284867596611766
-5.850927761213411,-0.0016576102547003,0,-9.092046357493846
1.087405405945642,-0.0008175257406721,0,17.63400416146116
-9.752911767724378,5.255156732517533e-05,0,113.91857826947654
3.5866842390868534,0.0007626177535209,0,7.903795891393904
-9.966259426363004,-0.003698931339089,1,79.24115354213436
9.147780472604476,0.0056057388015664,1,-13.597261981675091
-4.182464638528196,-0.0003102360517889,1,46.862079624337866
6.124799440279546,-0.0010136512557157,1,233.05687128322216
-6.949569789274463,-0.0013293461006186,1,84.99977476650008
-2.1825206531881687,0.0026062802552904,0,118.02590894183453
-1.7836972209904562,-0.0016387312622064,0,3.9359747087425037
3.496801254289508,0.0025894013684822,0,39.30251492083862
-8.740029180490566,0.0029196459867076,0,331.02254040632744
7.473937219119602,0.0036502378925261,1,2.602085447974146
-2.4484938753390466,-0.0024155088344277,1,-1.222781336623295
3.8578903605272536,-0.0004766975953596,1,90.0589844443873
-0.1175436964911789,0.0019901076517307,1,50.11794207214102
-7.640561957159933,-0.0002180739711916,1,201.48339006069187
-8.1300202870153,-0.0013271067455947,1,136.8134883735009
7.370679521783746,0.0051086503602356,1,8.80548598609135
-7.222526025895797,-0.0015213415235883,1,84.60612686997035
9.39355240424656,-0.0028319813802857,0,339.6581366861775
-1.622396776759789,-0.0004737941882721,1,1.389889019942005
-5.707368844834539,0.0028910014656113,0,226.53567922334625
6.489813153702837,0.0014894115001636,1,69.45771162322603
-6.463465457904977,0.0004951072338657,0,61.474436082883756
1.2393095081140508,0.000334237384033,1,6.585722997431039
-8.594368012247763,0.0009874078858299,0,140.99366681077936
-2.39734296940844,-0.0021030162341593,0,3.7777888861210167
-0.9631249533932618,0.0014326633870653,0,32.20569701271441
4.3410119601474015,0.0034230091285824,1,15.98448719057984
4.695021205431285,-0.0018683859723634,0,121.66215502031216
4.490853706762509,0.0024933745951351,0,25.748960364302913
-2.0548066084612016,-0.0011495145305854,0,-2.317719432580547
4.311448239296951,-0.0015269155726679,0,93.27034418907212
-7.187744035824353,-0.0023141531829356,0,-13.601923465592382
-5.7654223966958495,-0.0030859596716754,1,-4.961015294938895
3.891667660741538,-0.00212594764416,0,118.52235730117562
5.692187515418546,0.004631592308509,1,29.533706597456714
-5.642920537451577,0.001632134319674,0,112.93196209342375
-4.993536011623547,-0.0011279674501221,0,-4.846576610573497
-7.915374972817595,-0.0006150917820118,1,181.59046722615645
-8.755104175413022,-0.0020392945394326,0,6.154804230973115
0.163596751881565,0.0027776348875572,0,92.15907633481979
-6.932377688922749,-0.0029549645217576,0,-23.266178661200748
-1.002002329644899,0.000404361880068,0,5.243082537413741
6.058436598481983,0.0038731412067444,1,4.2474817529154745
-5.036959817235356,-0.0040567960640894,1,-15.010501066641982
8.3096138273838,3.861969529021479e-05,0,61.48575797209781
1.5866720582919918,-0.0003590319453394,0,12.964050911826194
9.549184754910083,0.0023408159841035,0,-19.972842241866825
5.955347146199523,-0.0019722554110711,0,158.90266241143473
-3.799127218765534,0.0015749471101816,1,160.26783140322544
2.2063837069923338,0.0020814510606759,0,30.53236616712064
6.599751579895791,-0.0028238962822098,0,246.1090937460187
-1.3324393616716748,0.0027488249391326,0,114.25965411012322
-5.103615988022165,-0.0027139174014518,1,-5.214165503365858
-4.101410053105781,-0.0042002245903638,1,-6.357176264711677
5.601251571823076,0.0045923390905152,1,30.11026627089798
5.532127492555286,0.0005489577441673,1,92.29044408178947
-7.521120576849938,-0.0027457895404503,0,-19.4213291726703
6.551363344616156,0.0034995718580956,1,2.1432509581093675
3.003601764906032,0.0019150064660089,0,19.431274000246006
9.431597286362912,-0.0024141979567161,0,295.0732046993717
2.552533146344711,0.0006019802383042,1,16.50718322519412
5.316894519781233,0.0010910663367909,0,7.401443262654846
7.636572381989378,0.0015011219555357,0,0.6351533260016702
-1.32776064517601,0.001602866057523,0,42.95312876400134
-1.053271717958367,-0.0028399114610717,0,38.93392835686822
-2.601430159379783,-0.0009870220828892,0,-4.7796984580103485
8.789308351297734,-0.0026272280089974,0,297.8357054826298
3.2213517712158257,-0.0002134948332365,0,23.111054654806832
4.256363500386087,-0.0011778889185322,1,148.22640077356263
-7.98245446297641,0.0008721519549472,0,116.47557306040537
-8.686245881228153,-0.0024721903588141,1,90.09545448108301
7.439618321723888,-0.0021990312025693,0,216.39427567544126
-8.01235007370851,-0.0010312934628925,0,25.98614864125128
-0.863239684295575,-0.0026188127161706,0,36.50874019226038
6.045072461250964,-0.0017641473069608,0,145.84950974288554
0.1395092351464129,0.001639438982147,0,30.751189860262652
4.586053704563904,-0.0010161851446482,0,71.0788969160283
0.7267742476538501,0.0026487722864433,1,62.069491671747784
5.791002008880778,0.0037919485341978,1,5.7751307671023255
-0.1480394194357277,0.0004375678636269,1,4.667633572405174
3.6998321934350216,-0.0005283679638095,1,87.12065439665992
5.401950662940688,0.0013419271409546,1,47.304878680231056
-3.9813829980903215,-0.0028225516263204,0,-6.012963262053743
0.0622538797898801,-0.0018386014049291,1,30.926831180130158
-0.1429256591067478,0.0010996384860334,1,16.85556743539947
5.607129213996913,0.0001276859979639,0,32.818755635089616
2.517058685293838,0.0018076831817477,0,19.554798234553356
-9.79195732751058,-0.0015852283948816,1,207.82546518695548
-7.755322902513788,-0.0013084933631799,0,13.759001943311661
9.642224929577566,0.0053243374374055,1,-21.327543054622865
6.015837685259246,0.0007866815020076,0,14.622030885131332
-7.081879103955428,0.0026214870129728,0,238.76677236016454
0.6365127419059462,-0.0029633216260679,0,80.45657988619587
-1.4123946332447588,-0.0003261878719048,1,2.043045775054737
-3.965605185614491,-0.0005929920639635,0,-0.8362108801216972
-0.9707520898774452,-0.0019482062781901,1,12.581705918427762
2.174370360679534,0.0012749612743318,1,5.924985436354227
-1.4540520708098017,0.0020520217417441,1,96.51413879832816
-4.763106893806746,0.0011306757577253,1,168.3887030026449
-6.245732367913988,-0.0028475816987088,1,6.052857347857153
-7.092123444819347,-0.0027851295995886,1,24.790612514895052
2.47257105282549,0.0011761809961395,1,7.496542442148008
5.200778921464607,0.0009743797656935,0,8.785331966818614
5.466842377997416,-0.000242821335459,1,140.62968307282728
-1.356868160486071,0.0004260791563264,0,6.632113519824878
-0.6197788940184985,0.0007862524059659,0,10.769688811363196
-9.881481526240169,-0.0037661005997083,1,72.72144967916165
2.5546106309476606,0.0027174726960657,0,56.21290108122466
0.0739891931987344,0.0004789522251025,0,4.40609628528188
-0.093150540928157,0.0025300780587245,0,78.9150112136389
3.400607972147625,-0.0014078139506251,0,70.03158395484687
-1.7237154796464171,0.001262996965607,1,56.26235342664391
8.373066838209006,0.0001315598554284,0,56.558587692030414
1.9962432127507304,-0.0004807558227167,1,35.198209651765005
0.8863061877429086,0.0001291759015345,0,4.209273304781272
8.400877439175499,-5.9995016773386585e-05,0,68.44486993067179
2.839500407743872,0.0033097810339866,1,40.13887404236455
6.795887920246212,0.0025288474049748,1,27.644499143248062
3.805939892699433,0.002258128247879,1,6.558271101100719
-9.26308164064102,-0.0045123454021204,1,23.03499907040876
1.9493053052484972,0.0021155449712865,1,15.76067690670152
8.664325604134767,-0.0023759866981048,0,268.2378376836106
-2.9365035623500706,8.956425871770797e-05,1,33.011511836502606
9.119524360914935,0.0028047278108266,1,67.11345189039906
-0.4954099828687734,-0.0013942550273564,1,10.338217637578026
8.399396543414113,0.0025934141892941,1,60.22740469160397
1.2661528201201548,0.0016358323691864,0,22.421966928288338
5.949422009874771,0.0035971394424037,1,3.1443099161078347
5.274001195352074,-0.0013201784027363,1,209.8593817537107
5.54240577229459,0.0028678546091487,1,6.232719209613378
5.535868073735507,-0.0007661268236003,0,72.88068401193888
-4.348898921757565,0.0011488029844143,1,149.167419977038
4.7069008712745575,0.0018383582560371,0,8.68342275425098
9.318497205408969,-0.0017611004321975,0,224.18093899626356
3.3885657413824166,-0.0008697910754255,1,93.71075809481044
8.798349035633322,-0.0029830949407284,0,335.7448364525897
-8.154179213459287,0.0010666491730793,0,134.26253791268118
-7.476303598730807,-0.0021931771951316,1,59.21671804974592
8.937088670743623,0.0001267370946136,1,294.8707088266893
0.6472286031759449,0.0028304788842545,1,75.58867348838592
-6.871470547501257,-0.0030901206298171,1,10.945064251559684
3.185890479627213,0.0011587239145972,0,7.005682364850036
-4.170215221078131,-0.0023164910553864,1,-6.218574714964792
-8.323461729673296,-0.0043899902439652,1,4.785216990510243
-0.2203905687170468,-7.8592863378535e-06,0,1.6586397642884065
-0.3439587293201214,0.001430518815293,1,30.75773307724567
-6.998906456383017,0.0006406295319575,1,248.99020013098811
9.362687666643003,0.0028649980967689,1,70.1715485687985
1.8583496786676168,-0.0005621698420781,0,19.353275911609916
-0.6989789933370147,-0.0013957466764496,0,10.864181337661984
-5.353442954372765,-0.0012238152929328,0,-4.802223259840075
5.852742044581898,0.0010497813287699,0,8.669204235113519
-9.868212652686765,-0.0010302965851131,0,62.11073771642032
-4.615044141944371,-0.0002342232399367,0,10.22362112905102
-2.820042239034968,0.0021456059173892,0,94.82819532171607
7.507872300742818,0.0006958792368812,0,23.450221870348628
8.149987877191172,0.0005690898397881,0,31.972673653864003
5.821439083676891,-0.0012792896313576,0,108.02346041896129
5.744911731587605,0.0040728056907682,1,11.013700835483512
-8.945565018447013,-0.0021359379987548,1,121.33904843231608
-2.5250122022656463,-0.003459354708003,1,10.912892475658905
0.6205554683200845,0.0023082063793387,0,56.514723853583675
4.0534971491698535,-0.0015658258830759,1,163.89952518629156
-0.7653724154645012,0.0020257295342753,1,70.81643993836948
-0.3502983056316324,0.0004470352647926,0,4.544718841256005
6.99274304001716,-0.0001726814800754,1,210.16711567866952
5.569655287545999,-0.002659321446759,0,200.3462845573136
2.9088263808411376,0.0002765478239245,1,31.033185954242377
-9.403676668784763,-0.0057256600153658,1,-9.805851485824855
-9.676310701982931,-0.0004609360473508,0,83.97486877336118
-3.419823747549917,-0.0005155062222874,1,21.289251811406466
-7.163568634612362,-0.0008616773977575,0,19.265739070875004
-5.854378839146664,0.0009350062060569,1,209.66642175837765
-3.6521139799588314,0.0009392278138827,0,39.798943370730306
3.711131980860092,0.0002648833470339,0,15.46526474863895
-9.211231215821384,-0.0006753123191694,0,62.62297489551318
-6.308985112840877,-0.0024082628110537,1,19.141244546543906
0.4013592216698534,0.0002113027954999,1,2.997345162453872
-2.9939824382941342,-0.0023804773437259,1,-5.733890342057783
-2.688233855530746,0.0002951242739616,1,35.66775097202759
-5.749304633914609,-2.477656539862842e-05,1,120.1921854684046
-4.506237203420522,-0.0039934375939447,1,-11.60638102039485
7.596904189265928,0.0046823328338161,1,-3.0322152205124953
-6.422313819581456,-0.0005763594521803,0,18.64697954529001
4.841457483394269,0.0008983965977033,1,52.75810099504107
-7.809430940898727,-0.000711381221526,0,33.86434407872549
8.488161461632124,0.0036290676839851,1,11.784985363890923
1.2703354786831706,0.00116953329484,0,11.21651150156125
-3.220507379568616,0.0015876198728663,1,133.68032273079908
3.426318560596481,0.0008372740821559,1,24.288726098323643
-0.129515537233182,-0.0023037134152149,1,39.58852207494675
-7.223036951515571,0.0024197452127008,0,222.2282594838492
-3.4560308892995195,-0.0026772006702938,0,-1.41400577297504
-0.3285004910186799,-0.0024899441066892,0,42.761552267721754
7.634305111671125,0.0009325864164786,0,15.361245519519823
1.256446246430036,-0.0012460612189193,1,42.34342152099618
-9.44565085323556,-0.0004743400915614,0,77.51255417203711
2.0386637999424178,0.0035740688259825,1,77.81025920599276
-8.016208076218096,-0.0029969005683056,1,41.938521379655334
-2.3340923232459883,0.0009751659424017,1,58.528445342827695
-0.093742354179966,-0.001533500640881,1,19.881102498493853
0.9893524326047008,-0.0018150139608194,0,44.47836114924104
2.394243148112841,-0.0007703418472211,0,30.51564243407282
-7.007698412476229,-0.0028114149801309,0,-21.441617469293895
-5.961685345951528,0.0006699922277662,1,189.52532607168442
-1.775605062793213,-0.0011729898341185,0,-0.6088417554661336
-2.6845503563839213,0.0025016460454425,0,118.96046096752053
-6.516840097106094,-0.0034490912528408,1,-2.9356544068070543
2.816911257311272,0.0019640278366374,0,22.04004516151747
2.11549893192414,-0.0008771965601388,0,30.429998047002016
-3.696656143557042,0.0027316658929321,0,159.5385750116001
8.205660649934178,-0.0007477058942697,0,113.29732622772258
7.780814435920234,-0.0003994419509261,0,82.89061099844682
-2.249501594444556,-0.0022553658437506,0,7.586642348608691
8.509262097382418,-0.0012226907148167,0,156.64534507088862
-1.4498640750838874,2.1729376353625468e-05,0,1.280734567562718
-4.026498514213161,0.0012566759562132,1,143.00386162169178
-8.889274906689607,-0.0010767732992379,0,39.46263206436652
3.0926699505266484,-0.0014661252623922,0,67.24967348959524
-1.344622878334789,-0.0028412191219621,0,33.38811928997608
-2.2259483578051675,0.000603585555439,1,37.86024664782306
3.1966921144402853,0.0035031045792844,1,40.37572660528584
-5.724942784050764,-0.0023460777289015,1,9.780724989704815
-2.320673058279075,-0.000442650183308,1,7.178956836999893
-7.047440164088612,-0.0037970392640651,1,-2.791490992824312
-2.6628485017538743,-0.0008155926929103,0,-4.5051669106692875
-9.112620597750285,-0.0028318488178875,0,-10.866453874066186
-0.1339593130424354,0.0015956572424433,0,31.353994525262056
3.611540988161588,0.0021772030101654,1,6.5990099389063905
-5.378268901776093,-0.0028190604113828,0,-17.43615573774101
0.2479970170692027,-0.00270854966455,1,64.4218214222709
-0.2328987808320466,0.0003209991611309,0,3.202539801196038
-2.400930697459862,-0.0017936640903357,0,0.20496723630169233
-8.385375292204376,0.0003840123977005,0,96.68739476657694
-2.540518489330495,-0.0018178509399863,1,-4.616593262368271
2.6263874071932936,-0.0011098242249249,1,78.34851291945847
-9.72797117400173,-0.0018476852795886,1,182.5508428526166
5.563353989280147,-0.0009717406613582,0,84.73107045633691
-0.1160872407411588,0.0006995025530491,1,8.048952635710789
7.370253249163522,0.0007596997984341,0,20.503886976411952
8.696706419652706,-0.0027234808266665,0,304.8870568589656
4.29340422873806,-0.0023623531036473,0,143.23252242646475
-8.912872700154029,0.0007995063590882,0,137.0570896634468
7.378599816278783,-0.0004849028387815,0,82.99699039280986
1.5712885979610398,0.0012450832970844,1,5.920518986462258
0.9150418681142548,-0.0002059598114227,0,6.570654372899824
-1.867597360660941,0.0016816488448589,1,85.92563222023765
3.44419315423956,-0.0013779319605213,0,69.39822925235018
3.691454519898958,0.0006728774933531,0,9.011099817450466
0.6160738059762458,0.0029225403775112,0,95.82928860473962
6.329285744200817,0.0026979141028615,0,14.538382155970762
-4.02947773674307,0.0016762712247911,1,181.9540767219478
9.580141697498329,0.0033553647295907,1,44.48399077297748
-9.98381498213282,0.0005590731668579,0,153.2635466697001
1.203542072340413,0.0008994491548731,0,7.413818038846168
-8.99139851847891,-0.0023875341662205,0,-0.45517424121967665
-6.776041408367696,-0.0019081361496914,1,49.757357279023665
4.149298173353046,0.0036858441112627,1,27.02128813401942
-2.657632643087404,0.0002076619489399,1,31.505554868806193
-0.1622603899199504,0.0018482166589156,1,44.37546268307397
-5.268539949930659,0.0006812258049236,1,153.88003172742592
-0.2132979522946207,-0.0001604149986442,0,1.6820730067592327
-7.861949053526147,-0.0010533987444169,1,143.5499882257287
8.862893413447058,0.0024179334670603,1,85.55993496063888
-2.813272668604987,-0.003482966500121,1,6.010639921048153
8.377999255492096,0.0004913851742868,0,37.01460298726834
-2.942601929216861,-0.0006330558552734,1,10.401015979968804
5.043883922859925,0.0004920271574795,1,78.8412116302064
9.6135633635884,0.0014234087744134,1,201.3092094926683
-8.491219134546702,-0.0007343112960032,1,204.29306816156443
0.5048193350007004,-0.0013360273692082,1,27.17317571450313
-9.07609653938525,-0.0017990994187704,0,17.86504856085719
5.282851702777263,0.0017000154508273,0,5.141338807511541
5.892573813866546,0.0012870320174621,1,62.87601065274807
5.405313656446486,0.0016648207720583,0,4.604423199593921
2.651242081684945,-0.0002854976523254,1,44.28084857525488
5.885851387369517,0.0020985052943322,0,5.7517878302449965
1.4303705588968525,0.0019744087367153,0,32.898796416412395
-6.685909332328091,-0.0029228422334376,1,11.906877692768271
-5.918348082714209,0.0012959613474167,0,96.0713637576176
-4.2551838347263775,-0.0011058321283941,0,-6.49431605510453
0.5745921839091732,-0.0009714499103529,1,19.49824514972999
9.768351359427845,0.0023092140862803,1,127.01783293934082
2.19291765234852,-0.0014255700115907,1,77.97810719700183
-2.9075989213238795,-0.0022127596038329,1,-5.662395054557334
-0.3280669531580606,-0.0026860615851806,1,45.76716476273676
-3.738083938235331,0.0025569734764869,0,144.76027234790146
8.12221063112069,0.0001683977653969,0,52.295037577185944
-9.641131419310678,-0.0042160803883026,1,44.94814332955999
5.272322524218456,0.0013760426385428,0,5.0674262070265765
-8.055623291016609,-0.0033306388081547,1,30.684547973879035
-4.177296159198094,0.000555993655295,1,95.78191559633774
2.196755231499756,0.0005153173950158,1,13.558578451109963
2.95639617401128,0.0013841895264154,0,9.341085259829523
7.402227679570082,0.0008122900415867,0,18.763867977182564
-5.493718250977288,-0.0016353651588229,1,26.468303139526608
-6.618309138343211,0.0018825722616174,0,155.59322969310716
-9.77239062493988,-0.0050397004298113,1,19.296428248028658
4.165807453462136,-0.0015980243177741,0,94.30165635083642
-8.20154183903831,0.0022838117305548,0,239.97315895201768
-4.610715749081069,0.0029811041534248,0,206.29349761829627
8.258994875531233,-0.0026707474169682,0,285.3621274815982
2.406970422984269,-0.0019098600952344,0,74.47016427722181
-3.4326865747159863,-0.0010686371469982,0,-6.475417814375046
-5.950473099946841,-0.0039641887003131,1,-14.964524004114374
-0.3236543673433019,0.0003600898663373,0,3.599909355504682
-8.701163063781923,-0.0052882344634476,1,-10.87652025222802
9.404964722117713,0.0048885021338657,1,-15.98168006612784
1.512618225591746,-0.0007703692129635,0,20.840249415074503
-0.5081468042164783,-0.0029047484434505,0,52.00144841392205
-2.250778220978777,-0.0024940091606701,1,1.7993552992602126
8.137275541281934,0.0001981811634027,0,50.771173745416704
9.556981188708306,0.0045159437191954,1,-7.827761235673268
-3.1375594719709365,0.0004967992345922,0,18.45375543193634
7.906973281839502,0.0024086257140213,1,57.77445344953277
-3.513912081282551,-0.0015295833695752,0,-7.837842341804034
2.262549583191385,-0.0010583254726362,0,38.07132559672703
-1.489483756506706,-0.0001742552235223,0,-0.33595249389785886
2.77451318117585,0.0002857398413949,0,10.227854159128244
-7.364788301753771,-0.0024457307227472,1,44.65046178328768
-7.550890086723205,-0.0008778398353692,1,141.24849180242418
8.020021871197645,-0.0023333703293065,0,245.1819610908331
6.95507869981336,-0.00056221566226,0,81.92256079756592
3.325993525956207,-0.0027315497434165,0,139.90527925806586
7.248460605752591,-0.00168268401855,0,167.66795361719863
9.285700459766517,0.0029087437086444,0,-14.662543898795011
7.734657440741085,0.0016093627715407,1,103.25843486833395
-7.7198087291474575,0.0023405463691339,0,229.88398377022503
6.964083472545163,0.0040881883808505,1,-1.0792436300992443
-7.669817550183535,0.0023025190872201,0,224.4588426856677
-2.345122813867495,0.0010543279603139,1,63.19427813909891
8.994413123806993,0.0006559987231294,1,243.98730911153606
5.543390694979415,-0.0009578895151699,1,196.60259909010693
-9.56830171594022,0.0024559552785578,0,308.48220902348754
-6.9901671516471175,-0.0010932905734343,1,100.8489528709436
-4.360864663828174,-0.0022418454354014,0,-11.290506926753707
4.541414117837581,-0.0013487024568387,1,173.473338494254
3.8181073055562216,-0.0003112049646558,1,80.03497131356141
-3.87493420838892,0.0026085439119627,0,152.30252434875473
4.032090143885807,-0.0001168826094009,1,77.3424258490671
-2.805324734693837,0.0025019744137507,0,121.26727731009365
4.19524080571378,-0.0003776240362583,1,97.02663734371814
-1.0883419234814724,0.0004000420770287,0,5.398055306241517
-5.163304340893826,-0.0002665996278788,1,80.43480516795057
8.340602602637837,-5.642787868541437e-05,0,67.60317733632422
8.35257000379507,-0.0014359691508513,0,171.7375631906419
8.734037490061322,0.0019470883538242,1,115.82944365269819
5.1473540435165805,0.0018686759819855,1,22.881067791463604
8.402533138647922,-0.0005347568386416,0,100.5956614351467
9.243910545288823,0.0051802164857597,1,-17.464159148000096
-9.912320640443811,-0.0027700711091766,1,127.72875550823707
8.037459869042202,-0.0007822372126502,0,113.17263326614565
2.6305939296338536,-0.0004849053882412,1,51.35083307338037
-4.069419746959129,-0.00080511860528,1,24.37578916860705
0.4650476268535897,0.0018106138886264,0,34.664705163298166
-1.138322128194087,0.0009808194996346,0,18.316912141386513
-5.267776625755869,-0.0044694158157841,1,-16.913925249106974
6.696069500111538,0.0013520328693591,0,4.174545852127494
4.728140538026439,-0.0001372649122052,0,34.63793082019629
-6.473095863450686,-0.0023631076211069,0,-16.447759058543443
4.391050681777864,0.0021896773952296,1,8.535297236739371
9.060922547244704,5.4764050297847135e-06,1,315.62397343599383
5.962034105737857,-0.0004313115713203,0,61.23761411725192
-0.354436850877013,0.0008840154762958,0,11.722558291868056
9.72380766116502,0.0033666750623387,1,47.234954642823375
-7.462256651457329,0.0017237797984679,0,165.36869692818664
-3.741001056927484,-0.0005766577469716,0,-1.3800485723373503
-1.0298486874195447,-0.0030939783361664,1,37.89757536203746
-0.0433714893064269,0.0027303127805783,1,92.83311852971613
5.510166303396618,-0.0026877345758711,0,200.73651682779666
-3.580895067828534,0.0004065979967086,1,65.4866942712969
-7.983869095553409,-0.0023228272884268,0,-8.8227318556908
-5.995981454650612,-0.0024229558812349,0,-17.21618233444244
4.863594388411226,0.003670272771387,1,14.501880337124245
7.974761357671703,0.0006917955601926,0,25.671069194879937
2.923303948851043,0.0009843001854994,1,13.790142843304913
-1.3427427625548845,0.0017371679569847,0,49.50010810091054
4.674448031883493,0.001275477496143,1,33.75201784897194
-8.26952099499823,0.0020415028629497,0,218.3125028544693
2.128452366645499,-0.0004064497542993,1,35.83290074304264
-0.5808534711445912,0.0023987447811765,1,88.91072398363772
-4.394770395044583,-0.0042193396496934,1,-9.79405486318751
-6.794690828543333,0.0027106680399511,0,239.36818013634786
7.078153277527996,0.0042788207971701,1,-1.1562682711505001
9.42553474391007,0.0021761770704855,1,124.51061073038218
2.922676426229362,-0.0021204937269201,0,95.68327337455722
-9.47101931263143,-0.0022077742676931,1,142.29995480712515
-2.280777530625273,-0.0028692740411653,1,6.184437585916991
-7.214428244877116,0.0007459159376083,1,275.18436780429766
-4.316398019052235,-0.0013643585090005,0,-8.64694251710806
-3.734069122348062,0.0019880503064577,0,99.96074076470313
-7.03944271104568,0.0021980881622046,0,195.11581350227493
0.904574119256683,-0.0024317612486049,1,76.30316280840506
6.92687115167103,0.0020692774505842,0,-0.6606615458544001
-5.504804932272855,-0.0022858786475859,1,7.687371872292019
2.017951135403948,0.0010697030083251,0,7.899420175441641
6.3224830251401904,-0.001617755264788,0,141.5622417912474
3.665832372985731,0.0021665774369689,1,6.608797771415648
7.817009012779277,-0.001414769294682,0,158.48063525986575
-3.429255134650413,-0.0036024298557783,1,-2.0837071275549297
4.4585821737901465,0.0042647992056982,1,44.429994205342815
4.934130157899322,-0.0010280430876019,1,170.59824036629064
-7.725093546295203,-0.0011386834876483,1,130.66454230497862
-8.074981519946265,-0.0009887661752346,0,28.40885998833524
-7.883636338408664,0.0005768976623093,1,301.98703443511226
-9.17298041027969,-0.0027534661285391,0,-8.194943647290453
-9.140857311172148,-0.0054558812625862,1,-7.480674402734401
0.0939021565341704,-0.0005075680985769,0,4.975102030404113
1.917069359767181,-0.0013463083147518,0,43.0515900877813
-1.9840884879861207,0.0017801642622491,1,97.0523176971156
5.143493229519896,-0.0015190701345273,0,109.62342819163166
-1.9794871249926305,-0.0029253723636597,0,23.782555266128675
-6.731784298584255,0.0013288992287458,0,116.35253402132429
-8.717782361719017,-0.0009252290306897,0,41.983551925476306
0.3300305005066146,0.0012291038399155,0,16.55851108280298
4.443651846436881,-0.0010219970705045,1,146.72671181024842
-8.803225318038583,-0.002698624092877,0,-10.455966492802744
-8.945488595963011,-0.0038195903096231,1,38.3061069686235
9.046585061587486,0.0053702332851709,1,-14.712506716045631
5.547124405247427,0.0013783952354759,1,49.25520263344347
-9.40013729123721,-0.0051617540574189,1,6.149418982146343
-6.922880296428784,-0.0004512329909098,0,29.39603306809724
-5.505738961301052,0.0021811823429894,0,152.6782762153487
4.964200910523049,-0.0024947042722247,0,170.48435143492696
3.158704298342993,-0.0015628683545323,0,72.93564906823354
-9.756948539177444,0.0001926250355336,0,122.42266977509266
-5.407607662257838,-0.0006379227754951,0,6.799405866034806
-9.00134643788201,-0.0002251511759129,1,288.81154898738924
1.7431949056367362,0.0004400756247857,0,5.496670010196809
8.188395149397955,0.0026618814224938,0,-5.433322409212886
0.0534499069166187,0.0003523873224387,0,3.382017703721478
5.184485153746632,0.0021074981126237,0,10.216807221188958
9.18807220365921,0.0056373388099744,1,-13.821078750653767
-3.813654772454809,0.0017147704348654,0,83.13352695736057
-3.997208898857205,-0.002330510237705,1,-6.976996717049994
8.033300360581439,0.0049419382331195,1,-5.557245405120043
-9.63078780885322,0.0024108414845654,0,305.86713867355326
-1.7448038233460892,-0.0006232849884991,0,-2.289488864762159
4.003990426648855,0.0019357235154441,1,9.18585770087811
-6.138834709750347,0.0004359746952269,1,177.3407393463682
8.494588081692925,0.0012203752677567,0,7.065194353459739
-6.231982989710407,-0.0022569354926083,0,-15.536464389266996
8.230532289605495,0.0019960329004016,0,-7.949377332132542
2.8353201238365493,0.0032799173661992,1,38.914297346647665
-4.562486778277027,-0.0027735607962971,1,-8.882986132131435
-2.7751648398465623,0.0009068954638584,0,28.957027877305805
0.921437244445764,-0.002325967508158,1,72.60038984787516
2.7661467123900803,-0.002071158247579,0,89.7049308962126
1.8693858016923808,0.0001388279877648,0,7.798770917321606
-5.227276109143737,-0.000902398622766,0,-0.01953493203708323
0.733480576583565,0.0006229496695209,0,5.215145525630227
-0.1014326083703274,-0.0016185977018512,1,21.705118597765836
-8.832244290693737,0.0003548960863703,0,106.40968411700882
-7.610168110226203,-0.0013012295301684,0,12.133564798451735
9.62445102102208,0.0008333167842495,0,24.9876584548114
5.610222021643986,-0.0017157450778422,0,132.48709668651927
-4.827133925797011,-0.0041406744796104,1,-13.854358130030514
9.045377589551538,0.0024932307216598,1,86.21188958697596
6.880940081981997,0.0015685782231565,1,76.88286075666741
-0.0610731245782005,0.0021124646622216,0,53.94715068813126
8.962235224385285,-0.001409904700561,0,182.48606643417202
-6.0819695485104575,-0.0028271003719066,0,-20.537613851366647
-6.858838354430161,-0.0007297354076311,0,19.368596333020598
-2.1287066150446954,-0.0006163893709897,0,-3.0401995739604653
-7.921196877700516,-0.0025909596202909,0,-14.760140899598955
-0.2603601238616981,0.0020025728517486,0,50.549913489114225
-0.1455650261909653,0.0020639249367892,0,52.387891147243394
6.165206117083336,-0.0008138523001604,1,218.8111261617093
8.63898234612051,0.0019588857350811,1,111.3007123638751
2.8708236419956634,-0.0001206466846636,1,43.7171736132066
5.523823560072966,0.001720294200078,0,4.402592377022022
-8.038198662322307,-0.0024381634613802,1,67.00898557319945
2.817705738718232,0.0005542235432812,0,7.6185048313543495
4.428542066469079,-0.0007369492817306,0,55.41604915599447
7.394389268220401,0.0042879672669232,1,-3.3978961918290116
-5.447086978741442,-0.003900566226674,1,-15.348395209555836
6.049253677660133,0.0036072913151457,1,2.6963106578665657
7.313665464324988,0.0011815147073323,0,7.608959376054431
-5.130027076029262,-0.0013794357674504,0,-7.713789517711412
-4.773978759790774,-0.0029235390407919,1,-9.473935195262493
3.057225557549149,0.0001094761402623,0,14.5713940887258
5.396670300629403,0.0029105959282767,0,32.460005938461784
4.248061603952113,0.0020817887910678,1,8.957816633841855
-4.889864050794528,0.000408341643749,1,114.47750526694782
-4.221436319414251,-0.0023265558771377,1,-6.085332396752536
8.840710673316199,0.0018218337466638,0,-8.852856109556555
0.6017104165429075,-0.0006389052202301,1,13.098041106952552
9.963890619528918,0.0005156369477658,0,44.4210239292353
-2.138116339603582,0.0002062031217133,0,5.515169302185496
5.345091400867936,0.0041004075520408,1,18.115626351798237
4.017968220722615,0.0026896653185093,1,7.5184815177513515
9.92933293058516,0.0058972374782929,1,-23.138592396089372
-5.106760196754722,-0.0011910717803959,0,-5.319306275258553
8.448817926475467,0.0023679845875965,1,75.80015793914541
-2.362182037923444,-0.0029148038231309,0,17.07348000147112
9.878010153371736,0.0017699841773961,1,180.81105070246494
7.595019136433184,0.0015723748927514,1,100.75659182377453
-0.4669612481381708,-0.0012288693569413,0,10.331824468017107
-4.716304589191127,-0.0001768732896374,1,69.99282898324194
4.444358700060393,-0.0021419697310822,0,132.97349225837465
-2.8386809061068874,-0.0027291838919829,0,6.9215326137053745
1.168616780235897,0.0006395918643269,0,5.192836498635413
-4.946033310665257,-0.0019865308450639,1,6.345641890686556
-1.7852629006686982,-0.0002968619423162,1,4.847984005372476
-8.952169369346684,-0.0052381297670388,1,-5.27539970489092
-9.244698336211512,-0.0033242994655829,1,69.05383240802834
8.26727603682875,-0.0018186634540678,0,203.8679643600107
-8.502783271660892,0.0023646812064133,0,258.72245141276954
2.5634282870802867,-0.0015332499974338,0,60.84641924291019
0.7608098615562859,-0.0004913606137454,0,9.059702243562999
-9.079141418489238,-0.000825892297269,0,53.23603037951748
6.170996608410359,0.002973505366447,0,25.80081418754946
-9.295474589887949,-0.0046982096565076,1,17.844780242919022
-6.017061397228583,-0.0018028361354492,0,-10.496252266953345
-0.6940841409390419,0.0020264989585818,1,68.61786341568182
8.36084907186343,0.0019942148158603,1,98.52012930636161
-4.6208595741751,-0.0024408337333729,1,-5.100159585306765
3.483107471248779,-0.0008353440853744,1,95.41654482663648
-2.8888041825927484,-0.0016774553248207,1,-4.71816558690054
-1.0720114559914755,0.0006986878867732,1,19.03056982692531
-8.925261345970895,-0.0041449209183103,1,26.201106194003337
-7.492776565201065,0.0013629013738211,0,137.8702977675427
0.4787654989985963,0.0017985783108919,1,28.62520394145875
-5.581243548102101,0.0001876174475638,0,33.97981957326173
4.992362591114128,-0.0004248807095401,1,132.05717519358294
-5.484264210591312,-0.0002300331728524,0,18.47257108385718
6.520381700827727,0.0007324104985748,0,18.01534246961306
2.7909892113298,0.0027440056931141,1,20.561555795886868
2.2947349793753062,-0.0028066737955209,0,115.89383850066312
0.997926725304616,0.0017995876211614,1,20.112237331849446
6.2760676309133245,0.0015239215405075,1,61.42666456412766
-3.208812733365747,-0.0032831188667944,1,-2.12880845081766
6.392620339604143,0.0010652690295251,0,9.191063739965227
8.370870214730168,4.563513705389644e-05,0,61.6433298319841
9.20913809841922,-0.0008211117432885,0,135.3036404819986
-9.760104992169364,0.0015199142241955,0,221.30612002870177
-0.5348041558676506,-0.0013987878932366,1,9.840986250223725
4.334916129521453,-0.0009653273899876,1,138.11284726422483
-2.0727137484061604,0.0019458062528605,0,70.24153978093722
7.256606670216932,0.0015406398645392,0,0.7034456779100533
6.76379662628008,0.001569586550915,0,1.3794982902078996
-1.9432376960155224,-0.0010420459593663,1,-2.190604743845924
-9.982263872865246,-0.0013440060072472,1,241.40868975209588
6.963497283079263,0.0031158716136251,1,11.059772983408399
-3.375646110432601,-0.0008913334587188,0,-5.358870398159151
-3.731203462283284,-0.000236964234861,1,38.33774198114476
-0.0712800048060469,-0.0028002108273143,0,57.9948854051601
-0.3372248365244363,-0.0014466331267619,1,13.732058314740952
-2.9657560050452814,-0.0006217049734383,1,10.98595142434747
9.412751821573092,0.0018158465957238,0,-11.436130997865185
-5.906844003203105,-0.0018670990192487,0,-11.617744361504082
-7.046397783241072,-0.0023842853066259,1,37.9605646849367
1.1093048209741223,-0.0013565257665955,0,31.724590210968856
8.935183205393574,0.0041681913858433,1,-1.4746409167471568
2.3688493677619142,-0.0027059577239465,0,112.6112171807826
-7.082389432787317,-0.000285486042516,0,37.95464958009846
3.2414348853217696,0.0026846677783014,0,46.54810848910174
2.7825594501245643,0.0007409647950618,0,6.57516374975069
-6.598221372021613,-0.0026513811829303,1,17.886031032787365
-5.579395443741852,-0.0010099956154771,0,0.1160893452206675
-6.8622233589915504,-0.0029814483588619,1,13.743433214409253
5.09930072231108,0.0018662499207842,0,7.203881539423422
8.04931353542916,0.0004326892005736,1,213.25751180022485
-9.147776955357706,-0.0009341340974358,1,226.1232401082053
-6.902687047773098,0.0026089114981822,0,231.86291656503843
9.685801560711209,0.0005617064012155,0,40.248346788569606
-0.7686971038519772,0.0019258383251454,1,64.98229340344852
-3.422581354817402,0.0027622433965776,0,156.29683296992914
-9.903386186793972,0.0028362946882699,0,367.7775718720382
-5.4428445854282685,-0.0008123775416803,1,59.920261645014456
3.401456978873705,0.0011369277494523,1,16.62500495662901
1.3702494529525744,-0.0005678704692374,1,24.50739546471815
-8.951115916890737,-0.0043797124138493,1,19.21022133672148
-2.529130511176949,-0.0005276425711349,1,7.704666944098564
6.024764473911841,0.000251988130429,0,31.463094536096648
-1.887133669775324,0.000493409634567,0,10.195910513577473
-7.946277987120247,-0.0001428473023374,0,59.64729717279675
4.558549982214084,0.0018812915795727,0,10.002979267725266
-3.605846340555812,0.0025935238628136,0,145.1177869869264
-7.142186118764002,3.639270940785605e-05,0,52.335285905094565
-9.8798834213299,-0.0016889676446753,1,204.38380366189722
-9.823519611614008,4.690338454740748e-05,1,384.619260074769
1.6973483192496277,-3.864470208581693e-05,0,8.911558004133266
7.987078945413206,0.0023764631152268,1,61.80228568600886
-8.904951356850447,0.0018932294192279,0,225.52367436790786
8.873725068060551,-0.0021856033629484,0,255.0749306325657
2.3456034622809074,0.0024647250839494,0,45.53279267011012
-3.2260814198312358,-0.0037191113082422,1,2.1173525843077488
-5.847059156429147,-0.0027109218028984,0,-19.03380776977603
1.4927000261012893,-0.0027070670978602,0,90.4972188256663
-8.335727783105039,-0.0009936187401712,1,173.05606192601053
-7.462988600963756,-0.0006893893818928,0,29.141953200801467
4.5276098048892965,-0.0001325724838648,1,95.52085453894921
-6.200679910940332,-0.0010912445325157,0,2.977498460751633
3.307839948855193,-9.941770625183969e-05,1,54.42812767430046
3.3536115084523885,0.0011969993597768,1,14.823943233317214
-6.114425990511272,-0.0037920248957724,1,-12.220403364972372
2.398324849973413,0.0006664732029824,1,13.31594464587846
2.466924668610828,0.0008787284409927,1,10.704095421859549
2.736910261400933,-5.102473880610269e-05,0,15.561717632210513
1.0224928853327049,0.0006431752752653,1,4.192720769629796
-5.940882522061184,0.0007877129290657,0,66.88994380769986
3.9326102111705215,-0.00084454872039,0,53.16344249694134
-7.934694770756685,0.0010712681250469,0,128.6596657169123
-8.154107186303186,-0.0051623529578341,1,-15.856589307054037
-5.450427420985893,0.0023079102398881,0,162.36022990423507
2.967338721033183,-0.0020107999164506,1,139.72047925616585
-7.26340502356976,0.0002434856288897,0,64.28722418454831
-4.068578818022202,0.0003768635098903,0,23.060962791508356
-3.2110010241293168,-0.000727744666461,1,11.77506846889979
-1.3467871785315992,-0.0014485000105857,1,1.0560560792357152
9.377965482403042,0.0014817186873752,0,-2.2550490335654114
-6.671857746329546,-0.0015777102757867,0,-3.4756810285276076
6.014290800191446,0.0042240921870445,1,10.371086467486734
1.001212423974012,0.0022589522418774,1,35.97493047836333
1.197126342590627,0.0031781959836991,1,79.99813407417119
9.79009090017314,0.001347456923447,0,1.7324557428732041
-3.1547088800580543,-0.0030109398564458,1,-3.74686373907951
1.3167434371147009,0.0016728398529726,1,13.111814685037311
9.902565532794664,0.0007711162102201,0,29.116364061559327
1.2437925694709833,0.0007317850511599,1,4.599059268263502
6.479908629297206,0.0042116605179949,1,4.037192280455889
-4.414752040953882,-0.0008076697584403,1,31.82266427550705
-8.75332754804421,-0.0016737009731891,1,143.09367001107935
7.057861511441832,0.0013920663508487,1,93.7343406875095
2.177032174840276,0.0012155919919603,1,6.0585751126158005
0.5431466389569835,-0.000169559910709,0,4.466612065949628
-8.121524470127872,-0.0047725460816773,1,-7.995052065161046
0.470543122448948,0.0012540931153131,0,16.460149598206566
2.8000112324949704,-0.0014156481190106,0,59.932894508641304
-3.3652823698377787,-0.002845331126849,1,-6.537103595102552
6.101069304888341,0.003430721854882,1,2.701202702127753
1.5445359783436672,0.0002262773150826,1,10.693120382603201
-6.43492104750218,0.0001619375678881,1,168.64565446512785
-7.32264822205156,-0.0004062761518223,0,37.217038810112534
-5.89759723579162,-0.0005050533173259,1,93.61944946526776
-2.528528468481817,0.0017760355111216,0,66.78833271723266
2.2502505954610044,0.0016780336068962,1,7.002119280569262
-9.820474802607464,-0.0020163922571115,0,23.219036466963853
-1.9164744708341723,-0.0007454129091052,1,-0.15996271843721033
-3.657077104369451,-0.002100836043821,0,-7.30714182141846
4.045870383159489,0.0036431884487333,1,27.539039192692044
8.202347110048628,0.0015747194308265,1,123.7256040467513
6.883193070529899,0.0044753756220258,1,2.9993125718194222
3.389813734491929,-0.0013714377111297,0,68.14029726989969
4.410991829932989,0.0004919532208375,1,59.45735291811625
3.780729370773964,-0.0004804971047989,0,36.97245415918423
7.740338432224995,0.0033285717379513,1,13.169361934164147
0.212531889875791,0.0012002504243961,0,16.43966625466608
-5.196105582153823,-9.313576835916256e-05,0,19.587339685614
5.2662167142527565,0.0009069283125514,1,64.11946790552398
8.99530702145697,0.0003381170465639,1,276.4251846357862
-9.412512241633031,-0.0016175417812995,0,29.60489776354185
1.7907182726486788,0.0006599764562306,1,7.606354977599021
8.011264550685482,0.0045504021958989,1,-7.2787962555258545
-7.428585930703695,-0.0044349066158217,1,-10.385833822853439
8.7731720349724,0.0009459266865724,1,203.8408622109765
-7.91327413301274,-0.0002471589028059,1,214.99228000241243
-4.967658817705192,-0.0042116423267232,1,-14.790607509327959
4.483776459550398,0.0035981792532327,1,18.35192006421218
-5.41976879585852,-0.0012394348085363,1,39.666751720957514
5.845747128850171,0.0040215199007129,1,8.628587116523319
-2.9347480574955087,0.0008439114788642,1,69.70464508906406
9.280503730295631,0.0003053282405132,0,53.31580308604359
8.67705640069369,0.0026038141500019,1,67.36711919148485
-6.797592277179252,-0.0012757445093357,0,4.003982003354543
-0.1442098548565731,0.000124788161915,1,2.2683933428028356
-6.676474888902235,0.0020359262266991,0,170.20116626850978
-2.508846461594736,0.0014284951426082,1,92.0677894265269
-4.600493471757527,0.0012422132678883,1,170.32133167219234
6.111376056236555,0.0028925321137331,1,8.888195947677396
-9.107621976585516,0.0006665822885984,0,133.71001786887635
6.357810046242332,0.000759275887214,1,109.60658300125658
8.1356204689185,0.0015368271290982,1,123.96209115266478
-5.523724282486853,-0.000566221686554,1,75.89061919134755
7.798867470333718,0.0036841533085004,1,3.7161839329653055
6.253497139623569,0.00151723683741,0,2.8399133375562386
-5.639405706747256,-0.0027709656812912,0,-18.570844805554923
-3.481724461209568,-0.0016301119529097,1,-2.2263894770331696
-4.930734832132391,0.0004234891244643,0,34.56491560445419
-9.203724514467408,0.0012288256592363,0,177.7572851651203
-8.02436537017729,1.0788187235754852e-05,1,247.90612171072652
2.377801936794373,0.0026125777363587,0,52.63135861372678
-7.020214298528964,-5.499803213656388e-05,1,181.08540262704207
-8.21882019785769,-0.0028104835093558,0,-17.4046470792839
9.038258065333313,0.0007829857244108,0,25.712379714347986
2.3654264410150354,-0.0009643587476949,1,63.281169911644085
-0.0113991040396435,-0.0010970757481164,0,12.429133889915676
-7.910491721838746,-0.0006351768092478,0,38.40622303795233
6.275167224372041,0.0014662913000394,0,3.2190765732935662
-7.636174754849019,0.0003588469973249,1,259.7857751805076
4.544199256088643,-0.0011689324355269,1,161.28586513910759
-5.495504159404887,0.0009152047828689,1,187.24627481327272
-1.8952359522469544,0.0021392886117105,0,79.6161644277008
5.172874470329381,0.0002883961129719,0,24.129190269679967
-4.908033359534794,-0.0043183451217066,1,-14.359715259165657
1.0119750597667672,-0.00122128588131,0,26.62671453822544
-0.7074643863101002,-0.0011347390221205,0,6.736851584668624
-0.7577866258409234,0.0018755111451815,0,49.73260224841427
-5.742015077005487,-0.0006501149408197,0,9.391947463972723
-8.265201858923703,-0.0018225383814168,1,110.01350962325151
7.525793550786982,9.030032729861044e-05,0,51.275921830950644
3.975214456686816,-0.0007946919180557,1,112.33797159511505
7.489041205889826,0.0029016804430241,0,7.516306881658289
9.14334430643352,0.0024465552282502,0,-16.556610606555914
-9.14375224827197,-0.0034187712424001,1,61.09853559795873
-1.614828750551844,0.0005810202995376,0,10.809053671899893
7.113131807323946,-0.0012379529026178,0,130.31196586650833
4.525301982200489,0.0010408512122152,0,7.146720326249879
-1.1455283264083338,-0.0024102046557105,0,26.26902150719055
2.6510441840201477,0.0014435161141546,1,6.679258318541687
-8.42286603172391,0.0004818784355935,0,103.36275973012047
0.6936011525704728,0.0024244372278219,1,50.87422535959112
-3.421588941422131,6.154911097849806e-05,0,8.929152092798748
8.10645241870359,0.0008883770881466,0,18.231868806598577
-3.3979922660067,-0.0001819407537085,1,32.70319217163132
-2.866816504169167,-0.0035952888626044,1,6.622498639325615
-1.4286688725761891,-0.0022218795153329,0,17.786198524950834
6.90716588209192,0.0031691078816072,1,9.226930682231474
-7.345097848554706,-0.0044789487343327,1,-12.141721570104917
8.079611152013953,0.0039655486127932,1,-0.995217756375681
-0.6184262652959802,-0.0016506795361129,1,12.955614063751424
5.419921753270828,0.0018065440878369,0,5.261366401042842
-1.555072399251916,0.001401600404602,1,58.85519454619076
-7.3270291612418355,-0.0032019023418988,1,17.10888685079696
4.976607698472948,-0.001977995322758,0,135.33239914123445
8.672839289485314,0.0017635262238904,1,127.87984426191366
8.078431591217914,-9.257520445911216e-05,1,264.46763180017155
-0.8335448277818251,-0.001952403395775,0,20.32186269139419
9.809013584668596,0.0006791917134407,1,289.7380316593796
8.696856244817404,-0.0018298367448474,0,215.5699256818741
5.409511542390256,-0.0024197301926035,0,177.5746754618475
-2.6177932853054937,-0.0006057581757419,0,-3.385051767905029
1.4933478691467954,0.0015622276957021,0,18.945579867193388
-1.8423073748887333,-0.0026299737274684,1,9.702443652861852
7.515385406215678,0.0005728261640422,0,28.41517437087678
-7.562644335651432,-0.0038271036975072,1,4.809578002213261
4.031078393005224,-0.0012960761402768,1,145.3779425852042
9.070579201037903,0.0018116496935357,1,140.44345278724163
-7.294367910004052,-0.0039278426045706,1,-1.9742399950318186
-8.19819029917375,-0.0012849201309753,0,20.604133910049896
-8.736377232497068,-0.00191808363919,0,9.3285225988278
-0.7057822726006933,-0.0014323027825666,0,11.429906823861451
-2.5381469129363943,-0.0004081371454964,1,10.466440131050199
-7.217923905261934,0.0002504587096331,0,63.73401751216613
-2.2985534930109903,-0.0022438800616716,1,-1.163307621365925
5.107258620629642,-0.0023137768190923,0,161.61996857442625
6.262553504786435,-0.0025277660827996,0,210.6258947097247
-8.85920598583493,-0.0021789239783341,1,114.64140157550153
9.309826047432846,0.0016082907487169,0,-5.839532705908526
-1.0067049336029117,-0.0026243360678158,1,26.384680281650812
6.3161732632732,0.0026491097411569,0,13.289305554207589
-9.387390387980844,-0.0012474157814417,1,212.48177054218485
7.975944693949895,0.0021475761956989,1,75.43702271459281
7.603676493566791,-0.0005719932547547,1,281.7956852890327
1.995409054338431,0.0013744579128779,0,12.332865712268065
-5.89834601232079,-0.0022547084613284,1,15.391454694381073
7.9243544199935165,0.0044610108044143,1,-6.599786615259962
-0.1951592888759084,-0.0029304158736932,1,57.71842077573855
1.68460526784688,0.0003204325559273,0,5.789034858564653
2.777265699965877,-0.0028450944574633,0,131.15985258797082
-4.717810705860977,-0.0016282561946683,1,11.610665002683001
-1.2562607626137208,-0.0013312031645047,1,0.8970532856975288
-3.629393478746605,-0.0008248605807866,1,15.627315475602474
-7.018816247261692,-0.0017892726941261,1,63.09024900543657
-1.7158653042468828,-0.0024195322740098,1,8.395843135362393
-1.0281652914571744,-0.0001497836048263,0,0.08464713711893346
2.872913164061499,0.0011581472364963,0,7.369250500223619
-7.101632630108156,-0.0020195695582507,1,54.94768064586157
8.832130236227592,0.0038497880865987,1,7.81902176274215
-3.376097005138021,-0.0038072263819253,1,0.7178336912139098
7.992735505679779,0.0010612974160001,1,155.72857644416536
7.2939584836077564,-0.0026725008248852,0,254.81444504768135
3.6146418944269314,0.002815816522493,0,48.87857452585677
2.848609411515032,0.001443097339607,0,10.455760722832851
1.204391810285033,-0.0021233506275946,0,59.58995575746331
-7.137367460014654,-0.0037496026648127,1,-0.46498519753193346
5.518883058683633,0.0019128158739956,0,5.698075599344431
1.7351816771258743,-0.0023958563388354,1,106.49028200756288
-2.492837243504185,-0.0020876538627504,0,2.586998075718
-5.573620167494859,-0.0001955026229141,0,20.52617483559017
-9.734761904382903,-0.0039044108520359,1,61.01098626889418
0.2038124725028556,-0.0007178754006146,1,9.071596609652694
-1.080026540078249,-0.0008602808610864,1,-0.35907109748579513
-1.996370100101302,-0.0009593836951185,1,-1.6619819071118251
-6.16190257615383,-0.0014038953306986,0,-3.568087619743321
-8.85360939702358,0.0006835449055168,0,127.56203911538003
-3.3651711609654384,-0.0026892860979069,0,-0.2460202259187656
-3.169052398661762,0.0012900286915117,0,49.769478740205976
5.19815662723131,-0.0005772813395008,0,58.50535543467623
-9.653793175101615,-0.0056553720735505,1,-2.732707904419474
-8.87745890894717,-0.0007299775238855,0,53.02910319868593
-7.853575767046193,-0.0029292049867882,0,-21.43676428695371
4.831522039438674,-0.0013922428566133,0,95.80601376429775
-8.385952474056184,-0.0037084334080952,1,26.50966897772629
6.152100454144097,0.0023002447406527,1,25.072179475696416
4.677492810046163,0.0005441159506771,0,14.742142725857637
-4.28759846396294,-0.0023079432129751,0,-10.782639280032654
-5.256032252364761,-0.004400111953368,1,-16.72559087486425
-8.802534884032987,-0.0024196246348061,1,97.87768339345186
1.938234154945782,0.0025569062223158,1,28.821468725448693
0.0906041230522056,-0.0017087548970069,0,27.323874866853505
-6.20248131412104,0.0017353078402417,0,133.38601741423975
-1.2461769374313612,0.0025710088433759,1,128.93498976667553
5.956662014742237,0.0013620463317551,0,4.534273964820118
0.7996709879043014,-0.0006523999183785,0,11.851355958873308
-5.903937080592505,-0.0026028485766289,1,6.398820097484178
-6.862679368737911,0.0004974028990692,0,69.15233230849049
-7.776167974915662,-0.0004631510621488,1,187.0284997861491
-3.5329799630107037,-0.0038424805972487,1,-1.302694467223712
1.561871419013066,0.0022708506675163,0,44.40377071784533
0.6390194662238375,0.001671732654717,1,21.731546478665468
-8.978330408002705,-0.0016938181058795,1,153.1972115729924
-4.488821556911087,0.0010118493544998,1,144.1145330471727
2.6887552465967524,-0.0014526532602525,0,59.606083820372874
-0.3755751300251138,-0.0024692480814011,1,37.9396173875286
4.202409039154757,0.0010410665876652,1,32.39655287520265
-8.87369832224685,0.0009884263682811,0,149.23462476204296
-9.67985500739111,-0.0038135493799137,1,62.987277612338445
-7.561293843212111,-0.0012955235848481,1,112.43792307148175
-5.673587633647115,0.0006479959833119,1,171.7832677821791
9.142822709822738,0.0019360104668136,0,-12.339880672010755
-7.300914807704329,-0.0047051431335924,1,-16.425379141251735
-3.289991360985269,-0.0001440756133807,1,31.756682608909653
-4.663672449109959,-0.0020864658984553,0,-12.5153054691981
-2.3136502484219807,0.0010543348603717,1,62.23892559520351
1.5187276099832374,-0.001760907997114,0,51.623363600483685
-0.6850294252409821,-0.0027224355123305,1,36.95264445898362
6.932031513450209,0.000917048757549,1,121.3613071530061
-2.207091503463632,0.0024678672658082,0,107.67561957934748
4.822263280981545,0.0020799064552192,0,11.972028084162499
5.824889140901908,0.0002936441429316,1,119.48114162617995
-7.793575736513485,-0.0008286306261858,0,29.446528538737837
-1.3076950247272094,0.0006533620511206,0,10.946365367247425
1.79645680574464,0.0001529317710025,0,7.349222953005116
-1.855999782472729,-0.0006305330898723,1,0.7565576354020718
7.820490326415243,-0.000262272604422,1,265.3777612530307
5.53928617606096,0.0007703319254491,0,13.357068064347803
7.569486041170506,-0.0001174319129187,1,237.14978403255662
-1.8681845196244515,0.0003417973155428,1,21.025388207211062
8.078919064279436,0.0045806568208454,1,-7.745453109205519
-6.463115625562359,0.0025312463866345,0,210.73272874567803
4.013067631112408,0.0004172336361565,1,51.82506573432464
1.5004664907578285,-0.0009763057047768,0,25.949048227307813
-3.198543311138753,0.0015197475828067,1,127.05894371230724
-7.580957569865008,0.0009050361569618,0,108.53144951422738
-3.503357337550412,-0.0001367813997598,1,36.97913053916204
8.52386495345328,-0.0021378377694842,0,240.64942063066343
-5.151685393052807,0.0024071474799929,0,163.88879335430147
1.2338711056133604,-0.0013345799942258,1,44.77186844819319
1.5130488759485168,0.0014335780339621,0,15.630636333177762
-9.150051268872488,-0.0020174417961234,1,139.07846819579288
5.942268441039097,0.0024310552034293,0,11.225253151714861
3.196323093356906,0.0022100436674846,1,7.531953894411328
9.81948513345374,0.002150859046226,1,142.91723422090294
5.629139504345611,0.0029452955309739,1,5.7048531738879324
-8.083492745601111,-0.0039332504088452,1,12.322911344465531
-2.2739540801249047,0.0021536561365276,1,139.04657792584243
7.367983838389428,0.0001998871883917,0,44.333296583108854
0.9265715446852862,0.0027360891838221,0,78.25337407339524
-8.742632297760174,0.0009169699939425,0,140.28587320755702
-4.2735978978649065,-0.0035126230240349,1,-10.814740410605248
0.7022370260014696,-0.0025096189916781,1,72.32553451197148
4.33010799665462,0.0038403262274209,1,28.997318829809174
-8.426568592333922,-0.0052937311454224,1,-15.095546875390198
9.345978019846232,0.0011635969905953,1,212.88983540087258
5.192613980753926,0.0027581983938939,1,6.211043313794789
-3.254233631015131,-0.0030848900663778,1,-4.240238116400384
-9.804413055948636,-0.0033596128211598,1,89.47964772479673
-5.675729334518518,-0.0015591379702212,1,33.57701174082089
-3.004597484204073,-0.0005322534156768,1,13.824162120129698
8.349601064282687,0.0017057917138525,0,-4.842175029512427
-1.4845283221985213,-0.0027572629911465,0,28.78329085398263
6.80824321618821,0.001559208448369,0,1.3874930468746318
-8.036300516061702,0.0007226194302483,0,108.28467874135046
8.803162403834392,0.0055575173271043,1,-8.307210329724208
8.978364067512352,-7.991314801636299e-05,1,319.4126367951342
-9.579203561568884,-0.000978831735697,1,249.74570345264192
8.268186849921804,-0.0005067527972844,0,96.71238221717061
-2.820475777527898,0.0025595871275018,0,126.23907393807843
-9.089830146863214,-0.0011504695663531,1,203.00297226327856
7.167009507381266,-0.0001512973775385,1,217.75760923689802
-8.555038397028039,-0.0021003289484508,0,2.0502815992536783
-0.5852318542557065,-0.0009845815046773,1,3.7711420709401073
8.826279384033484,0.0021214722150873,0,-12.64750853131921
-5.029881234346028,-0.0001801445093249,1,80.77024213360585
-7.235447608569643,0.0025306329363617,0,234.01403006249183
6.964625712804878,0.0028775556262144,0,12.979519421821184
-1.2859378584377943,0.000334475974135,0,4.917763596026716
0.6367456722166871,0.0029134248462658,1,81.39532488152301
-8.801469144559393,-0.0020999072631447,1,116.91655252874207
7.772927467900224,0.0023185407032113,0,-5.1440471731877535
-1.5086256733041523,0.001415774035486,1,58.28119972045928
-9.467046798108337,-0.0033624988006532,1,75.71326788533722
-7.365161649174987,-0.0018935521027975,0,-4.657707705237887
5.902959099125933,0.0010298428820203,0,9.09827936570495
6.815949799919039,-0.0011749362758338,0,120.03711062603
3.8130196466039497,0.0016066304891946,1,12.343994781456546
4.968079342973827,0.0036309634661893,1,12.243057910459592
1.2928605495409575,-0.0027891963520634,0,89.2660574289533
-1.6365336720061094,-6.047703112602311e-05,0,0.646981961943307
-8.887186842779354,-0.0029955289028201,1,71.21879782228515
5.790472249890442,0.001225817752871,1,63.10481474774291
5.95470063219528,-2.219795211875853e-05,0,41.9098317191052
-4.77671775556778,-0.0008229368804185,0,-1.0386085308300235
7.279358339141108,0.0007333937946723,1,149.86226874257272
-0.9429662695883304,-0.0010575417407266,1,1.3601513136409915
8.047128241211638,0.0009703479024163,1,165.8250150103405
-9.252802134528736,-0.0007884726178322,1,246.88929146156082
-3.952882707054979,-0.0021658453188946,1,-5.6848421927555846
-5.684736939145687,0.0007086648994886,0,58.382463161945886
9.31948814678815,0.0038555661539987,1,13.668360849770103
-8.266404431046006,-0.0044896169062807,1,1.123047491346618
-1.3721523806798146,-0.0004400865335198,0,-1.2401318718511436
-7.649657094192699,-0.005194235202098,1,-21.581721286475474
4.238293637219508,0.0040631789440163,1,40.48461601700768
8.888884111917207,0.003369491260534,1,29.057692126824705
-9.575136073047195,-0.0013329271007286,1,216.4655962953705
-3.737835527510745,0.0013723636278259,0,61.89164461922362
-6.102973515044692,-0.0027739402734221,0,-20.20638705922633
9.080571354660028,0.0026525024186289,0,-15.115493900359496
-1.8391769006359235,-0.0026542056604867,1,10.156551697289112
4.82923807814448,0.0013941964662253,0,5.583117126792073
5.6521500453169065,0.002078001105041,1,24.355494975564785
-1.2007884341833286,-0.0012993053532231,0,4.7720823575341935
2.951228561850358,0.0002207434437853,0,12.040033755922819
-0.107443982341941,-0.0005747815640578,1,4.145631177403521
-7.670351630150243,0.0015891379973473,0,160.23406875448737
5.5394023783188295,0.0046418096807819,1,33.77464383837189
-6.537455931925022,-0.0027613507671248,1,13.476254292502373
9.022392270489124,0.0048436418965001,1,-14.146495980819445
-1.9583937583598967,0.0019185383174461,0,67.03368462594378
8.194518087382239,0.0019461613285597,0,-7.340366872644077
-9.247539488869714,-0.000691361039732,1,256.2533967115438
4.152856051335149,0.0036992137750929,1,27.42795436189852
9.252353031394406,0.0013955906101544,0,0.7960871858133538
3.2436443175459555,-0.0001018730884352,0,20.459817836284703
-5.555743120268475,-0.0004111370523479,1,86.24019751677449
3.611741009350361,0.0002112995190689,0,15.970536734061385
-6.704828508878098,0.0006920563904709,1,235.8329763142208
-0.5181378387540789,-0.0024603478257257,1,33.99543225549484
6.916973642432687,0.0026088790835278,1,26.683266284297897
-9.22547621544946,-0.003845903351697,1,46.01441805222661
-6.135828109977711,-0.0033344336968146,1,-5.299689862210678
0.0375808910405179,-0.0026896649126687,1,56.93119416422729
2.3246541860561862,0.0015393894193126,0,14.189858060796675
2.699841016760514,0.0024908330719176,0,43.06767697058861
4.745463478335525,-0.0014370967613149,1,190.18377172247483
-9.37926966784369,-0.0024748616107071,1,120.4679140771878
-8.183313398947105,-0.0051379262179284,1,-14.982857579936962
4.899766598854088,-0.0028218271302882,0,192.12593964168002
-6.785539640863513,0.0005821937858835,0,72.05995774409604
-4.0866511396948,-0.0027982652449821,1,-9.511581849446006
1.9092667079847807,-0.0006205561718253,1,37.716717868033065
0.8915850479688299,0.0024977041915021,1,49.42740000593354
6.896416034475436,0.0046375988864333,1,5.745381194831989
2.6419403688933656,-0.0010950453254806,1,78.18914509485222
4.351334545030603,0.0003831030240531,0,16.577207082560925
3.703137331154633,0.0009410747389131,1,26.155240223419476
0.5564818555990385,-0.0013302034928988,1,28.135853005236562
9.026999133841516,0.0024093833661834,0,-15.471006166206863
7.265742856818946,-0.0004628490476082,0,80.09148568334231
0.6723711993844397,0.0019819163165372,1,31.714740613873463
7.814776322334346,1.7912746528594768e-05,0,57.94362431001496
7.687986171288021,-0.0017713106854039,0,185.49952226218383
0.0527491527415833,-0.002781869546841,1,60.61927763734674
1.5786806277638643,-0.0003798043849556,0,13.269544422145703
-0.9076286466879004,0.0021311764486233,1,82.2387925567069
-5.705163878482187,-0.0021741179981721,0,-14.954891413635483
2.95955378061163,0.0014088420714898,1,8.3187902066439
-2.944497875415917,-0.0019927964346203,1,-5.8066338356421126
-7.680411020540268,0.0004330037023429,1,271.02248787437014
3.2514575925722298,-0.0012162632170617,1,107.04551704833818
-1.2046739121784569,0.002517311959862,0,94.61593079462267
1.4334519477663363,-0.0020306578114705,1,78.20488077944927
4.502015951530323,0.0011506676728301,0,6.449011379379094
-9.966650799503508,-0.0002902000797751,0,100.64676642228238
-4.031283068720619,-0.0028818079372825,1,-9.646310346669951
-1.6619593036953422,0.0006950456911565,0,13.789057490663186
3.560631518174688,-0.0014126045167552,0,73.12511321177027
-7.622873808983821,0.0011795217303811,0,128.03425155442326
-4.368051111284725,0.0008904589553078,1,128.4749544587738
-8.801928172636536,-0.001677957702348,0,17.419401198025987
-5.647069927297999,-0.0002364187059441,1,101.00269336810652
0.6361122245988327,0.0007155852807431,0,6.208380658622372
-0.3108049954186214,6.5959916642722e-05,1,2.112245633118447
5.915342374055349,-0.0005909727448494,0,68.97104444155028
-7.307126122565009,-0.0038150787891538,1,0.7278916253388585
4.536568842821325,-0.0011780274177835,1,161.5340137879457
-5.80271543437523,0.0028867631040103,0,228.8093173640181
-2.5467104602529966,-0.0005354128501916,1,7.739112686078905
-0.878950919735221,0.0026256310086996,0,97.28594463446524
-1.7049967000339414,-3.8962759529215086e-05,1,8.884908544055506
-5.437020482418486,-0.0024883075777876,0,-16.508528235136463
-6.1033629460057925,-0.0016465568793076,1,41.367701388784404
3.239881622361123,0.0022852667853236,0,29.39511378343966
-4.746966570962739,0.00047139478084,0,34.11257108631315
-3.6547534330605735,-0.0006137413983931,0,-2.142231892224107
5.534674476426865,0.0001717161964831,1,115.77238243233401
3.063238555652521,0.0033402180113653,1,36.34857005355572
2.331375472965684,0.0001979951493175,1,22.37895957573673
3.1655317688832625,0.0001179041009033,0,15.085544506299328
2.319161147275926,0.0007487248980909,1,11.128832491668064
-1.678795356635142,0.0024028150690914,0,94.02874530203337
-0.7002463918703512,-0.0026544483430334,0,40.56751826548598
6.881805543757444,-0.0024063326216328,0,218.64884099064082
-9.001508190397697,-0.0036554199695081,1,46.36953039881378
-4.559738394726372,-0.0016676081527499,1,8.201035230979368
9.944628257825944,-0.0001748929352384,0,92.80889316562093
3.578667342907334,0.001944476396015,0,16.62903836052837
-3.625737398716682,0.0018671202674577,0,89.76399140179021
1.3814764112097837,-0.0015777690699908,0,42.79353618445294
3.550036862007513,-0.0012646258573037,0,65.94383660977985
7.15989732494749,-0.0026542981342318,0,248.9352093502581
-4.619267563172491,-0.0025351231402233,0,-12.576899661522804
-4.36946735737523,-0.0016741112940295,0,-10.43277053354714
2.745347723060757,0.0029948048051589,0,70.17882435632916
-2.800059268775767,0.0001318036256748,1,31.65816021141936
-1.8401992539103755,-0.0016448971926345,1,-1.4824252762070502
8.143379174854456,9.082938536784637e-05,0,56.87204086647233
5.51526837864518,0.0016480805666018,0,4.231975398590171
6.065284393324749,0.0009122455108734,1,89.25796099110914
-6.720029747871226,0.0001695480648229,1,184.81061314762437
-7.3946507473785905,-0.0002013869287016,1,188.84858708144296
5.351508159838282,0.0024017718468295,0,15.436356086017895
3.668177114105152,6.905481392772457e-05,0,19.52366829974122
-4.85209238890552,-0.0025155051785657,0,-13.986639696642435
6.471342373273362,-0.0027676874039301,0,237.13411868235943
8.475115618097163,0.001400810128136,1,149.16350566984693
8.408236249567189,-0.0028488911307171,0,308.31083467107453
-3.858808331336558,-0.0024087230126035,0,-7.345592559482945
8.434600266121869,0.0013323298815991,0,3.6468134688792677
-6.125461753976891,-0.0028790221797245,1,3.4637487033817793
-9.258199971063169,0.0007890239680178,0,146.57458217667354
3.3388623205771992,0.0009328441359327,1,20.401651962075658
-1.541490050526047,0.0001877962716435,1,12.033394651374426
-6.271408323692389,-0.0040447163070409,1,-14.393751896452606
3.0144473346519867,-0.0021922115680127,0,101.52803211155472
-5.392633659123433,0.0012648673990999,0,83.6693576703995
-2.979768210510347,0.0029771536868685,0,166.82715203792327
-0.432727720214153,0.002206283151906,0,63.568502607091496
9.740028637693973,0.0041344170137833,1,7.275684575837891
8.129883918586543,-0.0004741890434615,0,92.53581665046642
-7.993032971807468,9.549148614504165e-05,1,254.83081279600347
-0.2450894175972315,0.0026079280792788,1,91.4711034570584
5.000716534844475,0.0019435845950591,1,18.725281525092107
-4.165542523325188,0.0027120047641281,0,168.43144073341273
7.860460959714619,0.0025207722792427,0,-4.0608199221847245
7.861675947308651,-0.0004732360964236,0,88.81968448082083
-5.444913735340807,-0.0001455473790525,1,98.84694770451352
5.845762270234678,0.0007414379007183,1,91.88375065121275
-9.15434206360466,0.0025175792784979,0,299.35586732860236
-5.746124443686216,-0.0042511137849365,1,-17.601999617735103
-5.765644545515574,-0.001343929684613,0,-4.757299166587738
-7.938476682226428,0.0019470521248688,0,198.9400380034337
-2.8399464157946603,-0.0008942860916318,0,-5.043790232065577
-9.680381732640893,-0.0003931551365503,1,319.2462555096273
6.219526598486546,-0.0012956758878575,0,116.83792549365859
9.346936326014792,0.0015589643101747,1,175.2603508811658
-0.6324241254056453,-0.0009809653805235,0,5.340197148913342
4.191561925999,0.0012649893982298,1,25.158706935784007
-6.023536172027681,-0.0024669204036587,0,-17.616063068670726
1.4406518587237098,0.002191391340842,1,25.126682619874302
-8.384290849823476,-0.0021320460420411,0,-0.6723665083200587
-3.594049743146264,-0.0017350801866184,1,-2.8362080928516553
1.4216185158211765,0.0026494874744621,0,66.23867790502271
7.81893519234054,-0.0004037328562167,1,278.8998337611474
6.523656500562304,0.0018929217678891,1,49.41525682785763
-8.644422800673215,-0.002863306799771,0,-15.69721834813609
-4.4563461647906895,0.0028983634402244,0,193.7734213993791
-0.1369285634875172,0.0003308556220756,0,3.2510037423493197
2.767356189807016,-0.0028663094270554,0,132.0724007988635
-3.7116619940696074,-0.0001972193954084,0,5.011592453116753
7.196509270921329,0.0014061180044445,0,2.9108146569795488
-5.664885039133916,-0.0015151718659105,1,34.994059688458705
1.3918808677637635,0.0020759380742856,1,22.293166737003805
8.12118390766188,0.0016179154390276,0,-2.5643024862122816
1.6052784335771353,-0.0010840396542682,0,30.259334428694384
-0.1358188392069514,-0.0014825639295578,0,18.854621019527563
5.426011511176622,-2.9165953352777303e-05,0,37.20472986739258
-4.472361607900424,0.0012461112810113,0,66.41709245179652
-2.372412710605241,0.0027892340682056,0,136.910852167768
4.4986581160539245,3.788068743696286e-05,0,26.748778162525117
7.787300335840023,0.0001054552454045,0,52.831560740595265
6.824920461747684,0.003938132658854,1,-0.4619361605119692
1.4079642211911896,0.0020481103236709,0,36.04611570929693
-2.861203894781412,0.00231302664755,0,107.6471716064274
4.396355604703107,0.0013254890201541,0,6.147999961341137
-0.4927184963084734,0.0018667965914536,1,53.79889415069347
-2.1801026324069,0.0013794067966471,1,77.1674194117872
-9.469575463819684,-0.001362831733724,0,39.947448107331056
6.966163358226979,0.002300244504116,1,40.552338693762195
6.7968648939571565,0.0002261629834324,0,38.48689618858559
8.517364316900405,0.0020994877658075,1,96.48375728423048
-1.5212164814367526,0.0021286863863485,1,104.77324265032482
-9.149586648698318,0.0027800127729143,0,329.91042153221395
6.448664924565481,0.0041331903283353,1,3.3742823696254884
-6.917578369409389,-0.0012940723672704,1,85.79531312617192
-1.648128984354507,0.0001602259157964,1,12.708212413893015
-7.619742753399265,-0.0027405709853713,1,40.33265645898835
-8.247328816719541,-0.0051081894273284,1,-13.50965395852129
-7.165431491365178,0.0023390313034132,0,212.4108467596044
-2.097967448306937,0.0014943211214099,0,46.45443489406388
-5.10458296502981,-0.0034446393742007,1,-12.671012083541054
-0.4789227676733336,-0.0024203128132976,1,33.88031874315401
4.206071423017315,-0.0015047372578477,1,167.3706876586633
-2.574851824175173,-0.000725442134313,1,4.353920229632974
-1.2847981510903583,-0.0021647575217252,0,18.633508651657223
7.160753148089068,-0.0007936445074617,0,99.86433169938113
2.297469089703672,0.0003732851606049,1,17.719589229874423
4.194055464860099,0.0010481154825923,1,31.994138977946783
-8.119745136176146,-0.0016141035751636,0,9.819592014151212
-2.13632580309927,-0.0007658215603929,1,0.6042605736062723
8.711784225747593,-0.0021841556009328,0,250.40582211653594
2.754274974572146,0.0017507414748231,0,16.743759047844712
7.231750669654346,0.001181682640183,1,114.43879585459823
-5.22748074592251,-4.2960703285838734e-05,1,96.93895622241803
2.354516585016853,0.0031895606611817,1,46.33260906316654
-7.923607222708251,-0.0019339148489676,1,88.96876631071046
0.8328727998662266,0.0023288046253599,0,55.17487209753603
-6.436537491198875,-0.0016039486698523,1,52.992516491706894
6.707096625684077,-0.0026275216284372,0,232.47781071383383
9.714970657899656,0.0024275510785502,1,115.0214375211574
-4.9123518210726935,0.0005453325965053,0,39.248931685042834
-0.4690747781400457,0.0011420853777976,1,22.982136291026794
4.56909266798862,0.0006863933372383,0,11.615976131190807
7.996953951483054,0.0006380115036437,1,192.08469443277383
-7.625472439156438,1.4952838711067946e-05,1,223.05781725389758
2.107200981493357,-0.0006034037670979,0,22.759941736853097
-6.785492093655643,-0.0018882356496723,0,-8.4476787785462
-7.591359908860811,0.0005857134148651,0,89.41494870338019
-7.359220755512079,0.0002653348840208,0,67.27681918854452
3.324283627029009,0.0031673176008587,1,24.730102835265374
2.485503586525697,0.0016758053061787,1,6.468234560939106
4.6964608387684486,-0.0014768752675788,0,98.06113301813201
-8.978772610630141,-0.0005009628697669,0,65.26827692990152
0.2376018198490115,0.0028299008573684,0,94.82265396121659
-9.949679919909212,-0.0022288742377509,1,166.13262406717732
6.877873233283228,0.0025877612251632,1,26.818259917514144
-8.943814368011173,-0.0044188969743499,1,17.793427094376632
0.304735783329729,-0.0027779562271829,1,68.89839952830465
-7.580433617275515,0.0002073805209372,1,239.89577854178577
-6.490506332693757,-0.0002218306799999,0,31.347210663802862
6.138119177594245,0.0006766983559463,0,18.04858484178741
-8.426728969118898,-0.0035068102744646,1,34.657521096690935
7.438381761010678,0.0035320319352341,1,4.862930782692116
-3.253622317709574,-0.002993989349899,1,-4.843463559976173
-7.496604122801798,-0.0012781020776347,1,110.71763001654483
9.8361212133064,0.0022186401385999,0,-21.282371673392117
-0.9823761368585444,-0.0012662238372285,1,2.759885607008376
4.865217971717268,0.0015207828954662,0,5.653010073500621
0.471642499502769,0.0021054419778978,1,41.11797560774047
5.633176125941413,-0.0020120969899058,0,153.77581653743073
8.622679489477495,-0.002983808261238,0,329.69431926973454
2.479456887673916,0.0005908961355744,0,6.572236466481971
9.633973563298383,0.0026273311620739,1,96.15291263749074
0.5259308600014343,-0.0004276834688507,1,8.711073456973855
4.852284099326873,-0.0019098021414175,0,127.93272365092727
5.395138872612623,-0.0007310131567316,1,172.01319341134078
5.440809969224596,0.0016362464174702,0,4.4278469473092645
9.261603644879717,0.0045182518088878,1,-9.016674608548042
-1.6788612470456314,-0.0029138396887469,1,17.995630831584272
-5.129717950477906,-0.0011184336270998,1,37.05610887741291
-7.114026055513056,-0.0019202334009799,1,59.97352893426944
-4.76092617330136,4.221277737699175e-05,1,84.51791117916875
-9.347758168619142,-0.0017553594114323,1,168.38285153233085
9.629610317565897,0.0010673197679132,1,237.93675184324164
-4.52663511865034,0.000373485257065,0,27.814478055522407
-7.998021799371482,-0.0016937217090627,0,6.199924704431817
1.622722935671252,-0.0023822640981147,0,79.02351289814888
6.467824194643978,0.0024457114088503,0,7.100922475181649
6.470372971170995,0.0016865799511015,0,1.346437613690285
3.306747353657516,0.0035522090904129,1,39.96395564235109
0.9685759909981612,-0.0013041094383855,1,36.94010681537773
1.4159090312894769,-0.0006060156645211,1,26.423846993640595
-8.803953403281948,-0.0051052418380447,1,-4.579532947781112
6.357086996337255,3.266344905419072e-05,0,43.296297260069
-8.029656374022773,0.0002495926563082,0,80.8184066115607
8.679074794859623,0.0015166082277503,0,-1.7112146518336404
-5.98123216227515,0.0006387326201147,0,59.99145493471273
9.936257686466362,0.0024008029324034,0,-24.021669172075033
0.0604885580864262,0.0025927261749748,1,79.67843546142473
0.4991800335483827,0.0025622802882516,0,72.8762369613334
0.5199384366594515,0.0011162700607231,0,13.014096457215299
-0.1057156761516697,0.0015661753433455,0,30.012594689682334
-2.2630480731206486,-0.0020281535327147,1,-2.3857900222105934
1.5095042998701054,-0.0019128097567727,1,75.80082923185299
-3.934783245605973,-0.0019042659959275,0,-9.414802589010465
0.1198978672470278,0.0016872203168757,1,31.35894719908017
-6.823953530573625,-0.0020101468359666,0,-10.306141181850487
-9.985381247721266,-0.0011050073372924,0,61.626469521664376
-9.33762520796716,-0.0007233228017662,1,259.0636715912458
-5.743863251327315,-0.0008649952676218,0,4.3083924102629485
-7.832995554604361,-0.0030515066361708,1,34.611579638007704
3.2518371646385877,-0.0008493435021356,1,87.6407464866632
-2.9362824198422537,-0.0024115845682761,1,-5.289648828989638
6.547589341770582,-0.0008518716682374,0,93.73667461623569
-8.016255828923606,0.0012726760818583,0,145.4035867932603
4.926214016977081,0.0006149008079941,0,14.348686940822747
-8.542131594416343,-0.0052498097389458,1,-12.44600952890676
6.574623555329712,0.0024216746086711,0,5.749589002264045
-1.2594311794908002,9.863028422857676e-05,1,7.194359532567588
-1.00155800169874,0.0004858066026582,0,6.521283309131665
-4.074968652892661,-0.0015045362428376,0,-9.23853856570143
-3.4996691449365542,-0.0033132799361706,1,-5.213635451965345
8.81876568711687,0.0007436722241001,0,26.808222645407387
7.574282239038755,0.0006646678895594,0,24.972614033844668
-6.243405054495121,0.0005642725107886,1,195.21746652078716
-6.909091716352398,-0.0015066999924488,0,-0.19593007825428277
5.589265265676332,0.0021550191325803,1,21.051842257934606
1.2340476019782969,-0.0003927488349629,0,10.943388603899
2.5512566190918413,-0.0017756238779246,1,108.68473822561273
-1.2448843773163194,0.0002028070751569,1,9.040810227070539
2.046184523413128,0.0012047683879946,0,9.456675304977413
6.713313400234178,-0.000434774978249,1,217.3484433023278
-3.626071643835747,-0.0006323131341987,0,-2.4563604603567777
-1.2206660944564476,0.0017790489410817,0,50.17676011183227
-8.08976626394143,-0.0027001734956922,1,56.65441702402036
-7.427502920562771,-0.0014903359944696,0,5.07018601733699
8.159329007423207,0.0044627584081636,1,-7.680042704776536
-5.800833895762951,0.0020739855776094,0,150.81361061283002
-0.7698988826508106,-0.0003020548034543,1,0.6791368027149671
-2.4166071889694933,0.0009693051759181,0,27.86344497225177
-3.923484744035077,-0.0008897453286275,0,-4.811116993063035
3.996204676352768,0.0024006398484564,1,6.460012648850448
-5.3759305993346125,-0.0025555653863692,0,-16.573817179731023
9.315027621981752,0.0010451094310725,1,222.93386282868238
1.710763949209969,-0.0012961992362786,1,56.896740014411655
1.720288265857823,0.0017677334179337,0,23.479346725288735
2.4182584457812126,0.0014574932693537,1,6.1304752679309376
-8.627949272191334,-0.0029576935316814,1,63.551917116756144
7.22199286237004,-0.0002270046041389,0,65.53669439176824
-5.546875129874145,0.0009579490056779,1,194.2905439889057
5.768536135884403,0.0016232871892215,0,3.5053021967686266
-5.7331808907611865,-0.0003994687699474,1,93.82776319580108
2.156523932437665,-0.0011988345560117,1,66.7160409958048
9.34469008658052,-0.0005550468570142,0,115.45930151174628
3.8459558008889,0.001883584146291,1,8.820758467379392
1.1034090156402776,0.0019265137360967,1,22.248229940165928
7.023651431435528,6.16402279860923e-05,1,191.97227216420114
3.284587941037371,0.0014113140223256,1,10.60534981079097
4.100371339604509,0.002817851160749,0,43.30506691356043
-6.965682795822639,-0.0049818739615343,1,-22.496120441251822
-2.746990083594369,-6.329143755345588e-05,1,23.552299585658776
-8.735349462795316,-0.0024337441571602,0,-4.532379967052962
-2.7283525964558226,0.0010562073661105,1,75.6028386683962
-7.582228850007826,-0.0022180223657127,1,61.62460260754985
-2.257303636888337,0.0012297657663576,0,36.43981146918741
4.660898035653638,0.002439928939608,1,7.267460024947813
2.1277658562739017,-0.0009231201171147,1,54.47053999567609
0.7625811576122477,-0.0009836181090447,0,17.9513427199281
8.203489443081416,0.0010203301823736,1,168.93462799899714
-1.4408530193078946,-0.0026167736173775,0,26.247469793670206
7.401645267132075,-0.0025174867526538,0,243.96006887496847
5.9784511752459775,-0.0009277314297187,1,217.76172404841466
-6.359559538084573,-0.0030655275451513,1,2.8245112449211343
-8.918923954834412,0.0004097680423991,0,112.02163600642726
3.558597739924989,-0.0015170101016869,1,137.4758230936001
-9.592246915212838,-0.0056526070792741,1,-3.966696569202689
1.7431968376758429,0.0029369134521657,1,49.46687473756456
-5.176450568543178,-0.0028987429473845,1,-7.164816712639878
0.6170866834746658,-0.0029472942054167,0,79.33700503751544
9.190113841033025,-0.0005638400895561,0,113.97050145811235
3.9177452800414265,0.0005598462488099,0,11.24064837299653
-4.152321576097298,-0.0015916712215457,0,-9.709846310864604
3.3014255397204355,0.0007116994211545,1,25.61376445369761
4.132917382224392,-0.0019401855877325,0,113.1851593577926
5.28948364607704,-0.0013425640051733,0,101.70827041903459
-6.722801656141186,0.0001168199534561,0,48.499681114505435
-2.5767446713348257,-0.0008036137503269,0,-4.33841655736831
-5.057362471796145,-0.0008914073958518,0,-0.780491716304577
-6.350666670674531,0.0013576968076761,0,109.5236479772351
9.408062219365789,0.0002619359726129,0,56.967658886187
8.915014223294907,0.0051735816218248,1,-14.263254184006012
-7.933129281077398,-0.0034584531881525,1,23.231499052578517
-8.978694769651012,0.0014765759722558,0,190.74903042135392
0.3965335933096536,0.0018041180189222,0,35.00242617164327
8.005191936722838,-0.0001267681207502,1,263.40539395987565
-7.179173290093193,-0.0001199116618131,1,184.0859110201088
-1.7885061575197485,-0.0028134240689564,1,13.86951498943767
-0.938794502742164,0.0004643463169471,1,11.288305556525154
8.77776892038662,0.0019063068999143,1,120.7232349229958
6.959838485009374,0.002264588444018,0,0.5309361846978013
-3.0601761233921483,-0.000651140018524,0,-3.5920464772424436
8.747233469565167,0.0016750816455536,1,138.15180254507612
-6.05104035949382,-0.0021062805965487,0,-14.102288008797245
4.396070992085704,0.0001552825710119,1,75.41088658460129
-0.0347931321326715,0.0004249111448528,1,4.08368280008945
-3.261832463730099,-0.0017536203597475,0,-6.247768870339032
-6.308638174267401,-0.0009421936319962,1,82.94841573519304
-9.642666125650114,-0.004066473777326,1,50.96770857262089
6.7343524706644295,-0.001870661939389,0,170.41172170373284
6.382311642236157,-0.0003250821507622,1,190.69209007020277
-7.4231415503840275,0.002366018825615,0,223.03454264570038
4.81205524909578,0.0026796590063194,0,29.480253647033926
0.7955953261104725,0.0016018789080245,1,17.540006690415396
9.73377550350376,0.0030197097022466,1,70.4517175591607
3.9120817477983945,0.0011543622576978,0,6.50798623359066
1.774237791882138,0.0008427913392815,1,6.11063071966867
-2.2970769120519074,-0.0034462838815561,1,15.25899394448517
-5.45530473911098,-0.0045394252292272,1,-18.11028810436764
-0.3202470885363624,0.0016380293296029,0,34.62855999401412
3.294548773927124,-0.0020719375871363,0,101.53459385716405
9.109309878575004,0.00140544166093,1,178.00959467519644
-0.8271179126144172,-0.0029869258363176,1,40.52987525346611
6.333757408796835,0.0006151637443389,1,118.35322737032132
-0.020517527312533,0.0023188148490622,1,65.23728769655114
6.690334806068378,0.0008461164139186,1,116.69047953152833
4.031616760920993,0.0017431630678052,0,10.377636921591382
-4.219645812197856,-0.0037792589199131,1,-9.775135382492712
-1.055832142249539,0.0016139301073748,0,40.62491178228678
6.832159935221643,-0.0001485426519779,0,56.884275749125315
-6.35797661371832,-0.0002089731503017,0,29.941659786610252
2.7318404188322774,-0.0020471898299067,1,131.10135252211603
6.504120434077535,-0.0021191561273198,0,184.30977979889528
-9.081955037118226,4.712815986319946e-05,0,95.3322577030182
-8.838474325027711,-0.002622433914591,1,88.20448362949276
-7.834670246194273,0.0016281920416332,0,168.1310117668437
-9.418859028902304,-0.0010336911724053,1,234.00546309518728
5.444923988783433,-0.0002827095262159,0,47.9655159105645
7.456993805797374,-0.0003377092014503,0,74.88504674102307
7.802751647836029,-8.455316364114499e-05,0,63.71952485920565
5.984184755736033,-0.0017772579593896,0,145.3754514468677
2.668250219372496,-0.0015868290981545,0,65.02086233195877
3.8490109875679535,-0.0008695130578588,0,53.039083494364135
7.153534379263114,0.0008192774318642,1,137.74279779156086
9.94852198955044,0.0014511452190936,0,-2.5302163301895355
5.0363755052195565,0.0015999987851035,1,29.495167795219942
9.349703371082889,-0.0021016016298299,0,259.6213256133034
-9.81795246851078,-0.0018984198689171,0,27.2436801144993
8.632948793544802,2.008994687098196e-05,1,286.9770471441696
-2.374864830183241,5.261134202658782e-06,0,2.9577119522349697
-0.6990643639670342,0.0017681313182678,1,54.28052295307525
-8.890914411208525,0.0006404457909209,0,125.78516653693558
-9.247956927271897,-0.0014442233803266,0,32.708364179209
7.768597172710379,0.0022448684429953,0,-5.469531574994842
3.6233825353002658,-0.0006031773150066,0,39.54638941577067
-4.805301168910638,0.0025082540844144,0,164.67652231974296
0.2489606519109664,-0.0026817843545354,0,60.78790358579483
-8.919944300973055,-0.0022781599186734,0,1.6516678604473696
2.3511963663405773,0.0008528112100522,0,6.219944749957239
8.72570883516795,-0.0003807474779125,0,93.83173628124001
-1.3336039673247555,-0.0018753143468742,1,5.924443654560001
2.100055111290759,-3.711354610989159e-05,0,11.19002307749789
-4.348140370103306,0.0029657555478702,0,197.96841526135876
7.659587554266491,0.0010258801685137,1,143.7472837683679
1.2505851214942432,0.0004003905948418,1,6.106019877707486
-7.101698016734856,-0.0029588920829522,0,-23.334391648700027
-5.117194011114583,-0.0003813457070666,0,10.660175861027755
1.501164275129014,0.002094442376222,0,37.13582523501929
0.8384009366177043,-0.0010357336881441,1,26.197862257452684
8.549712225353765,-0.0025860985118071,0,286.03571149509844
-1.047142933601613,0.0020385219885472,0,61.82036765337396
8.07794853343285,-0.0026219935733027,0,274.7830916463853
2.280149000727489,0.0028984440436604,0,70.36074590309093
-0.4815468274685841,0.001099439946549,0,17.62168715395613
4.218433532291977,0.0018183706418676,0,10.680535271719302
2.0624103798046534,-0.0010990390355085,0,36.71542539336142
-7.8219438526332,-0.0022107032719696,0,-7.705902712822036
-0.1643219169025922,-0.0004449537606986,0,3.0742290117687743
3.342119517801168,0.0014744898231499,1,10.227434422629958
7.983780677194719,0.0007671591790125,1,180.14706633709383
-9.669660112850456,0.0023415744866624,0,299.6884799198831
-2.9133194147668444,0.0029991640104742,0,167.49285078788114
-8.475541110237765,-0.0039057589397788,1,22.33350780120453
-0.884167395391886,-0.0018850945079141,1,12.879290768901358
6.755556599118137,-0.0019979023192866,0,181.1173600309767
5.600665718446399,0.0021506710744054,1,21.343966582148166
-7.62642471979484,0.0006551599816234,0,94.25969184217249
-9.483363510005136,-0.0026807511041905,1,112.84622324286238
3.9303230169132064,-0.0027223175787241,0,156.44643370198398
-3.2307084231052574,-0.000549607825695,1,16.915843389615027
-2.8279416964900417,0.0027649034365572,0,143.93331498990108
-1.4755697567246866,-0.0030240719928589,1,24.854720262014453
2.45718693095597,-0.001654525990714,1,98.71610500281778
-0.3498889385772372,0.0014792238210868,1,32.74831358635038
5.872184084331559,0.0007714643995603,1,91.00705855388992
4.73186547810565,0.0012700594437099,1,35.11613638242152
0.4617544392430144,0.0011964237958805,1,12.031276787884607
0.7433457415131866,-0.0015621527737549,0,32.60830371087343
-0.0051862233933945,-0.0020411460621299,0,35.08556524136241
9.795784311133666,0.0031524347811781,1,63.06249235842926
1.072552632369124,0.0027548404722173,0,77.47132693300912
-9.2618516094623,-0.0022462012319124,0,7.034711421500705
-2.3428395172549283,-0.0005881539886055,0,-3.159670172556928
2.0432349451393854,0.000334812970283,0,6.824821021188096
2.9299878291544204,-0.0017226179053886,0,76.13162942172033
-8.519902274238888,-0.0009772840181454,0,36.363729818390524
-7.127611709275683,-0.0020709567496867,1,53.45204364591376
-9.952054044976247,-0.0003395197939187,1,346.3614867950453
-1.6921409070073068,0.0018721317495815,0,60.83422764527998
3.768259860512744,0.0038125789652894,1,40.621166913746066
3.177256760220903,0.0029518220461699,1,20.60112831227999
3.398904860834728,-0.0007935252864682,1,90.09875404120484
8.578510459118597,0.0008759030732583,1,200.30623800381562
5.212726251162438,0.0004159244232977,1,88.79764657879028
-5.416659742390708,0.0001013434787957,0,28.637120862328846
-3.136760976223938,-0.0015282547189473,0,-6.29197070421654
4.943612234962693,0.001193483457437,0,6.239769122585901
-0.1634523544789345,0.001131234954159,1,17.986274162282868
-6.896754473541218,-0.0008147238032558,1,115.1344407138736
4.573402073718016,0.0020070637336897,1,12.52811995456208
-2.3024064904458763,-0.0026531311464796,0,13.343709156247733
9.509178390153709,0.0051559220128366,1,-19.357798909763737
4.990082098529609,0.0009943727819103,0,8.17387009829184
-2.591301009688729,-0.0032195712822878,1,6.110663983453308
6.738558173580422,0.0039203253315058,1,-0.07003248297899578
-2.4280329657644533,0.0015235180646626,1,95.65846665791491
-3.5295436188964957,-0.0019915251217457,1,-5.627257225182353
9.033699998411397,-0.0004339932444678,0,101.76763548344417
-1.9028394464220144,0.0020206906958484,1,111.84370016303188
1.0963015020899969,0.0001995400153174,1,6.752134569836269
8.163180932254658,-0.0004983354069028,0,94.66694252018908
-7.919023085007075,-0.0019943043015578,1,85.42587000253306
-2.908138120830797,-0.0023032400993178,0,0.7432469617082151
-6.1017451001931855,-0.0043370656783518,1,-18.03169053151619
-2.6797675798961595,0.0011838744217879,0,39.0337043622541
7.476624682667605,0.0012954187309107,1,115.84604218704567
0.6906173537105271,0.0027750075295286,1,70.68907585667037
4.540374944487057,0.0033704003735378,1,12.293187780728697
3.2119598786344348,0.0012388901802598,0,7.423639416545452
-6.028456518265686,-0.0016792966753739,1,38.005247196213716
-4.334146128873284,0.0013551796836069,0,70.26191320545126
4.636745291567529,-0.0005452649990914,1,124.58137634844894
0.6772652695887764,0.0018516591907338,1,26.898975464662396
-3.956989147507128,-0.0019958169941029,0,-9.418001589718871
1.3944873439124734,-0.0009507126114117,1,36.11354145040359
9.958954868172576,0.0015330573484651,1,208.1773199054223
-3.9044707079157295,3.994621141479172e-05,1,55.897661609990166
-5.438241978706644,-0.004057476070847,1,-16.211676469517595
4.165752824690539,0.0002696597439023,1,62.68021149253133
-4.341352589481486,-0.0008822826531617,0,-3.689736796331741
8.268848617268723,0.0008829466002536,1,184.05269566075918
6.136262511198861,0.0017017351767296,1,48.972879949958504
-9.496339359442024,-0.004252372160348,1,38.95022449318146
1.2314828831133262,0.0010765488935619,0,9.774006018806205
4.791463597865333,-0.0018619937554974,0,123.46943185856983
9.471617950071874,0.0038222940013579,1,17.415731229340313
4.8375642526335465,-0.0001230331353551,0,35.1755707466833
-3.630260946569594,-0.0019325645037964,1,-4.783685955564778
-1.9321635543872908,0.0002666470727933,0,5.830710856831877
4.0452478175430215,0.0016505958326958,1,13.882404017166133
-2.526755422909557,-0.0001606878978204,0,0.9633694290766355
-2.357573956698012,-0.0006140370050764,0,-3.300870362016097
6.786522210847899,0.0014924165157889,0,2.167746516027593
-0.5346414397542851,-0.0013445193942138,1,8.976105280710431
-5.372373644310229,0.0001254716665674,1,114.61707924890692
2.053742478619806,0.0006217047409572,1,10.305362699060764
-7.799746646052874,-0.0005561625558271,1,180.22657757169804
4.492516806150153,0.0004754636083798,1,62.57863824486347
9.02668795006766,0.0008279931690063,0,23.530669298287613
-5.0595597384501945,-0.0001060693145318,0,17.774726006964435
-2.32779135223641,-0.0028174251182625,0,15.861998275675987
-5.693083188430625,0.0022818869074239,0,166.12600563186308
-2.6110653057528133,0.0001938060226417,1,29.987487699472904
-9.131405798417523,-0.0010120252497455,0,46.72546343290362
-9.717798845693304,-0.0007265729759227,0,72.18354365314454
-3.908215910169903,0.0012019789692366,0,55.47911110013617
-8.555994828356573,-0.0015135055434259,1,144.61332684014525
7.96669117632495,0.0036572851817973,1,5.626279281334763
-2.690222276314154,-0.0021423021246467,0,1.2114238805396993
4.336198053698581,2.7682125178028828e-05,0,25.737337801097283
3.1643483051971657,0.003901220937341,1,61.99001319908217
-8.592194265395804,-0.0043344895895594,1,12.011282538375946
-8.416833633450324,0.0001532736990603,1,290.19212982837837
3.6643036250352345,-0.002534482717997,0,137.28699664521764
3.759130837107925,-0.0010810397500669,0,60.968209526256935
-5.970141600879964,-0.0030595402479903,1,-2.27910321746342
-2.0226011966783464,-0.0017179488958162,1,-2.3350463681600324
-6.521215988629569,-0.0037692752983704,1,-8.582020696905197
-6.6571277358860055,-0.000731537435296,0,16.822953340243444
-1.9102533933789017,0.0026523169682388,0,116.77588373478767
-5.362251035858905,-0.0016406195684022,0,-10.17385631490743
0.5281299567026654,0.0027669618829939,1,75.42237306177717
4.521766400279297,0.0021047432080673,1,10.478899358016918
5.776194321623187,0.0031241308749412,1,4.448059706383564
3.083266074891407,0.0017859522396615,0,15.77696848949255
2.530298952555229,-0.0010007632690385,0,39.726013106430244
4.2087585863811245,0.0012149938458319,0,6.3308563654581445
-8.235825381921396,-0.0045946120363375,1,-2.0181781583440443
-8.145546809558915,-0.0015683447396832,0,11.427902464513481
3.0549590387331182,0.0010406677767741,0,6.66734190703332
-8.256857894523733,-0.0026265634989346,1,65.79545045900525
4.086772797504711,-0.0007439049856624,1,113.88541869430856
-4.274852937992684,-0.0029654129890549,1,-10.282115611626931
3.2538205479129605,-0.0001458670902661,0,21.636645788679687
-4.492150157805028,0.0002205085108181,1,85.75877034823617
0.4526038261104208,0.0021711324174713,0,51.21653470303047
-3.4296055312043645,7.633490371317228e-05,1,44.39672675008171
5.254175070219425,0.0026599052696858,1,7.428345714365967
5.671943089126286,-0.0010287526714974,0,89.88277760121244
4.742123424810803,-0.0013970478654117,1,187.13676224443407
0.8161749616227905,-0.0026749416386023,0,73.1290112984901
-0.8477315367042912,0.0019869023582925,1,71.07023423355562
-1.2910956571994987,0.0016572319563442,0,45.074287188859635
-8.951823552359585,-0.0009799018202467,0,44.3955119245312
5.676785489023782,0.0037939675141859,1,6.9176708978421075
0.3708135378168915,-0.0027997986570883,1,72.01098669931366
-7.634365966545371,0.0014528833584108,0,148.4908811759297
-6.406405559914852,-0.00206780071102,1,32.928139127741034
4.50519394829227,0.0038760872317923,1,26.716868038955504
-2.231369483824228,0.0019824036741231,1,122.61177627897811
-3.660377940982984,0.0026413960390238,0,150.5310254365028
-4.37922259799937,0.0018739665266052,0,104.09972986542317
-1.658963944966782,-0.0003246760948311,1,3.4832322458176987
8.788490284889356,0.0054377215491561,1,-10.090356658807272
0.3470764882281774,-0.0028770603916181,0,70.16871954040377
-7.205751418610651,-0.0032535739100121,1,13.060373171651781
-3.240853714352536,-0.0017700737594872,1,-4.695386025070775
1.7259998828822525,0.000553199175139,1,8.202314425491746
9.113362743375893,0.0039690134740387,1,6.557874727887647
3.528649499658375,-0.0001654582082174,1,63.72558774412272
-9.501755977518204,-0.0023248068080691,1,136.00142314800593
4.951191128357667,-0.0019781799937328,0,134.7335135928262
-7.592647699674155,-0.0019848728016625,0,-4.750283502916584
-6.1229498200750925,-0.0006856134345718,0,12.173565616539983
-8.751901116508996,0.002926368903058,0,332.3125388706795
-8.028384186523168,-0.0007449950168972,1,176.79418410757143
0.0538881884111717,-0.00040474592829,0,3.863526201753871
-7.9256343224139485,0.0008871985929901,0,116.00063422236775
0.9424885921826948,0.0002943927589678,0,4.048810839064767
-3.964833504027956,-0.0037389992267175,1,-7.503069792335998
0.0384845455754998,0.0010936467464134,1,14.409269530838248
3.409854042695761,-0.00176239332066,0,87.69643563387405
-9.603965801675914,-0.0020429289220152,1,160.8776154058354
1.620490487132555,0.0020565437089964,0,34.517314657818346
6.135209883948843,-0.0008012949728733,0,84.06269849723174
9.622044685320027,0.0044348921820171,1,-5.013415298013851
2.1896192375252497,0.0012198533370523,0,9.291224950249275
1.118957174094211,-0.0014155401029792,0,33.622338352117
2.382380328510557,8.358319218821475e-05,1,26.340357938611366
0.9825378185001306,-0.0027910550149562,0,81.78556029731533
9.418481068996511,-0.0016370957105019,0,214.2701480727078
-0.2590675861701346,0.0005846659285958,1,7.2868110327374644
8.546951466870937,0.0029077307249176,1,45.886269249698564
4.292498232169091,-0.0002204153007279,1,91.85835316654928
-7.227027617276345,-0.0026680847451082,1,32.222366450071135
-3.963055735860401,-0.0021860081578337,0,-9.026841804817423
-8.423258625745824,-0.0043670818708232,1,7.428074422271962
6.685503746804645,5.756996716342952e-05,0,45.19515675624714
-2.596495845792095,-0.0002647090644089,1,14.907112017987561
-6.5573289450193,-0.0026696332153461,1,16.493291454162346
3.090560919479252,0.001249332367565,0,7.697230797350552
-8.778303915082306,-0.0027678182061563,1,78.26330847902446
-7.201602300811533,-0.0037910498799474,1,-0.3934144252884759
-0.8963593189889387,0.0024676097166142,1,105.88273945356676
-7.297606861457496,-0.0043382258307771,1,-10.121283444590429
6.313953510367924,0.0006281967240953,0,20.296805937516567
6.571571640622935,-0.002345795891414,0,204.61659590748107
-4.687831641954469,-0.0014389640125371,0,-9.086502531106039
1.4483438776471012,-0.0005652493034499,1,25.968865585788176
-6.011911529128695,0.0012161917092064,0,92.95054755591713
-3.2941135149775613,0.0001241848206453,0,9.596399932446289
-5.00942390222688,-0.0023604620355917,0,-14.482135976589579
8.465282109905608,-0.0009208222708992,0,130.95764956484726
4.39482590800492,0.0003808598461738,0,16.868176053613944
-4.746889597709734,0.0016879905077186,0,98.37143106778925
9.3588682909552,-0.0018968955522672,0,238.8347165018126
-8.522249431260963,-0.0051644682112545,1,-10.776740339301984
-2.8022030669413773,0.0015440242657199,0,57.78751545927926
2.6146888006251263,0.0028796293811825,1,27.748502300886308
-5.915627600393552,-0.0022689574908082,0,-15.823682403938776
-1.396957941933623,-0.0016676024898695,1,2.6281391664056803
7.924289994129246,-0.0019897421839713,0,210.69068007696012
9.14677152419808,0.0010907241114464,0,12.190039827619376
-8.618685255967389,-0.0006515065971382,1,219.67337452616582
8.314065849331513,0.0028717629688432,1,42.45379965051985
7.458563825002212,-7.815382291395025e-05,1,227.3473417975911
4.135555350645035,0.0014769505253224,0,7.171980790324275
-7.697554544852676,-0.0013704361548997,1,113.60165754469432
4.358014460422776,-0.0016974333746025,0,103.91380142050372
-4.096065257208674,0.0002560133276784,0,19.445890418385204
-4.340762871535528,0.0024601317487754,0,149.56618454415084
7.090034068267208,0.0002374426543509,1,180.74550938988776
-0.2389747128633743,-0.000298502004339,0,1.9665111831581505
1.1391128571285982,-0.0013840445050813,1,43.93252049654422
-8.245016189696434,-0.0022595495723023,0,-5.156181673470522
7.81453791409497,-0.0010036374440375,0,125.95013351259414
-2.6822423312327537,-0.001250505382527,0,-4.899313057246892
-7.649541435025597,-0.0029643685616355,0,-22.669219560879604
-5.300393194218751,0.001050454067526,0,69.60783752958756
8.887725094920746,-0.0001185689171143,0,77.37334918866043
3.4344215436681957,-0.002828020820007,0,148.8072862690789
3.078873686474566,-7.568840752133917e-05,1,47.31046130972258
0.8807735831880557,0.0028818228325766,0,88.88425949933142
-9.264598839050496,-0.0044213671419927,1,26.126023732663814
8.46335715764451,-0.0017024996573287,0,198.01422319682544
5.489585730331182,0.0010481789486695,1,63.495559855261924
4.051191062069758,0.0003552701454442,1,55.53305143263171
-5.594637822489568,0.0025579232758557,0,189.28599002471577
1.8520248994082615,-0.0022032999211616,1,101.91326872045974
-7.42565656898357,-0.0019094253433852,1,71.30851773682431
-7.749330572188895,0.0001815222022316,1,248.04504949172852
4.56400814042083,-0.0003284078658566,0,40.06997566186861
-4.00939855641955,0.0008463246805642,1,109.55423249501987
2.2842487637184945,-0.0006220471738225,0,25.05831967656543
4.839592533135036,0.0027111429958978,1,5.898421105100304
3.0274688796337976,0.0024652077615033,1,11.575699713879185
4.649342168691513,-0.0014047987316597,0,93.015686917164
-7.751864265183728,-0.0026461375405138,0,-16.731222384233476
1.1575843647950368,0.000238434398561,1,6.86070242732062
-1.570802330553441,0.0002656706812767,0,4.636767901742635
-6.497202054776934,-0.0029987903745152,1,6.564202043095855
2.111259437489819,0.0008181974053651,0,6.078185776922954
-1.487844341007632,0.0009364203315368,1,35.062746646263946
0.897267712134644,-0.0013935331993215,0,29.89726985942635
2.146193928315899,-0.0001806634205537,0,13.867950366779338
2.179535648858593,-0.0019294661207481,0,70.80270449935543
7.639207348704332,-0.0002002574393226,1,248.8083236044199
8.269841742299334,4.5950201093216256e-05,0,60.67111567148379
-5.231093507199399,0.0012074332301435,1,201.4105042686257
-2.426559705149163,0.0011238238595433,0,33.85238441843421
0.8160388385690549,-0.0012017754781668,1,30.29336084988299
-6.788426981348151,-0.0005648685155328,0,23.664356584147132
-1.5643000693699705,-0.002213429286176,1,7.554092670038262
6.936594694842103,-0.0024539691174625,0,224.3722380323026
-5.639665896874588,0.0007650450826178,0,60.43628889363132
-1.648612756561942,0.0019028331957535,1,93.16342636263656
-9.349158156143035,0.0003550245831542,0,120.60596071131562
9.110540668137446,0.0043344644161394,1,-5.028337213090548
-1.3565952241978412,-0.002145797912465,1,9.697554812659408
6.212634237531461,0.0007821414908155,1,102.6282351563143
0.7410246924859383,0.0024922397862422,0,65.47075844695212
9.446186490784337,0.0017720070390629,1,160.4195690093976
1.240142656281444,6.914601149329307e-05,1,9.654697361151289
-0.6854751950739484,-0.0023328170231004,1,26.61111825294058
6.349073459288622,0.0046952182503129,1,17.163329711866602
3.295985044265038,0.0029820248786873,0,62.056299183610875
4.720854988616036,0.0024143902454323,0,21.110428007012697
-7.392340489178606,0.0006452707109275,1,275.65869671037177
-2.705399071093413,0.001187774816335,0,39.48752528416666
9.032728233787466,0.0017982719919706,1,139.96552968942007
-8.350840751069367,-0.000118722634735,1,255.73070476270934
-0.4337765112098619,-0.0020440808810638,0,28.36424092115243
9.577671405042366,0.000923168226623,0,20.359584937019942
9.596538115904188,0.0041461140532326,1,5.107075016132184
-4.78440626305505,-0.0012134263845875,0,-6.615714731646474
-0.8880955977474585,-0.0029123699600975,1,36.79010360050639
-6.638142934850897,0.0022648534348125,0,189.86105432849985
8.293961612699569,0.0021010450998624,0,-8.986670333732368
1.0678019129571137,0.0007711970154496,1,4.38846629726169
-0.5602210039015141,-0.0002593351142127,0,0.8214483554087821
1.1846718437839705,0.0004117107503738,0,4.485627321634644
7.76772778759873,0.0024038398419271,0,-4.464691918298949
6.535655838204008,0.002124960283422,0,2.054592004784267
-8.136897689785647,-0.0026933240672962,1,58.54554381993655
9.021058087743503,0.004877194092492,1,-14.428712402045182
-6.428179166682857,-0.0011162964659348,0,4.350952414784933
8.464478613205166,-0.0024960196747584,0,274.2974518508087
-6.027457446819367,0.0003819051213363,1,166.54320442583722
-1.8566038024460256,-0.0008429510518317,0,-2.49544689909916
-8.53448380636337,-0.0048156300958376,1,-2.1572319155059887
-9.264858801800832,0.0010307450518288,0,164.36614181462477
2.453604855793399,-0.0019676657288216,0,78.07710533878935
-4.107897719856897,0.0007156551883957,1,104.12950865397804
-3.603030629621276,0.000841163774308,1,93.04830659870825
-5.852940497239628,-0.0006355005822617,0,10.811751223662283
-9.735461488819151,-0.0022240344578157,0,14.880681938301269
2.378959502940104,0.0014963661367394,0,13.098751858273008
9.295696193447274,0.0021003542765395,1,125.60434371701663
-4.979616767364787,-0.0009862011459157,1,38.5946958164684
8.78221197728923,0.002133572581553,0,-12.438791001424473
-9.765683267392584,-0.0008381399763774,0,68.21568832835015
-0.5050564451463995,-0.0015701158074017,1,13.314123824356361
-5.2503548935585,-0.0030031821608688,1,-7.982174590509048
-6.768941439657318,-0.0029743115437807,1,12.104384640657374
2.226084621512907,-0.0019726398633827,1,105.58232523428939
4.768964903600754,-0.0006671245079248,0,56.93278410487997
-4.270744897004423,0.0004840044669324,0,28.9423027962378
3.176727144044751,0.0019074813426212,1,6.578855581100087
-1.0727931454805688,0.0020793608981121,1,84.52827759670981
3.2374651804192744,0.0009646338580496,1,18.179538499368867
-9.755833881075706,-0.0014404588429702,1,218.16860000819787
6.508246887378849,-0.002696783445458,0,232.24462366824866
2.355718399185932,-0.0026819094498741,0,111.02218705196643
8.965824587844619,0.0004961856043357,1,258.45773942400973
9.450382029605006,0.0041904317307341,1,1.9136864270652807
2.8551448128147143,0.0004734771785857,1,24.300046060970946
9.084746770181663,-0.001833622995583,0,225.60086758464968
9.990983477956656,0.0019952339356114,0,-18.665764449117994
-7.552286209256367,-0.0006662329660619,0,31.33985101312858
8.282982409715345,-0.0003818674047777,0,88.22088504877175
-0.2909749630096563,-0.0021624088589589,1,31.427688072225568
8.161144688304368,0.0024067247695311,1,64.86325663796214
-1.0659678356387658,-0.000640861401298,1,-0.43262887371332504
-2.092573593704696,-0.0017077008603976,0,1.9739598195829775
-8.369318113062521,-0.0005147762041804,0,51.76821344265862
-0.1106607851816541,0.0028085840198226,1,101.15058730078397
0.5194168036504276,0.0008429855709118,0,8.07610908546081
-6.903497974285509,0.001280211240878,0,117.07640102448096
3.1402919031367773,0.0015438836824071,0,10.940074165583999
-2.2627233537841533,0.0012412246951966,1,71.42859383800084
-0.3500160436204496,-0.0006039566320281,1,2.5338753204184292
-0.9764826540761576,0.0028830960718483,0,118.89961915440998
6.4649962325222,0.0022824356931062,0,4.352722948627909
-9.333351377131468,-0.0021800883449153,1,137.23349447626285
-0.3512723871113721,0.0011773897821464,1,22.17006726097777
-1.339118316047184,0.0015327878942979,1,59.74665219364781
-5.669925605949279,-0.0011933575748231,0,-2.714870693181144
8.933666833791662,-0.0018316004920351,0,221.63716686313313
8.994538520604511,0.0007418565813692,0,27.556362047670227
8.700409399800531,-0.0005952858580563,0,109.35438681618442
5.958273907640216,-0.0003551523678658,1,171.733139928153
8.20625592338741,0.0024279040521987,1,64.85605489636941
6.656595747175775,-0.0013169854520352,0,126.98679542149986
8.345143476425495,0.0016318457005405,1,125.03506350356452
2.5134060956116877,0.0028399729779001,1,28.223006718728442
5.047442764263204,0.0033571356925468,1,7.186198867072976
-2.9954133539514416,0.0017544394360976,1,137.57388195652015
-4.540942739524089,-0.0022709867113256,0,-12.230270717082995
0.5912524133803032,0.0029006979280007,0,94.59940652153372
-3.080924526280726,-0.0028263225223382,1,-4.301389721929509
6.004108624944852,0.0018972404603734,0,3.2915324585775876
-7.251251173911609,0.0007977621762554,0,94.118987277542
1.4860260874821822,-0.0018380992142445,1,71.81501847019516
-3.624730354228081,-0.0024032319920338,1,-7.7694089971437545
-0.6378554781629493,-0.0021394327409629,0,27.656296024853095
2.9835569461549465,-0.0022692500699957,0,104.89725526634385
-7.047228432383792,-0.0008211685875049,1,121.456124220797
8.446674112893803,0.0048830651430661,1,-10.460075208513542
-1.9074279666484468,0.0018465426929928,0,62.24122610317501
-1.1077723400736978,0.0007267253321378,0,11.642636296429457
-1.0674087982878415,-0.0015984608769403,1,5.626430088804897
3.933392222628445,-0.001821985953598,0,101.93727157037156
9.212807617778996,0.0014413052460997,1,179.6988126085861
-3.060087408968057,-0.0025266559004839,1,-5.664992186443105
-4.981877634982581,-0.0017519203674368,1,12.72739531973795
1.022414574021829,0.0002682697505106,0,4.236807095110678
5.024062201629103,-0.0010764279901692,1,178.56038036185583
-9.365275999519316,-0.0014651873722759,0,34.14482207226665
-0.7963478384613172,0.0012155254998878,0,23.14133107326891
1.136816836054983,0.0001963620551033,1,7.115963809015244
-1.994020372288965,-0.0016002443979754,0,1.6433773577255706
-4.615811886236843,-0.0034027195133608,1,-12.186824385091482
7.252061905807725,0.0016161466948536,0,-0.2641333785092854
2.180948146404038,-0.0002625366255577,1,32.43481394177367
3.6784813988291054,0.0022618898042782,0,24.924648461253327
3.9813725412366914,-0.0024401783711954,0,139.9276933139891
-2.295142702392603,0.0006632364905529,1,42.12495110041907
5.329024195951231,0.0045229960371989,1,33.8539948240063
7.810841264545559,0.0015493319686768,0,-0.5682128826493273
5.020122739344792,0.0017804248273789,0,6.68395166192944
-1.3229015563419022,0.0002414631742159,0,3.66911691186166
-7.974246041202702,-0.0006672732738259,0,38.29651360329332
-8.191997925782076,0.0023402038576355,0,245.4442426254546
7.826797508333009,0.0011412796958707,1,141.91205318826943
7.612758821679964,-0.0021665130015237,0,218.26928369600327
9.563508930400644,0.0044785336440299,1,-6.709416029583583
-0.7600085659212592,1.635496405063597e-05,0,1.0943048264567166
4.569780940379697,-0.0022290091435619,0,141.74902106162645
1.472249882454317,0.0011300441172246,0,9.926025193809245
-7.504927173799009,-0.0006089253547715,1,159.901132770877
-3.191301399437405,0.0012367696486129,0,47.5020609109322
-9.835555148813873,-0.0042437309920169,1,50.332175249296675
9.144548987802189,0.0011435889208562,0,10.056710146673653
-0.365265773162168,0.0009970706034239,1,17.146084112902265
-3.940064704124209,-0.0040229185812506,1,-5.443542915363823
-8.872166057457866,-0.0045803783687825,1,11.1840554766147
-2.1090016285979507,-0.0015030168605823,1,-3.3253555199562728
-1.823755764925414,0.0020575581305669,0,73.44029882389393
-2.5096320790667974,-0.0008647776842538,0,-4.382429118169422
4.582059998603757,-0.0024793154435922,0,158.7526332286835
0.6762312817738891,0.0015735904122708,0,24.405715955807707
-8.72458234538943,-0.0025733763131349,0,-8.122247161233883
-8.064406797517467,0.0012775836281052,0,147.12102412149778
-8.88241896161646,0.0014774738881917,0,187.7008185611549
1.2983075879349038,-0.0004390987660016,0,12.16747521810083
-2.0608931116813167,-0.0010423994505419,1,-2.0832791752669158
-9.330087354406212,-0.0030633761441598,1,85.11891440614502
6.553441602565496,0.0012940829161555,1,82.75121425457056
0.8665215917514697,-0.000212611142856,0,6.3805933199010525
2.658130028660634,0.0005603644877322,1,18.928877585742068
-4.323889524084493,-0.0005929970705423,0,0.7133870755779057
-1.6802475574781806,-0.0007747332484844,1,-1.004358547746782
-6.4899024414726885,-0.0005088674672018,0,21.57653775282853
-9.730608769902132,0.0018821617886901,0,254.1402322090035
7.695967465229479,-0.0020415800053474,0,209.34270608849252
-0.1509330045673085,0.0007106220441207,1,8.512941539290024
1.0190497990630671,0.0010790126012044,1,6.3247162200599
-4.345601188929969,0.0028807599473511,0,189.22637017933775
-3.5142037539172533,0.0005598792494157,0,23.78816231041751
0.885434028822738,-0.0020765154452747,0,51.77889350693194
8.148024058369504,-0.0013245135180024,0,157.93465210888573
-1.7296731055768273,-0.0008861741902482,1,-1.5646686307911608
5.919134683574043,-0.0011761500809643,0,103.303417120072
-0.9964114803924852,-0.0009148999210542,0,2.150533412190804
-9.172515817598985,0.0018670810783946,0,232.35926482065392
-9.894597007574838,-0.0016882333046685,1,205.33641018006864
4.471238959876489,8.113230304501421e-05,0,25.223554426683414
-0.27909896282166,0.002420040485849,0,74.42249992320885
7.6989820095361985,0.0012988377644542,0,4.848994018195745
-5.967540263059046,-0.0023956470873137,1,12.75473270791019
8.718795752712769,0.0017480419110173,0,-6.981749150359828
7.462593856345155,0.0039433339769826,1,-1.870391836382764
7.3319088074585,0.0008893122114835,1,140.1100187918468
5.37722578544361,-0.0022626265249668,0,165.20631345529793
8.579149755697337,-0.0017972790740657,0,209.58590755282967
7.124396086674313,0.0037108450430256,1,0.5490242668331586
3.718987462595255,0.0007779522447822,0,8.058974015763294
9.29906018468699,-0.0002607442939047,0,92.08878303270643
-2.517959743226113,-0.0028283052583252,0,13.091745102112895
1.285522830282808,-0.0020762338415637,0,59.342070780777384
-9.427720695378042,0.0016307823683376,0,219.43529327400907
-9.94853643458434,-0.0051513675522968,1,20.384056980619203
-1.5170910380963498,0.0010058141946932,0,21.67807353162973
-5.833072628556875,-0.0016702868918586,0,-9.324100031367006
2.0964026814014183,0.0026310858951471,0,56.906623560900556
8.716322083126819,0.0024231281706844,1,80.47485591104845
5.564136134172209,0.0016823205088994,0,4.152312217151739
-6.59240706615055,-0.001915801411847,0,-9.893842707131682
-3.1711328652370474,-0.0035142226789101,1,0.6770995732804468
-1.0284956939346106,0.0018935231607621,0,53.75981212596699
-9.92789547296885,0.001548907936179,0,230.0195359648354
-0.9453079201846216,-0.0008871942881794,0,2.226586607405919
-6.293571768222575,-0.0018041914995911,1,40.16385115722169
0.1683933868065494,0.0025393786176678,1,72.69437991922342
-5.037603942598492,-0.0022607410316444,1,1.7520443519255786
-5.650193633922253,0.0002537785981822,0,37.52796459421975
1.314773419419739,0.0032408456330946,1,80.18292753548312
3.1130264986940777,0.0025627358522021,1,12.45824008555823
0.3585979442157914,0.0016588656747436,1,25.916072109615293
-9.831362754945784,-0.0008297642528845,1,282.1276197871235
5.971863186831845,0.0023602056426146,1,20.426839575355068
8.375578447145948,0.0053447841852187,1,-4.661028780469757
3.3813941283960425,0.0031961656367041,1,24.666339261872043
8.860827410261791,-0.00274181755922,0,312.17759759186134
6.094090522525761,-0.0001728607859453,0,50.1042734751647
-8.11611331257672,-0.0011965598537765,0,22.179056079012845
-7.696426590454426,-0.0023118500044695,0,-10.689546616976832
4.214870977453471,0.0032620293312892,1,14.005698614481448
-0.0410777220717086,-0.0015730227200578,1,21.831114457374696
6.068445996729967,0.0024713998110456,0,11.079053618443474
9.607728182357832,-0.0008393096449203,0,143.40306901781085
-3.150254397685723,0.0027982953996189,0,153.7085422084477
-1.9229989437226287,-0.0015613239166671,0,1.8166353021931858
7.509191690789386,-0.0023248346067785,0,229.62321852587021
-9.056684064323283,-0.0023560830793275,0,1.1977890177799515
3.353641688978634,0.0006628494237936,1,27.984456633683894
5.852382154454363,0.0019797719899608,1,31.198635564657828
-3.785919578701512,-0.0014355182833727,0,-8.458482702519166
7.568363443124923,0.0036628518121387,1,2.826855319714432
-7.221160389946695,-0.0024130671726987,0,-15.086383142943369
-5.618853169727355,0.0005769031075991,1,162.53828109793318
1.7172881126938595,0.0029415813695577,0,80.93178088187523
5.849201992979847,-0.002183287927627,0,171.92445148044587
-2.093059982123653,-0.0020778850667415,1,-0.5545695413496321
2.819543677716636,-0.0023004920582563,0,102.65346900648692
3.8230008040479113,0.0026106030844741,0,36.852438305818985
2.271277409932736,0.0028238648624413,1,32.29673296422497
5.999875350440689,0.0022471988243753,1,24.40314222456309
1.0583910179466989,-0.0013259035984556,1,39.88663878535551
1.5241967402888807,-0.0017883462960177,0,52.746940669346394
-5.646123971838046,-0.0033065375560764,1,-9.160152094562704
0.9861988557023408,-0.0008088330631,1,23.272988170779296
-1.39092463210795,0.0008628625679669,1,30.146635725088288
5.0723929917077335,-0.0013187407413612,0,96.13143491174907
-0.0409646293940628,0.0008045301727588,1,9.231788977731076
-2.1408709003427067,0.00108192988429,0,29.468721618983434
-2.585346390564829,-0.0034704972651138,1,9.940132867998257
4.016686131448415,0.0024868216094306,1,6.534186925807599
-0.6588392613720995,0.0007364807009169,0,9.912023982028183
2.107160701781698,0.0009428609456928,0,6.71319807254494
5.683489912834901,0.0006160882757168,0,17.682082564779705
-9.137182643456908,-0.0015005770457314,0,28.729850417117028
5.801699945306533,0.0041626391342617,1,12.195626304688387
-3.4567171269078267,-0.0010950636376315,1,6.484145731701386
2.5654759230585,0.0006631524305055,1,15.447574635570122
5.765682628338427,0.0006863361611949,1,92.36994348291515
-1.2642956714409053,0.000900601564389,0,16.85381470859241
-3.595976340080417,-0.0009074535023373,0,-5.390094916135841
8.768619778805615,0.0012328079046182,1,177.26470617689193
-9.456543842989936,-0.0013617560514257,1,206.6755472372564
8.796288231139723,0.0005017026564568,0,38.907865089680534
9.273565238181718,0.0035774374646862,1,25.878888023632026
8.429898071367141,0.0025102092089555,0,-9.531978621097311
-1.1445741947781265,-0.0007148323195447,1,-0.6594674095347699
4.991903545686435,0.0025634157129994,1,7.364254830628921
9.538946470608956,0.0037053215847245,1,24.23015842312725
1.7186403915973774,0.0024806404920871,1,30.179862394754558
9.903419647444412,-0.0024094351696149,0,308.67310612370125
-7.449139504114193,-0.0052270121160044,1,-23.51417876425122
2.3262827050708665,0.0027823770359396,0,62.70602866763515
-3.160626855076723,0.000302140014483,1,47.75592250627847
5.451358586111541,0.0017632917471203,0,4.8653064449670955
9.53694059513776,0.0003640097265878,0,51.41490315686141
5.263009772011248,-0.0002674943270681,1,133.35519582934944
6.282203870913882,-0.0013125066747942,0,119.21442532650403
-3.290486847039597,0.000882569335958,1,84.23735923796329
-9.602981638483922,-0.0023626254805889,0,8.450855290704816
6.556663108744431,0.0022644716157143,0,3.440219919338627
6.955045859468839,-0.0020752261646087,0,192.65063215784122
-1.8408178119968996,-0.0028168304713408,1,12.942608234712049
6.132600054730027,0.0016239567447669,0,2.5354298073841757
-8.73458469905528,-0.0014851366622006,0,22.47843741891495
-0.8552422526251959,0.0015659270868494,1,48.20429807634785
-6.007276720600324,0.0029182269077556,0,238.21877761093415
-3.959596117491291,-0.0034984048401686,1,-8.574925087889115
6.64428112793291,-0.0008608031141195,1,250.194488564159
0.1192193312197709,-0.0019767638497459,1,36.284526261786354
1.1992342251335728,-0.0013479885349558,0,32.71091544467596
0.4581874070677791,0.0002286924790573,1,3.1338482234703195
-4.027765888231349,-0.0006650586804602,1,28.42983110584338
-1.2255770324534154,-0.0019911857888367,1,9.215554846306658
-2.229442006449009,-0.0011274594697624,1,-2.3511045348394077
-7.662987223315127,-0.000376692941044,1,188.29749597381567
-3.543335532956391,0.0005713623690563,1,73.7513355392285
9.030962452489796,-0.0001178221682179,1,326.9379729849838
-1.8753025125246372,-0.0017642138861703,0,4.686821093789811
0.4297719182696617,0.0013138059743715,0,18.240871939950374
-0.2847031680215472,-0.0012590226283426,1,11.144603864041304
-2.8511834464441392,-0.0023977627512349,1,-4.781102653307373
5.320370821344662,0.0014707202057038,1,39.99916468548637
6.0919409723072775,0.0028489869118959,0,22.011533264880537
-8.556800389489966,-0.0002675481614879,0,66.72556684068181
-6.615782433864905,0.0008405821273499,1,246.34869064212108
-7.872846800520421,-0.0008917279363687,1,156.49626648914054
2.239646115236585,-0.0014411496179033,0,51.62893091916678
-9.031541135702613,-0.0048449233034757,1,7.087599301238783
3.4138362510604825,-0.0012907343323049,0,64.83966846255348
-7.54244312710223,-0.0004673697518887,1,173.682339959567
8.284577214955874,-0.001834391718722,0,205.7351136830877
-5.334952878192194,0.0011280326311364,0,74.56296024013247
-5.315994511905593,-0.0005551656014139,0,8.017480725517693
8.78152182058814,0.0035073504301689,1,20.77506120269564
9.652453395301638,0.0042396563002854,1,2.0644820024104384
-4.716883415785851,0.000282630157347,1,98.44668588562283
-9.891054887320667,-0.0033679398997759,1,92.70829841125342
6.472605714982208,-0.0007123574748948,1,227.51289489276562
-0.8671805185364274,0.0008063675913773,1,19.054294121743883
2.5716833891916053,-0.0014401082099153,0,57.094649959646425
-1.164309730990869,-0.0002209301109219,0,-0.3484217781505352
0.2289516901344832,0.0026456667508335,0,82.02398153719818
-8.69065313014943,-0.0008872508316756,1,202.43008274842896
2.700392649467208,0.0027898884742742,0,58.485060137381886
-2.6942579083661133,-0.0025646816695887,1,-2.47205538084728
-6.26381460445502,-0.0024539922599237,0,-17.60492135192268
8.54697794628003,0.0014878524530495,0,-0.7121295374805867
-0.3796520868839579,-0.0023336765071427,0,37.205072471994185
-3.134694843961712,-0.0031629129570763,1,-2.294967868718432
-3.2598986437707627,-0.001408266470467,1,-0.7812525891248989
4.616909352230763,0.0017633507233147,0,8.16283082670489
-0.1179250033861016,-0.0014862811306393,0,19.15430326899644
-2.8124680309022443,-0.0011184479168199,1,0.13875056575495215
6.279160134471237,0.0037294382926068,1,1.8811933782800199
-3.376424728242249,0.001480863721156,1,131.81858625197438
-4.6065365564688765,0.0002996641988391,1,95.24774531367322
7.553809016481768,-0.0025309481071632,0,249.83110012367757
3.118214164351338,0.0013375011352992,0,8.414183726623973
1.5986810577376875,-0.000625385141226,1,30.792023266789396
1.1027321678653443,-0.002865702316346,0,87.90632042143162
-9.156480408904224,-0.0022834682244615,1,121.91760470636066
3.12333756583792,-0.0014305553370548,1,113.63024409655543
0.5795223094773618,-0.002776051104959,0,71.68834125877962
-5.740291875918821,0.0015329205529952,0,108.0845798549077
3.3737022868059814,0.0028608605151646,1,15.601508040633174
7.643743056370802,-0.0012574832240222,0,142.29067439291845
-3.603177425458024,0.0004617658802515,1,69.32878472074333
-0.6531380096237847,-0.0007639785699702,0,2.9281659007901024
1.4081042086694635,-0.0024770000216076,1,97.13754703280745
-7.9102677709758495,0.0022582587006351,0,227.77017200241008
8.531092606245402,-0.000160850921162,1,299.15320114677746
-1.128276813032958,-0.0025548350627851,1,22.02883111650873
0.657204905625262,0.0020294245882187,1,33.868290346233714
0.7215634115205951,0.0018019911240473,1,24.479064370227118
-4.339810166414393,-0.0029936557417639,1,-10.447321995423014
7.962610961430613,0.0034674073092929,1,11.219218239515424
-9.157482590391153,-0.0040459584466916,1,36.284145195687444
6.276034516358124,0.0005130628059516,1,123.01377243275886
-7.671612086720785,-0.0047972420898309,1,-14.368152523773368
-9.047583834255038,0.0013373587186433,0,181.450872691584
9.654174723868696,0.004796396200011,1,-14.554173660505459
-1.0482647154596236,0.0020363384539372,1,80.82314824654401
8.543124828357659,0.0001467634475101,1,268.67344331484975
2.1328532678180494,-0.0010909683647477,0,37.40398351848261
6.818790759165402,-0.0008235393506207,0,96.32528539307964
-6.813356946103378,-0.0030464146881729,1,11.008450104253205
-4.825051023152643,-0.0001545391603413,1,74.99494753713773
5.762300077560408,0.002737464467413,0,21.689831192038895
1.7021823664360234,0.0027761192986885,0,70.35824659566609
1.823796057993208,0.0013040176011832,1,5.809891580376549
8.422509387976525,0.0028671854216968,0,-4.536914566322794
-2.932451201891297,0.0013918057459857,0,51.70619188112811
-3.723545969387194,0.0004440645458296,1,72.28881346202019
-5.585644093952236,-0.0013325116164162,0,-5.439230288337471
-0.372932177420548,0.0001922089600137,0,2.281931824912064
-1.9232184355249269,0.0018254592041166,1,97.9906318065689
2.690621848496722,-0.0012588199349335,1,87.80158018253508
-8.352060304848552,-0.0005159336119769,0,51.377351897769024
2.862120471687156,0.0003040195873544,0,10.38972624932138
-5.249681567297122,-0.0015802562949022,1,22.981832932225725
-6.9051826069463225,-7.567833921765131e-05,0,43.42154567816674
5.833155939108041,0.0042371026482305,1,13.519199115762227
-3.2951415642701942,-0.0001516962373897,0,3.8026400037518955
8.668578605646452,0.0015468164432057,0,-2.4429248720363352
7.299206612178303,0.0033292351019535,1,8.64775713523794
0.5217886323801846,0.0021063917725607,1,40.011950740740104
-3.363326394987305,-0.0013216275029332,0,-7.200326517135162
-6.08371611311497,-0.0034056196575538,1,-6.9947872874930255
-5.486739359211175,-0.001167084991814,0,-3.256524089412861
0.6268952273873047,0.0014683428184515,0,21.458285452103556
5.574668123121388,-0.0025753247902677,0,194.03642866752304
-9.746645448969025,-0.0024140344871822,1,142.42330943385033
0.1922322460128338,-0.0014086308222148,1,22.54135704503853
-6.431949237013386,-0.002472146625795,1,19.799195694554992
-4.748432640049347,-0.000523254025694,0,4.508132488790949
-9.526247947060376,-0.0001354509452009,0,97.01863175688482
-4.002716710694929,-0.0033629724965049,1,-9.341511456498663
-0.8812531683327443,0.0009071336578296,0,14.807350182302892
2.242628409282725,0.0019700147245256,0,26.315650169671084
1.5158270509016916,0.0002718252637297,0,5.519520586539606
4.242371259376672,0.0025113074729263,0,28.713232871371442
1.4299220977756164,-0.0020407769679268,1,78.51649816920565
-7.983655752923555,-0.0001018445740572,1,233.6847994464022
-5.181186731113556,-0.001921614300775,0,-12.781119097987517
0.8070335310030892,-0.0015671814320305,0,33.686310880228405
5.4873697011997,0.0007618646013491,1,78.57448924871059
-4.999740382289177,-0.0015562718622113,1,18.67025292855159
-1.1258218248952865,-0.0015346100742962,0,8.81784615761742
-2.967516869625248,0.0006315986876635,1,58.86835081676638
0.716717167753135,-0.0023367242090717,1,66.08302643236763
-0.6254472449626647,0.00278219418788,0,104.9245114663432
9.138623905254512,0.0028150875566725,1,66.98133731276877
3.916719989711982,0.0013065878921114,0,6.732537018137417
-0.8616771545098363,-0.0016987997540216,1,9.962620120161159
-3.733419107149548,0.0018588938682481,0,91.1033727348418
2.0838819347381587,0.0011969413841249,1,5.864506753829457
7.685025659495068,0.0014774739059407,1,110.76869210423902
-2.7155739672113866,0.0016862668793774,1,119.48675012804753
-0.0640477715358827,0.0018784370129083,0,42.52860164556257
1.8163858808987212,0.000445277356127,0,5.644224362559646
-1.3649673997093732,-0.0004956148402598,0,-1.2650960152930235
6.576058270560527,0.0021962687967776,1,36.85402070732758
8.452219537299285,-0.001427485576633,0,173.14088301168115
-8.467966754851696,-0.0028176435148369,1,64.33882878858742
-3.738759889886339,-0.0040999431404849,1,-1.9953406879580449
9.28170372799481,0.0024917196524829,0,-17.883362289227286
-4.491593959476239,0.0011532251959293,0,61.71961636138781
5.780191529073523,-0.0016217311908975,0,129.85076327302414
-7.264426331747938,-0.0020769832762048,1,57.59231600197859
-0.323430008234876,0.0021572282047395,1,64.95662403031106
-2.4287608493203,-0.0024376019791916,1,-0.8249226215258085
-6.309002738184497,-0.0029022487052538,0,-21.763161177787563
-7.857050743719947,-0.0023428780099073,0,-10.198689199455176
3.142017526773664,0.0026837992231002,1,14.499238317658964
-2.0045948392816086,0.0018826278263847,1,105.37814841526799
0.8811296965016631,0.0026558780779557,1,58.0169710272835
-6.921965504958429,0.0028386738786856,0,257.46697140242014
-2.3160685137836694,0.0014377850934875,1,85.66297570575921
-6.748358510305723,8.321835557483574e-05,1,178.53520182111856
0.4403793088072039,0.0009764485774334,0,10.527836697846054
9.554876318356444,0.0044587566139084,1,-6.168212845039413
7.778648479865073,0.0026569770170924,0,-1.2499944480686285
-0.988942561955522,-0.0018173858192786,0,15.43436190632178
-3.669207768925991,-0.001017051106692,0,-6.220272301692898
-1.8383764098140996,-0.0013464173400006,1,-2.5091191913769055
0.870343530197486,-0.0002084793848801,0,6.3603168592400365
6.598740230761507,-0.000370953760415,0,66.07299615988015
-7.301818957144781,-0.0008817265884618,0,20.49012446911924
5.272619074720845,0.0022845862436765,1,13.86224932481994
-1.5230462948121364,0.0025081778024713,0,99.08543199479314
5.873996185651254,-0.0013604639322319,0,114.31193885034108
-0.4582956694604139,0.0019971998497479,1,59.84596533422392
7.074678562550808,0.000394324468661,1,167.25287805402365
9.244244861495757,0.0003622792633642,0,49.591693177360185
3.8130039606423978,0.0022109785425559,1,6.626368383207986
-4.022171049440999,0.0009322983611184,0,44.163725851806596
-5.050449577566423,8.424541612057715e-05,1,98.3550253523492
9.519302633209012,0.0056135887630565,1,-19.355723360883772
-1.951382341919416,0.0017062420543838,0,55.23356635413234
1.0779988219398255,0.0008622563799753,0,7.1940051748932845
-2.662144303091722,-0.0012305743964951,1,-1.9429998560991235
-3.2481567641191544,-0.0023821165590926,1,-6.901364031823951
-7.352985380597563,-0.0023413148747696,1,48.66075459314273
-2.783407153949216,-0.0010733436869293,0,-5.345215419545828
-5.9902401634735085,0.0021976457320373,0,166.2441189338629
9.658747835721073,-0.0021165084563216,0,269.62671343199696
-3.688666158970692,3.11640203766534e-05,1,49.27180751643971
-4.342396324951173,-0.0019139262260171,1,0.48488327597320313
-4.693522209858029,-0.0014130762447153,0,-8.853219593629225
5.96728188151673,0.0029014492888854,1,7.786862377734274
-6.4988623933277285,-0.0034941321621794,1,-4.016600453141736
5.73782197258604,0.0043306920886107,1,17.800119633190373
-2.8958645576071884,0.0021222416484175,1,166.31970680153188
0.2739225422088012,0.002923488973183,0,101.24198403496854
9.792653240503594,0.0028978976663399,1,81.0254074912637
-1.455935062204233,-0.0019461769752944,0,12.125028516164276
1.7007873458144278,-0.0009581467048284,0,27.815934461490308
4.573976525411258,0.0031703776875857,1,8.766589312900035
5.291026349440845,0.0005078802690607,0,18.61284229360826
-9.128519489152954,-0.002421462323099,1,112.11916460053368
6.938611030417363,0.0027054969514392,0,8.456407350577246
1.9292813304291572,0.001043276282958,0,7.776202373451391
7.948497466407009,0.00016532471851,1,232.4097659221943
6.987959723983526,0.0035043819977619,1,3.0815259031338025
1.749160424261344,0.0016620335482972,1,9.288580181415405
9.159747309427924,0.0002294173913229,0,57.14009501579927
-9.776810022671754,0.0028706094381725,0,366.7483809100573
-9.59503040824739,-0.0012009032074441,0,48.84080808101692
-2.887798597502453,-0.002653538632069,0,5.23491682723163
5.147459329139824,-0.0013168215885949,1,202.72631226693878
-9.68492562338259,0.0014668625842419,0,213.93534131369466
7.953354463460549,0.0018894342038522,0,-5.636550372852151
-7.307721497288124,0.0013832709314145,0,134.52341621096627
-4.8772536328985705,-0.0021691541554726,0,-13.45452849419058
-2.229986771398309,0.0025107046400111,0,111.36152383043444
6.474106963295576,-0.0014024003669166,0,129.34747675570188
8.657513157029879,0.0016396183415801,0,-4.559446444941142
-8.80159521107607,-0.0016587572176611,0,18.010853601124325
-6.660879235491073,-0.0010263727553166,1,91.57528200728433
7.571784548175415,0.0048298299676655,1,-0.8233694832936638
6.235764535259921,0.0021862900736766,1,30.608361106447614
-6.497075817423852,9.978359366267793e-05,1,166.5052586448984
7.453049360256571,-0.002542293787739,0,247.79997419528675
0.7003517885232409,-0.0020981854121964,1,56.615286450252
5.182037044973441,8.855839830467834e-05,1,107.13504399616522
-8.31154566467669,-0.0025120726150785,1,73.35219764437485
-1.1641035935860202,-0.0019481814721154,1,9.460974822763408
4.161377041684236,0.0013458048593231,0,6.501263852901823
-7.294273092181765,-0.0024138031906219,0,-14.786622889213803
1.5649057083136435,-0.0018340985410675,0,55.213422106862886
0.4443835454219087,-0.000336091506241,0,5.313201858889087
-8.299348527557992,-0.0039246864423598,1,17.447192376395805
-8.753867958249192,-0.0009258346536188,0,42.65000289797506
1.3469663994735566,0.0007319259582327,1,4.872956818383285
-1.4841252164742986,-0.0014294319258625,0,3.9928147065321546
0.1012022800718721,-0.0006042064213055,1,6.391177769893287
-5.082148631417265,0.0015821271637524,0,97.82844582051169
-0.3821177492614431,0.0018035959645618,0,42.31814978618451
5.241155848523549,0.0005239312304021,0,17.93935692659762
8.075401725689687,0.0039112272245248,1,0.1246631605740045
5.597752394400272,0.0038836953691908,1,9.23202787119823
-8.519163126489492,-0.0035509251302839,1,35.6935351163579
2.136284821168424,0.0013149956518967,1,5.837557899555286
8.278127548860471,0.0013779808709523,0,2.5119364322818276
-8.339646142385796,0.0004040777974574,0,96.71362852578972
-3.678051932785012,0.0001871039959587,0,13.878889474118552
-6.927542118371644,-0.0030653329674335,1,12.708527578254548
8.69592737124966,0.0016645521324207,1,136.85520585162706
1.4592037354687584,-0.0004137387403242,0,12.95626536074195
8.532154532871527,-8.637712491382066e-05,0,71.48521758259062
-6.559777238862113,-0.0040061811909404,1,-11.904132418725142
-0.1104527307290741,-0.0021201836650207,0,35.64065846122025
-5.363437718955046,-4.500223446418258e-06,1,105.05537302340238
-9.613880557715271,-0.0046503034715356,1,28.09892030693394
-0.8312238252209099,-0.0016372543155096,1,9.407147134392668
-3.881428757798913,-0.0005510522374959,0,-0.5085275337360322
5.046254097374073,0.002997316000177,1,5.208242159024492
-6.174702037611137,-0.0001986368241058,0,27.81227108417233
2.497944392055162,0.0028421351960354,1,28.586334441744246
4.950590197222271,0.0005493392318446,0,15.898907726190862
-3.4969821284970486,-0.0020988088781008,1,-6.412985864098914
2.6226923050111424,0.0027087659962907,1,22.11015065526592
3.950696877974096,0.0022671360221102,1,6.6175378057106515
5.904441219299127,-0.0003212180913704,0,55.05216905728216
4.525695354955134,-0.0008313569243268,0,61.13655627871096
0.6778904865533324,0.0021972153212425,1,40.46283776043809
-5.465999012137674,0.002005564909013,0,137.1905547018322
-3.849063410658817,-0.0004920687458367,0,0.2987082960161822
1.5972967139291685,0.0005761152405809,0,5.18216797914349
4.767932076141573,-0.0002597929253137,1,112.24336769805609
-2.5084727785771594,0.0012504741325268,0,40.01811392356485
1.7077524486910374,-0.0007341815049176,1,36.63507785209374
4.349170047137562,0.000995487358234,0,7.319662595119798
5.4362677341830405,0.0018417883829465,0,5.456644221707506
-1.691866480907823,-0.0014124712755084,0,2.0939824815948076
-4.226320308615737,-0.0016662501022204,1,3.849897373187426
1.159019072809663,-0.0023067908372413,0,65.87798070917503
1.6083634792367345,-0.0012230997634277,1,51.11291951000434
3.121890292741988,0.0029152478450273,0,60.38754288707631
8.211660348714748,0.0016048239782254,0,-2.5617172707764597
3.7313754415815854,0.0019029065129929,0,14.790973108863218
-2.390867887911696,0.0009447125130077,0,26.746908153905615
-3.3863917798724703,0.0028256564931781,0,161.38915343898228
0.3768553662983791,0.002152570272096,1,45.54693959609734
-3.9141888908065408,-0.003076565976036,1,-9.31991277792709
1.3755609685786787,0.0001481671855873,0,5.730356008300793
-8.981148323854299,0.0021485828720407,0,253.27411161843398
0.3725948325093071,-0.0002238073604226,1,4.931035546742521
5.451550182112403,-0.0021556280589574,0,159.4577894223088
7.807601974618464,0.0020416698678711,1,76.91507366906254
-9.311931758964814,-0.0043993540005051,1,28.199920309379763
8.403216269088166,-0.0012136103986466,0,153.78607916715623
4.217812528295941,0.0025984517925006,0,32.322791654072276
0.0181596406269246,-0.0015468941840474,0,22.263329091398084
-6.296642438114473,0.0024701674353336,0,199.90857355655035
-4.983011738250756,-0.002781716514241,0,-14.910763832706678
-9.945162300854182,0.00104216512758,0,187.70121310460814
-2.239216725406095,-0.0008629931107969,0,-3.7171649056967544
6.868956963611112,0.0006217438446883,0,23.20433180258368
-5.090679693504587,0.0015866816210497,0,98.30220213015414
4.921160928885499,0.0001849973561521,0,25.507413336241648
-8.103843815793441,-0.0005777416011037,1,195.61292758569778
-2.76619252464795,0.000411614430974,0,13.318772784400354
-1.437367115623406,-0.0025029703438586,1,14.688710141623678
-9.010193462595062,-4.1572574268239374e-05,1,310.38584477699567
-4.99505333740899,0.0010002596101405,0,61.75584392816547
9.803735933415927,0.0004054276298608,0,50.47791782143636
9.21650631452989,-0.002562048585912,0,304.40400918545106
-2.5933890400396717,0.0019623045688927,0,78.98016862649152
-7.134307738905115,-0.0015040253138018,1,82.18947831198804
-2.9494829023248865,-0.0025470889023546,0,3.1041559240771996
6.169636722323077,0.0037888434271495,1,2.73435165185598
9.466389058985566,0.0016781628984117,0,-8.295256986469003
-6.189666392490773,-0.0003831227217461,0,21.836978769845096
-1.8196010586618636,-0.0023109021367539,0,14.072671600349292
-4.544932607694205,-0.0014792731763222,0,-9.467756064382582
2.63139733331678,-0.0011632292939468,1,81.05075147991124
1.7944314712515883,0.0021728064183109,1,19.163081217810856
-1.703994725691869,-0.0018011222297799,0,6.942609361513875
-1.060998923098763,-0.0011949220639832,1,1.4470646659260762
-2.2117897120361096,0.002165738842905,0,86.21929089143714
7.123932632336995,-0.0017184564426227,0,167.6406277910409
-3.1141873233720414,0.0004163623646891,0,15.92095807019204
8.499474529049266,-2.1691606758625143e-06,1,281.01091552364664
6.631693592639575,-0.0003474343795876,0,65.19501104618799
-7.611518243667403,-0.0049197897430849,1,-17.206314530518657
-6.249124057198198,-0.0044906125336126,1,-19.155446483254867
4.776420996348188,-0.0007188021305078,1,141.90913637964178
6.845630414633646,0.0031807914329476,1,8.455669063428637
3.823177444950439,-0.0019117865360607,0,104.57578175457323
3.633623688992064,-0.0010647822646794,1,114.0404360675968
-5.73996951038807,-0.0029652264668139,0,-19.925849928369605
0.8104471613009157,-9.722704049035476e-05,0,5.128969311132078
1.6560831174132495,0.0015268433567925,1,8.11970407787555
6.298050941678458,-0.000980714029613,1,240.27286863700527
-8.407552471212586,-0.0004671552632394,1,224.1725461474054
3.3733051435239325,0.000755669096722,1,25.644580248873776
2.4195616131397597,-0.0002914192384215,1,38.800150291399596
9.126741070317047,0.0013652060120723,1,182.55644030820258
-9.109439287917509,0.0002573694886448,0,108.04251301132945
9.5725433459387,0.0001909531608001,0,62.86407670019469
4.539098372269883,0.0034690021837976,1,14.355228647794995
-1.0825155434447904,0.0006525819569787,0,9.923790970049861
-4.13343541311553,0.00187800382094,0,99.68713517584791
9.510359825506336,0.0054575886757542,1,-20.08107354841416
5.000540308085224,0.0007893042645905,1,62.23061528364598
-1.887556582403331,0.0013990208848344,1,68.7895324302815
9.798043193670235,0.004851388190688,1,-15.647088822426742
-9.784543756032392,-0.0013522248403064,0,46.85894947242205
1.5838483942336463,-0.0009691925936347,0,26.73582385999334
4.2200031729992205,-9.756507945008844e-05,0,28.583206536842397
3.761002736502057,0.0038201304683419,1,41.14922634341978
8.210531206498871,0.00085845655082,0,19.708474066908483
-0.7718977737047048,0.0024043217677521,0,80.3246630577014
4.189340270566877,0.0007643776334226,0,9.323362818841428
-5.347111609937613,-0.0003520143274381,0,13.543061157420007
-5.747868238964795,-0.0034342937848399,1,-10.097179863593016
4.334524680117156,0.0005711556976425,0,12.722540656252002
2.8533175214243105,0.0006638606789702,0,7.010481391180182
-6.49574060152627,0.0023387211906775,0,192.82266026520557
-5.168031625926965,-0.0023760733003847,1,1.0770960509362275
4.736013806971348,-0.0026283941606819,0,173.3940858442582
7.621170933723146,0.00072151559569,1,166.55512869599087
1.7634443232788062,0.0013067402063839,1,5.902528931821058
3.0721072301814285,-0.0003364580391193,0,25.08085693648467
1.4431506913483858,0.0020407358759849,1,20.495330274345555
-4.774358605524435,-0.0017630181897891,0,-11.437173842861764
2.15581984492516,-0.0020835713132347,0,77.20423711287398
1.405510062965492,-0.0016724429844273,1,62.38492819782348
-9.528860104673477,-0.0009051528996395,1,253.64902616777061
-1.0988592429281283,0.0004454293721627,0,6.145453814541576
-1.864998926694522,5.949661117287244e-05,0,2.3891036573609425
0.3198083706920744,0.0010211531280163,1,9.997310045542996
-7.93059438688259,0.0002892151427934,1,271.85938285465227
2.6030798281916763,0.0005178723770075,0,7.280021006565719
-5.109083878965535,-0.0039150485979675,1,-14.934128550388305
8.06185329505336,0.0003865601384368,0,40.279025864125664
2.3129335428298763,0.0023316504045581,0,39.728416026861915
-7.970382106355281,-0.0013227831299911,0,16.198377673158923
7.543758226196683,0.0013328824218613,1,115.75642038132801
-7.455081556016532,0.0022557977116605,0,213.114335999094
-3.551770609157523,0.0002210622700715,1,54.73164818124418
1.227121502781266,0.0003336235172241,0,4.593955789294545
5.1917834112297605,-0.0003126127606049,0,46.41309320168253
-8.139421365455476,-0.0009089728245477,1,169.26976034472196
-1.913134940521914,0.0022589680202612,1,131.79919486048013
-6.641132922921045,-0.0041630338063879,1,-13.53325028221773
-6.294752081824779,-0.0032176852121682,1,-1.2725817444705267
8.457917312534548,0.0004682078215971,0,38.67063628916068
-5.829473198355082,-0.0027788573951305,0,-19.37696103587403
-8.994562956894214,-0.0052561928381903,1,-4.955350306338145
-7.126143952329118,-0.0047610438589949,1,-18.64354811678799
-0.1304262152916635,0.0005216628694648,0,5.093846479540274
3.5966933175594225,0.0034180806427204,1,28.267572537142673
-8.134835448161189,-0.0023348673150837,0,-7.856039977785802
9.081637524943275,-0.0003076408315797,0,92.95965901190834
2.0366421110283,0.0015546027436869,0,15.879852736506269
-8.48544790240548,-0.0016265318525211,1,133.12652251305124
3.764150222539026,0.0034148430877688,1,25.00853298963159
-8.950989282843967,-0.0034024860563974,1,55.11298147857497
9.956954489821555,-0.0017387914546956,0,237.3308595224082
-2.609559155628678,-0.0021598038061055,0,2.2398118977583974
-4.104707447843281,0.0003499625509387,0,22.530639709194745
8.340354583643315,0.0047426132041722,1,-9.694237360504554
-7.841406156425748,0.0005482759366095,1,295.5517184974911
-5.097841166526673,-0.0002514418050516,0,13.954151159910774
8.979846400344641,0.0025543116505596,0,-14.670482375764575
-5.341748241880316,-0.0020811174502643,1,10.138421084219894
-1.4702850175198527,0.0022025965214664,0,77.39501598217265
-9.110653709425216,0.0011631875678991,0,169.62463425699272
1.6970389565705108,-0.0013119161201628,1,57.102400961413096
-4.605689589706861,-0.0030859457257694,1,-10.924187935567431
9.589785563596935,0.0039761765846257,1,12.16542805041736
-2.846367260411049,-0.0031440049400997,1,1.2506859400743078
-7.382309708776913,-0.0034768628630586,1,10.470755739255678
7.713932997964918,0.0023445751143621,0,-4.503090630280453
7.008745932561716,0.0011935683968779,0,7.124772724117126
-8.0139152751763,-0.0039978718024711,1,9.061143868110388
-9.737437373835158,0.0014359720157759,0,213.10063856133874
-5.09457391786383,-0.0041042764341877,1,-15.35993623100531
-7.751775563174408,-0.0025586472946854,0,-15.105760488256898
8.349390708020042,0.0010579716650059,1,172.6142726303713
4.379311474977392,0.0042128156535934,1,43.987970073528594
-4.951857298228384,-0.0026398277894957,1,-5.362725543535835
-0.4221916427370704,-0.0024532559394958,1,36.2575167759974
-6.2827883422547455,0.0006153619397237,0,64.19854847336515
0.2082118939003265,-8.82247536658754e-05,0,2.80033192746399
-0.0022824999934485,0.0005974139941648,1,5.815673301345619
4.597189257103302,-0.0017325674664784,0,111.12394225463765
-5.597494272300974,0.0005036301686955,0,47.32783991536803
-5.853303579904567,0.0016813180654889,0,121.1653316102819
-2.8090915291874463,-0.0017142276459249,1,-4.914970143451773
1.789876598770304,0.0014463204587161,0,14.626938089193494
-5.8782603627562064,-0.0024428960670113,0,-17.25312629794445
4.437667606696923,0.001559663588875,0,6.934093188222323
-3.6066211263111247,0.000969470213701,1,102.11055436871084
0.0066961132428531,-0.0005217877777681,1,4.625153798366371
3.140586710893018,0.0007261667461855,1,22.47601212588017
1.666814491429342,0.00271295102585,0,66.93514508160413
4.488772415470141,-0.0014509229260874,1,177.89609694022133
-7.39396698561146,-0.0037378998085525,1,4.001961507211928
-0.3788851730700244,0.0005089424257879,1,6.979990206600334
-9.943939071089334,0.0006322700535704,0,157.07900173862086
-9.657256326442187,0.0018994186133004,0,253.08821574237686
2.040814722429092,0.0034239506760997,1,68.12538187934493
9.722450388273806,-0.0005338268566678,0,119.00137137083425
7.752966583486142,0.0001208971100193,0,51.68935874036215
-1.8658558806344985,-0.0001795551431098,0,-0.2830805699238188
-8.520531135855363,-0.0010317784941819,1,180.15799957483472
-5.906987603864322,0.0017413265004695,0,126.86481688182022
1.9579540728731324,-0.0027295945628306,0,103.19268132845716
3.247912614444301,-0.0024240243642658,0,119.91570488681216
0.0135928950223007,-0.0025731151246162,0,52.09979072485972
9.462026856332198,0.0022007090095376,0,-18.053441733418367
-9.74908799586612,-0.003486581875727,1,80.83672733371111
1.3661549878759054,0.0014713815686385,1,9.183587526151081
0.2119557755068353,0.0005589154700369,0,5.063478695002606
6.309924395633008,0.002168359074789,1,32.69358304596116
-7.962469936247889,-0.0005426407270606,1,190.5923554289681
4.530481700017802,0.0032524549061919,1,10.331497713124689
0.5953040902264064,0.0028616449150864,0,91.69653186212787
0.6839965335435938,-0.0006348975164146,0,10.637591094293862
-7.638090761192606,-0.0021448865781284,1,67.08534031712665
6.6064774159487705,0.0036032788132903,1,1.3237082223305277
-9.655713636678914,-0.0001286745041838,1,348.8820089729747
0.5673307680304536,-0.0025255162389598,0,61.891629561584686
-8.293480503776326,0.0010260429883339,0,135.23975961603284
9.104997853614748,0.0047787696925051,1,-13.728623741578305
-1.8030167530964183,-0.002226943021255,1,4.35890928212299
-7.326315135298744,-0.0034873934702314,1,9.100126101386962
2.977311508194731,0.0027577572458785,1,18.271217841976387
-9.542195657552242,-0.0052346461565852,1,7.271142381586455
-4.1822780856934045,-0.0005087046712233,1,38.14452946985713
-8.760688536867512,-0.0013389140209067,0,27.763890618101467
4.72838737299355,-0.0006910019907286,1,137.92357066360202
-6.356143283062822,-0.0019430481955449,0,-11.278376473803847
-9.568109066686157,-0.0027009674178603,0,-2.1272574915862075
4.126526373224095,0.0002544547881473,0,18.195783880491266
-2.150838783638129,0.0019933802914465,0,74.24789749011367
-4.84661956783512,0.0009910798074581,1,159.9420508902142
-4.392989665495652,-0.0009318199208806,0,-4.187919550954285
2.1241499304026767,-0.0003218860817282,0,16.43286294453508
-4.788946515704177,0.0018702852729069,0,112.02161061953942
7.887750600877336,0.0023450310915497,1,60.90525621769216
-1.266673791400052,-0.0014061173300187,0,5.591006695846534
-7.203820632418568,0.0010925249400309,0,111.59813975839592
-4.980446753790131,0.0009925392369893,1,166.93930420805117
-1.071702520108456,-0.0024743063238525,1,21.43251414276456
1.262366850833773,-0.0024298650891732,0,73.10046177589226
-2.198026832022575,5.393886346589664e-05,1,17.727958735258262
3.751144994360743,0.0031574637067435,1,17.703348420015573
-7.402227772545267,0.0002880492708211,0,69.2900051055577
2.904567587809158,0.0026490064216518,0,48.54149314018334
-6.726370602281735,-0.0038226327839342,1,-7.327432601807567
-6.098114814663653,-0.0024817504338646,0,-17.80936206512452
4.147993236800737,-0.0003407642804583,1,93.23320247423081
9.14683612112112,-0.0026295979363195,0,309.4593122326747
5.331415736230019,-0.000449629650863,0,54.19903041567021
-3.4220601956035352,-0.0010609244530881,0,-6.426873252690269
-3.710587348092624,-0.0018919009744511,0,-8.316400272452956
5.6709863721655225,-0.0028634120696599,0,219.48632284267734
-4.213394834074142,0.0014695793389339,0,74.89172868741312
3.056600996068653,-0.0028318301772629,0,138.2473629191362
-8.612474410469911,-0.0045258130549663,1,7.0217071665621535
9.585198823128284,0.0029914973092245,1,68.04676209225627
4.35356749729781,-0.0028430332380702,0,176.9545283188151
-4.187663165278119,-0.0010718117712113,1,18.106679537365128
6.407328452488606,0.0018003574808354,0,1.3216632602825633
-9.095173700373325,0.0009758880248937,0,155.00998193089822
-2.5250502001281454,-0.0005089148479556,1,8.053954586771033
-0.4338671860700511,-0.0019328432757532,1,22.36454293213552
-8.128530938305472,0.0004685164767413,0,95.27800325513022
-9.37178476418087,0.0005824637275662,0,135.87664750053995
7.57350586368532,0.0023974498306781,1,49.86170542374165
4.412591014808044,0.001974501747985,1,11.656325184097733
-0.9084960287989894,-0.0021618251485365,0,24.060023983758363
-8.470500506606486,0.0028715549752004,0,314.91314431681394
-2.373852371541359,0.0028748372530074,0,144.50736206792567
7.018592996999121,0.0010833293489648,0,9.71411524504949
-0.4776775398190107,0.0013564112955059,1,30.592971262711632
-6.677720063669876,0.0024961471233039,0,213.47487213934318
-3.168971258400866,-0.0004029897502092,1,20.280344641335198
6.206381707729843,0.0002028630353584,0,34.77185403221008
-2.590031268998336,0.0027626537255301,0,138.9130307139623
7.468286270187647,0.0010387095032378,1,134.53529165425584
-8.766480104850539,-0.0022586446604399,0,0.34315511888763695
9.154245594199455,0.0027179383013771,1,73.95986156108935
-1.22961350732451,-0.0015180119628972,1,2.8219988216856904
0.4675013292037739,0.0020086032813398,1,37.01713684052438
4.237229025811482,0.0027273135849558,0,37.568585828446345
5.518254322385428,0.0036588006726735,1,6.686683058813186
-0.3144078513731898,-0.0012980362164671,1,11.378020964294572
-6.693529375417981,-0.0029972121336444,1,10.066802664748655
-1.6058123890810592,0.0003358993794707,1,16.702740026320807
-6.453831107220469,-0.0006554274126554,1,106.66303530280805
2.538471373831236,-0.00114558617701,0,45.04130364702693
-0.9428426743175676,-0.0017451223919596,0,14.575715799145824
8.731682420369914,0.0034530630886277,1,22.369019403628812
2.2098380743269352,0.0029565349828175,0,75.04088642030229
-4.010906374015546,-0.0002144712725061,1,46.58836114281498
2.2501055547264457,0.0034271217519476,1,61.8906708317408
0.8562805992187084,-9.828234961020856e-05,1,7.896884031549993
5.855746340196848,0.0030242895645598,1,5.564992483482065
-9.843563046144324,-0.0016120456816399,1,208.684725328707
4.478688270127336,-0.0016525079612389,0,103.83963188714901
5.829534581090471,0.001979534710427,1,30.781839015256896
4.562348059494106,-0.0002623438566677,0,37.552399581751395
-3.747410331548979,-0.0013055844945151,1,5.536441613414892
-1.2769346158328505,-0.0008456607556868,1,-1.0309113138095496
-8.561377298532946,-0.0011120799482436,1,175.80872687154925
3.17329434742188,0.002845694264912,0,55.79491224057646
-9.289087104817767,-0.0029362271962274,1,90.05327576198351
2.239392562621948,0.0029621629857413,1,38.6306317868853
0.8087842648006394,0.0014170097007154,0,18.900269391210184
4.081531896400179,0.0003055498327509,0,16.762261586454077
0.7655814313415554,0.001863309402417,1,25.75363440270418
7.033099923719217,0.0037530264529146,1,0.023540976436563277
1.4165994943555127,0.0013595119544856,0,14.410287867014757
-0.7826147118582902,0.0015460598674417,0,35.09120497038439
5.517771978782392,-0.0024309336255014,0,181.4552640974274
-7.217071062259171,-0.0020137952321545,0,-8.106795365061378
-7.763200623237354,-0.0005707105067811,0,38.320816196183856
6.8632623862894135,-0.0005738470405618,0,81.33068762600087
0.3148333744627187,-0.0008704143947899,1,13.129465380480928
5.180124365230894,-0.0002576638424789,0,43.95790045414452
-5.110599424981716,0.0011744773875259,1,191.29670020219277
-7.295406556112274,0.0008541584775048,0,98.55167114543747
-2.1671805560140527,-0.0009891420630535,0,-3.3731419457228595
5.704537627798414,-0.0011867360221534,1,223.32952270692576
-0.7987616133913207,-0.0001240503693039,0,0.4597676134237594
8.084315721405595,-0.0009843632383365,0,129.28270036019836
0.2870984698690932,-0.0014701286200006,1,26.048857701838436
-7.447312573440037,-0.0006275079795539,1,155.4122136960164
-8.251091595799789,-0.0024301345898006,0,-9.009367110747258
0.5979392322943529,-0.0019388156361468,1,47.95177667619147
8.743948817236028,0.0023701572113996,0,-12.959083773164966
0.2773911933380386,-0.0024576111996597,1,56.38638402624619
-7.319411074438424,0.0027913648602631,0,265.05212091786285
4.532031344734293,0.0018948939862583,0,10.348722108710632
-0.1033895591872102,-0.0021723947410924,0,37.28712858051681
9.654496699330362,-0.0011097558803245,0,168.66085010290934
-9.246448250299812,-0.0018058688687885,1,159.10893316534282
9.551054747906484,-0.0021804962906073,0,273.47337967734967
-2.746006724651373,-0.0022343895411136,1,-4.7440099340370745
0.2420102837051025,-0.0021915037883365,1,46.29074206572447
-6.175841359901897,-0.0037648891858826,1,-11.454921090666986
5.1199609131847,0.0010543942143261,0,7.628368829627866
-4.955461442113727,0.0022863412135647,0,148.5943863587728
-1.449567261209047,-0.0015869893119672,1,1.3112742118386476
4.407488101847168,0.0009962510898116,1,38.27969099901737
4.044881001814989,-0.0007064685870117,0,48.89581045251199
-3.6254101760555058,0.000897991361557,0,37.731397296549176
7.214545314124052,-0.0012523092009388,0,133.3743609714796
6.776375625760945,0.0016587919474897,0,0.6044720692924324
3.9773172291303176,0.0001474633981596,1,62.7920389635221
-8.527418715553,-0.0002868996617038,1,249.83434697019814
8.385669656950189,0.0016067192863691,0,-3.0692868857182454
9.123144435758627,0.0022802429416505,1,104.6847965446976
4.077585548854945,-0.0026169547557647,0,153.82272142512406
1.78203395523928,0.0029436363820685,0,80.15436141238538
6.2203396834335365,0.0031250875408123,1,5.666711167379491
7.960205398198166,-0.0017070116778842,0,186.4592882703478
-7.541052344466436,0.0020859934408434,0,199.560672028069
-0.7413652829030415,0.0005360531873232,0,6.589672647873778
1.216489786151742,0.0020602470938905,0,38.2938496182232
-9.002282919013851,-0.0004705254979286,1,262.4432268854955
2.189211118638696,-6.66102275531446e-05,1,26.8251267960593
5.061816706308767,-0.000285557402074,1,125.93595922473298
-1.94463883903666,-0.0018797005664828,0,5.556007055289358
2.3966468340637253,0.0010390671760055,1,8.225812383179596
-5.954493973774242,-0.0019173269993217,1,27.27792872485198
5.736821448060168,0.0005998027270612,1,96.57245247314597
-0.1142328200940454,0.0027298633433742,1,95.4308036514409
0.8336022474719691,-0.000815790218365,0,15.156532849879358
7.515344651377546,-8.481070538775051e-06,0,56.48144936233317
1.3141517488057968,0.0025302836490201,0,60.61305129283941
-4.811174452382248,-0.0021387490292864,0,-13.14796008652021
4.068923877128704,-0.0029443318158546,0,175.1411338448634
-8.870012007949601,-0.0012108664886309,0,34.164033234742334
-2.1660695707004667,-0.0035121715493132,1,19.32211280518863
-7.119298626992321,-0.0020012184013122,0,-8.495526548903873
0.426339575302455,-0.0001516680943618,0,3.8638325325294787
0.221671228109832,-0.0024790182950946,0,53.108258820556856
-7.281390497660343,-0.0034916105439355,1,8.137792760825626
-3.0844974156982152,0.0013030089987049,0,49.31034059452503
6.446170132513384,0.0002405975290423,1,149.9198049957714
6.243949302359418,-0.0019849022718152,0,167.08345975864734
-3.844485605601098,-0.0011802085407084,0,-7.344313138261857
1.8741107663580416,0.0011491501707598,0,9.140018647230484
-7.290989434631507,-0.0012298633482702,0,10.2827288227884
-8.215901334043052,-0.0009537567975061,0,31.93863109718538
5.047919061177247,-0.0004982267979957,0,52.87752292507339
-6.788542313840842,-0.0020151561326995,1,45.520506758368875
-6.016197489750645,-0.0025567360407617,0,-18.347105814527005
-6.006134398175589,-0.0011956672060467,1,58.816166074888606
-5.9327157333556695,0.0007517865316751,1,195.8243271705169
2.125137997617177,0.000775929462251,1,8.985789742983362
-6.155235736797174,0.0004775996670328,0,55.184073322777486
2.5535495776289263,0.0003954943990687,1,21.190330877364605
-1.7479464602586088,0.0020130360442327,1,105.01202756829045
-2.937139372813037,0.0004550204397497,0,15.68868530717682
-5.975362295749256,-0.0007006140742746,1,84.60942683640258
-4.849200531179081,0.0008007993092564,0,49.6389919447851
6.274295999037459,0.0011073702808147,1,84.66882123645522
-2.2001718399114427,0.0026793263047666,0,124.28892327722627
2.393620846144476,0.0027936493293597,0,62.51962092755875
7.890455851577197,0.0008284569341637,1,170.3998668961718
7.137918143229221,0.0018381386819207,1,68.91106110253423
-9.330771796237308,-0.0015526076050673,1,183.32544892490805
-2.344210499625268,-0.001378207624482,0,-2.6962079348182924
-4.846553038501069,0.0006807925784466,1,133.532421593338
-2.064656543395545,-0.0017247729139918,0,2.4170721439797354
-6.169207350421042,0.0029605413486919,0,247.77922043954817
-3.596003488449364,0.0018642908677193,0,89.060562655963
-5.339186723352471,-0.0014373240162613,0,-7.842198481643653
0.1133462839314152,-0.0012228046486926,0,16.13885548746439
-6.51039963255482,0.002234197372907,0,183.44600943756913
-7.146927538938346,-0.0009248942491382,1,118.77282178925188
3.915369170858176,-0.0005578615215177,0,41.37619442925252
-8.51561024344459,-0.0049855369552887,1,-6.659631962854734
-7.323198943310647,-0.0021814166721737,1,54.733342225271436
-1.8689130134515164,-0.00068377904424,0,-2.642811749660856
-4.182300190542485,-0.00101553170663,0,-5.686564076321288
1.1678695419442775,0.0008774538922878,0,7.220835124264965
-3.4374480589505367,0.0005414743530076,0,22.45743868491241
-1.104443598241744,-0.0020721540937856,0,19.19352266443759
-0.4950616176141746,-0.0002838244505687,0,1.048752192815209
9.63303491493102,0.0056567312940702,1,-20.673043078700637
5.96555318869736,0.0021155903870867,0,5.479261963234466
-7.892818495505434,-0.0022305257474542,0,-7.56600453840155
1.6072284608243788,-8.810138897432659e-05,1,17.2282144030793
-7.070161578957739,0.0008347908811586,1,275.7166100209151
2.931883095940828,0.0034705797182957,1,45.3711183233035
1.4672229590065005,-0.0019158849545351,1,74.46629212416042
-9.981444851689751,-0.0023417276941372,1,159.74470131417118
7.028355649896355,0.0029158620550403,0,13.430144486433242
3.839076690086969,0.0009702742428157,0,6.965407592684846
-7.782213083849417,3.2729474915402635e-06,0,63.12429112125863
7.215213782954859,3.916888411497405e-05,0,51.05012295228874
-4.136389518914927,-0.0023581503967344,0,-9.669339565592749
-0.5438388326998762,0.0007030367264606,0,8.847842432621793
-2.8594166800661487,-0.0024222631964866,1,-4.729874096333975
7.915508137004299,0.0028392383822054,0,0.8984165650612166
-9.296586435129765,-0.0041319971515584,1,37.30244988426277
5.328033481305468,0.0036232222426389,1,8.031409945975067
-8.483694155376975,0.0027860828065206,0,305.18731127026336
0.2297007691566754,0.0007807113115156,0,7.857179617243659
2.3302470283956502,0.0008555971948858,0,6.224926723389873
-6.613553638230078,-0.000192720920539,0,34.219359486317444
3.821151252583197,-0.0005432950065019,0,39.70978349995129
-1.1776676928043202,-0.0002510024781422,0,-0.4702142372759597
-0.5107498034432396,0.0014726047042214,1,35.859287555132326
-6.712714678217684,-0.0001852769449292,1,153.61313035641427
4.5182422496098,-0.0011024922351815,0,74.35133649552003
-2.604962444578192,-0.0008293584862337,0,-4.466770924105281
9.720543564116904,-0.0022118037071401,0,281.5897804458119
-8.558532211052317,0.0003563513864437,0,99.42261995885784
3.4218917427451814,-0.0029528212479057,0,156.10979338522722
-7.9436878119838035,-0.0029934715131869,1,39.9352808074954
-9.537969977176576,-0.0025366130113452,1,124.16966297201122
-2.361149067844477,-5.6214227367843934e-05,1,17.11823991146162
9.341129687871486,-0.0013169235701349,0,181.81328807930396
-2.7209947615844854,-0.0001303822321368,1,20.89320707486076
9.399223845003544,0.0034569371503055,1,34.63177985263929
8.335302332867993,0.0019225610216436,1,102.77096930119748
-1.0819598306340517,-0.0027893607539279,0,37.016414506343686
4.953104775753591,-0.0028355312338017,0,194.77406076983652
-1.7724112856703211,0.0002516832247356,1,16.82541324214132
-2.0355408237805843,0.0008986380262333,1,46.44169367246237
-2.365175497925362,-0.0016413904114562,0,-0.9258096298854293
-4.699084176488373,0.0012638265625627,1,177.57862573302612
-6.81483549213586,-0.0027516938568303,1,19.49950223485551
-2.8334600396762166,-0.0032777886300334,1,3.0128843716320106
0.7751474636402378,0.0014592547314123,1,14.330144659414746
-8.838117386214591,6.953896329638999e-05,0,90.37216724424738
3.8010173822097855,0.0009904505589664,1,26.442581067753153
-8.513813116543403,-0.0054711218855877,1,-17.828253952007355
-6.512060958593475,-0.0040549433738807,1,-12.974795614056626
3.1469374731352744,0.0004155347803135,1,31.537350924337638
1.276731153756419,-0.0006350956768896,1,24.44629124902394
-8.412327796031335,0.001415473422293,0,167.95132653997942
5.325358702926762,0.0012029873913745,1,51.594534622780124
-9.546688139065552,-0.0015674470568831,1,194.6319537886868
9.987573013238173,-0.0016912026742837,0,233.0859429621643
9.363829268729296,0.0023252468094685,0,-18.235561120146954
7.753717614173322,0.0019334874617814,1,82.09905402024452
2.606127582571574,0.0020769345584839,1,9.187561831727091
7.323282306150592,-0.0024802426392095,0,238.21266235684698
-0.9468922142152324,-0.0027263752078911,1,30.3582642154496
5.7632451937776334,0.0013595061950116,0,4.707506126469699
-8.81422478899111,-0.0018737743573938,1,132.2482100987566
2.276082339166969,0.0016185567468895,1,6.565839649493893
-0.7556439419985566,-0.0004339610049661,0,0.5276604543518213
-7.918902570713133,-0.0028722296308025,1,43.9622083090929
4.055188661169321,0.0008186101519873,1,37.08190594957918
-7.66937242326626,0.002603061387901,0,255.79078449310637
8.079342407029284,0.0005379175011826,1,205.27810659818755
5.491150349731678,0.0007328094982461,1,80.31227711495995
-8.44798917416857,0.0011582668357202,0,149.1780314274828
-5.3212348568064805,-0.0014189079621008,1,30.198227465248372
-1.624999512625953,-0.0020965305909417,1,5.025721434536454
-4.735414482659326,0.0013001167390585,0,73.85377832654629
4.256053604311276,0.0033532925866112,1,15.500885327948383
-7.804841608231872,0.0024459552953521,0,243.51184063107183
-3.136241447755747,-0.0016942872246097,0,-5.758332642521568
-8.018826930223433,-0.0007222454076832,1,178.18851015551326
0.796750417259652,0.0008228512107082,1,4.888777274894498
-9.7600774496585,-0.0019854713905208,0,23.195657014576113
3.910458875346405,0.0006102554311208,0,10.48257236870335
-5.943212679884644,0.0009454297748331,0,75.50407508762586
2.1223157594233903,-0.0020824738036878,0,76.45270015387229
9.988726276337736,-0.0005374432996987,0,122.9761396762344
2.556071665920358,0.003420392430971,1,52.74603217152204
9.010200422847245,0.0003910620516183,0,46.35351540237682
-3.470964950720319,-0.0023624519469615,1,-7.466322935606993
3.9848902711422154,0.0010019555796964,1,29.455274487032753
6.859974754026169,-0.0019774774816175,0,182.1338541132343
4.635752871655424,0.0004323678399618,0,17.00389760311804
-1.5378803595916573,-0.0029231086779072,1,21.20807985000794
-7.790922370119555,-0.0017635857217351,0,2.15372368549917
1.6215079048867196,0.0023162454640891,1,26.170410633419213
-5.558461167497075,-0.0004562910732532,1,83.60198048543239
0.5927121195350544,-0.0025289703096955,1,69.3089892144082
-2.939168530025462,-0.0009501804555521,0,-5.391190472058197
-8.168782222007174,-0.0028757891371408,0,-19.014393302822043
-3.237887157744666,-0.0027246161692352,1,-6.110182809214873
-2.162597112454589,0.0022269362621244,0,89.56813206469167
-5.918074070397394,-0.0019921330028778,1,23.9068131109397
-0.1735191569439074,0.001382184287807,0,24.112134795443996
-4.911400421013181,0.0011695169429457,1,179.90535627284856
-0.4435091814247212,0.0007455055364777,0,9.287538404785138
4.187009803762338,0.0026147215016926,0,33.29421034346777
-8.951556628594178,-0.0023319401462472,0,0.5734193017192304
8.050287143769989,-0.0009963011414386,0,129.6030351516892
4.765919566651249,0.0035718187402619,1,13.618650020809575
-8.992415773801032,-0.0053058278133154,1,-6.292167942537787
5.024594419972582,0.001880225187815,1,20.73494456961361
7.181947708205701,0.0014090419146584,1,96.99488338984946
5.324292100825755,0.0002174372950085,1,104.66504346943739
2.3729999666654766,0.0025959580996054,1,22.657157191962366
1.0867408840077868,0.0003110626897064,1,5.715399991027516
9.082394897619054,-0.0018521278511176,0,227.36475259003282
7.925560597671804,0.0003985548044856,0,38.767542333782345
0.8275160314923102,0.0006775828957774,1,4.098466264974135
-9.612236891932632,-0.0014367462388446,1,209.6384770755954
3.040606517521141,0.0016385620040847,0,12.951863952952104
-3.1717034306795817,-0.0024984772995512,1,-6.412275610634103
1.83095229247553,0.0034548402617314,1,76.92697455676239
1.4230682651158428,-0.0024136071605232,1,94.82889564327158
-5.103499040726492,-0.0033392754769256,1,-11.926179636721589
4.129165303078439,-0.0028685572537191,0,171.903488408963
2.0461961199869485,-0.0003533792958695,0,16.449876590444482
9.945371515025382,-0.0013986173930087,0,202.2711257352383
5.29095809678183,0.0006140626150938,1,80.30827125352747
-6.598802836018858,-0.0033883081078418,1,-0.6232507679190649
-3.33325706924648,-0.0007027054157021,0,-3.7928697892210357
-0.1625069631450983,-0.0005916625715943,1,3.840596370334148
3.697800111849448,0.001391181533803,1,15.050005321636693
8.378300143007444,-0.001892143691007,0,213.42325948758338
8.666736628088227,0.0019684395910702,1,111.6203167442801
-5.15534338252658,-0.0044270162888308,1,-16.149762305813848
-6.649690325879547,0.0026163414808655,0,224.95208177746755
5.95037746523418,0.0040532133744393,1,7.8744547919997165
-9.07395475166866,-0.0016397512685774,1,162.28929928919638
-3.745866323869493,0.0008083543582094,0,35.45290645894557
-8.54391022792927,-0.000959816606504,0,37.4427462707258
-2.965939631016825,-0.0002625220203859,1,21.071905953538117
-8.291338511659031,-0.0013795844682109,0,19.027382259751025
5.718122662794013,0.0035321737106117,1,4.101301975067445
0.7828082686542857,-0.001965271959187,1,54.293930845889065
6.1971060143815,0.0015197667840083,1,59.45583842248819
4.697581940125952,-0.0008280488814221,0,63.51553002504109
-1.944917896193756,0.0009254644996027,1,45.3865216049909
7.887874687120469,0.0014184205956472,0,1.93959383580263
4.138094850160014,0.0029885944529373,1,9.975117904677628
5.738100913500144,-0.0003628467542357,1,161.66720090076555
-4.70926074147064,-0.0025139625343827,1,-5.4363527670510585
-0.8832427616367866,-0.0020640034520059,1,16.385947789567194
4.928357887037029,0.003591522798408,1,11.949749747230973
-3.179425699237431,0.0020579452358138,0,94.92692254365275
7.322876256379367,0.0051296899556742,1,10.422142805477575
9.686277056029096,0.0035881421479632,1,33.320639796378074
-2.9178716839269363,-0.0011383160369854,1,0.5822238718932142
1.3988349014352297,0.0017231361393322,1,13.301312477217866
3.848519878149691,0.0013143685210485,0,6.86217589738753
9.0151981453221,0.0028741455992066,0,-11.734376486441837
0.0517407344071347,-0.000488225151905,1,4.695558067176861
1.4013564091008988,6.111387393021442e-05,1,11.60992569864584
1.8127864322391856,0.0001986794275068,0,7.020593034195021
9.734066055371777,0.002128442847513,0,-19.232799611838065
4.043532888405563,-0.0008256217225384,0,53.92056079532018
-5.2934141437135445,-0.0019028606442396,0,-12.677562926250566
-9.515220866465397,-0.0001877937716911,0,93.90545114168427
6.171875430355332,0.0015574575884245,1,56.866059704828636
-1.355811675245988,1.89096591381965e-05,1,6.621065449485861
7.53401293524783,0.0013150599551377,0,4.513747063790806
-3.9931007660001727,-0.0022326136793524,0,-9.081084880935808
4.583686197936794,-0.0003287671054327,1,109.10719008117422
0.5820399209859257,0.0008157464044631,1,5.500577202182822
-6.419718471912679,-0.003250199590645,1,-0.25453528031017525
5.476425004259479,0.0009281009772751,1,69.27993158328243
-3.0607452653297296,-3.326857564873504e-05,0,4.95142796275838
-7.147060821993689,-0.0001782700587832,0,43.280066126115585
1.5342827174114575,0.0028922446911137,1,52.692477565626724
1.0921779998817769,0.0019456331443579,0,34.649023681536704
-2.8156636137857323,-0.0021000562570939,1,-5.421424558096004
1.3489398254672675,0.0017577824029121,1,14.57182349926874
-1.3245755277190678,0.0017345258943523,0,49.16191074868935
0.9508495917219744,0.002074118194931,0,41.41510529101454
-8.94623208180854,-0.0014151597513346,0,28.332510351981586
-1.0172894991892625,-0.0027035331357465,1,28.075999616834466
-3.569415659629072,-0.0017704561872851,0,-7.847094835938696
6.837081814468235,0.0008154307701803,1,124.75315868003906
1.203979776705813,-0.0018344769292784,1,62.39823367292004
-8.83373667102368,0.0027237175867104,0,310.9527234922025
7.003410930869894,0.0002389352279599,0,39.55081542537249
-4.887810623667477,-0.0010340624055258,1,34.36098391915954
9.132675676567136,0.0002506304433401,0,55.61190931067711
-6.656229624591372,-0.0012827304397987,0,2.5693174194510555
6.888769487880438,0.0048194711430002,1,10.215742193941379
-1.8010778674964545,-0.0002275267296823,1,6.178530907238192
8.138112422615865,-0.0021475872017135,0,230.97366313090166
-1.9835065516707024,0.0005741412512948,1,31.308812043937277
0.2574187031157109,0.0028205823738882,1,88.32004366457605
4.798567953884103,0.0013563697808016,1,33.373275718306395
7.235684974115394,0.000704082490961,1,150.19121605370768
6.6647675779657085,-0.0015626899835728,0,145.0909550192328
5.79272603385839,0.0021548071729558,1,24.126711503081562
-1.5943747778015815,-0.0032535191075213,1,27.2582584911729
-3.2915126450120846,-0.0014012565626766,1,-0.4644563803916353
-9.46318581735914,-0.0014565481574674,0,36.33077998667719
-4.407088662490764,-0.0015380288602868,0,-9.803379849401471
-6.713302412136477,0.0009042247076011,1,259.82888565312163
-4.1801516155822105,0.0015425571041806,1,176.87552560755933
-6.812375234328687,0.001436740784784,0,125.9344588572774
5.15460255588717,0.004413135108348,1,33.396533599609725
1.362457613558094,-2.160576755369625e-05,0,7.019723214664122
5.788187629966098,-0.0006690705505511,1,187.169665999765
9.48623194419374,0.0045586154027124,1,-9.285983972911545
-8.318393591983092,-0.002223422155056,1,88.75494914159415
-2.8562402788324226,0.0020553166711159,1,157.96339780211403
7.336190329544394,0.0051572738865357,1,10.98329207700969
5.297358961991987,-0.0011428561140384,0,90.01019173957877
9.649141661481467,0.0005497617737191,1,294.0156142004744
-5.23203389325068,-0.0011293885360853,1,39.257507859881365
-7.319427999385056,0.0018321064906549,0,170.4398282379878
-8.847666385620517,-0.0024724644399228,1,96.81204756803211
-0.064402803406292,0.0004661386891856,0,4.406627664915835
5.176727795466462,0.0014752536016376,1,36.73217326775683
-8.315201913302426,0.0014618118473215,0,168.7545946235369
-8.861244699574144,0.0007274850583527,0,130.6954737871887
3.1435622419339886,-0.0008548452553141,0,42.718663496645014
-3.632399927232164,0.0002978452003587,0,16.62422660791522
-9.789317688630268,-0.0054612062920363,1,6.222265830201743
-5.968533546316559,-0.000978053708342,1,68.70641272818591
-3.5581204938442834,-0.0036014372572544,1,-3.763759417933591
7.155873197646411,-0.0027592508511266,0,258.3403244587447
1.1419983501380333,0.0002828244628198,0,4.4866512622042425
-9.299340968311975,-0.0026409165430987,1,106.85190456855909
-8.9551842585653,-0.0021782781267526,1,119.10894078233147
4.638087837187424,-0.0014365049703024,0,94.59720937765414
3.289266545720979,-0.0003023915025954,0,26.172062045680917
-8.55634357554832,-0.0052473688706943,1,-12.175340910146828
-7.77170068783512,-0.0040614849414573,1,2.7752625041650605
-3.740133063196245,0.0009735949321995,1,107.80314292960054
2.82351429840457,0.0008754708013452,1,14.611783388942962
-5.398376094811104,0.0005845893343084,1,152.0409936167562
-9.275709710514707,-0.0017065620753815,1,168.15755409413623
-1.4738893659946033,-0.0017580457157303,0,8.732461659569193
-6.345740411615505,-0.0048115529736518,1,-21.90479464944069
4.661096794616714,-0.002686923256939,0,175.30895973383076
-8.711025894603386,-0.0024644697846348,0,-5.5569447935445355
7.426721172279688,0.002636277357747,1,34.9910688750858
-0.2229394192277922,0.0023638820600283,1,74.33205224479127
-8.09363057948513,-0.0020482338633444,0,-1.6276399608634438
-9.680834713576882,-0.0045382591530258,1,34.05967588776344
-3.1924542219392933,-0.0016910481960224,0,-6.089109226684744
4.943466135136134,0.0028255160285307,0,34.03158894740615
0.7714555932158333,-0.0007190897074449,0,12.776494618276669
-7.203170744643332,-0.0025160282265243,0,-16.797245706202975
-0.3998774799706002,6.42299536344797e-05,1,2.225260395261921
-4.691685881311432,-0.0022576094366374,1,-1.884805486577537
-7.54920211210443,0.0025566567771314,0,246.82582806188057
4.840966887684866,0.0018242584962198,1,19.654470862042526
-8.400580264335883,0.0008242414300988,0,124.36251690469865
0.2540055357322259,-0.0026328688868375,0,59.14988051946994
1.7236518407453758,-0.0014620902477583,0,44.16022139230134
-9.851013917052558,-0.0043097715175608,1,48.200973568679224
-3.03585002906501,0.0006755079366596,1,63.32644286739234
-6.71081550147528,0.0008558352993591,1,254.19002734260002
-0.550097138014312,-0.0004097181919979,0,1.2080132832274704
1.654504041506966,0.0021246366844306,1,19.80915333671847
8.548508425742092,0.0024145857957567,1,75.80531550816713
3.114431288497819,0.0016270377942526,0,12.420274412263018
-6.005754486823751,-0.0010454165595432,0,2.421033297416024
3.14995590399079,-0.0007258593530653,0,38.15126035248624
-0.7986066325231018,0.0004875268884049,1,10.281569739618186
-2.398391841524086,-0.0021715717115512,0,4.664465354616322
-6.727143022408653,-0.0009663487179854,1,97.95245463100932
-8.51578851279011,0.0002712219072458,0,93.50001554927286
-5.454479218699939,-0.0011860801336218,0,-3.734569911651996
-9.757831395894856,0.0022405241226259,0,292.1214706575766
3.721294026814777,0.002368791008311,1,6.798363111181293
3.701793736099472,0.002393258126862,0,29.314156711277654
2.9477918687141536,-0.0016499709632807,1,118.42068017663524
-7.386464751274939,0.001627308887016,0,155.3876956562456
8.096619262178052,-0.0025942339572272,0,272.64991161382846
0.4457819693757177,-0.0016087093817943,0,29.6626796872327
7.498184249305005,0.0006810352861238,0,23.980927029552205
6.385481080367708,-0.0010998580862316,0,106.93006133236261
-0.0951760523048594,-0.0010652786475172,0,11.078388620009907
-1.4812511275593998,-0.0029267174471077,0,32.93074609753609
-4.548525485647296,-0.0025218292799395,1,-6.512889716509209
6.740415477023021,0.0011988547804033,0,6.853531616710179
4.107636518293996,7.476020036566163e-05,1,70.22989440819131
9.53032098813004,0.0020596676091005,0,-16.727117144464415
2.9562922701000627,-0.0014041860969747,1,105.41242626641835
-3.5199398405843496,-7.66456675294463e-05,0,6.445979196168813
4.731252042624545,0.0011716303812728,1,38.767743347924885
-1.6116856254351577,-0.0018894301030059,0,9.32405710342325
0.8409537141124463,-0.0007463630796169,0,13.883987697291015
-7.344023518751706,0.0025181762571284,0,236.14620735153682
0.0015230092394737,-0.0016127854199842,1,23.661036305801307
-0.861510285470553,0.0023406491243928,0,77.4789478988533
-1.3565977783597931,-0.0002456063689486,1,2.7043941472741126
-6.080015284402689,-0.0030081160638132,1,0.09200848647405602
4.747362843135916,-0.0023608410401762,0,155.2093895653059
3.992291488941042,0.0023956365051382,1,6.461867057331238
-3.260233722171081,-0.0001774241983114,1,29.83843288058606
-1.122668298319617,-0.0027701618655896,0,35.73457042648357
9.570610884902614,0.0058595518664141,1,-17.25924672609282
-4.623801636269467,-0.003846918495696,1,-12.659464228971709
-3.7726508009472752,-4.946693711131948e-05,1,47.76453414162721
-3.902305386480811,-0.0008464242222276,1,19.774177618741437
-0.9525666480891816,-0.0016069873845608,0,11.879267223809507
0.2399769923869534,0.0023522643288381,1,59.47384301007881
3.381195472587306,-0.0008021461764726,0,43.89404238969547
-8.374253048943634,-0.0013200737614413,1,149.56856631951396
9.905470655324578,0.0008609543495676,0,24.243998674491333
1.131508909731437,9.46371789028874e-05,1,8.216860463643222
-7.429067875974562,0.0022982835952682,0,216.47537307822216
8.688051504917166,-0.0011604189765777,0,154.82546280325684
-9.904641528326165,-0.0017711910913138,0,33.434109831761276
-7.505749278695153,-0.0022369845691961,0,-10.48089440994847
2.3268180477537204,-0.002189588601169,0,85.81570144946343
0.5140197418969983,-0.0006853723441251,0,10.095505142264958
5.746080682841068,0.0002413550245095,0,29.768732458185852
4.671909296496633,0.0031964797381176,1,8.298334334247182
-0.483173970897985,-0.0003096426309598,1,0.983012229221288
7.947963899317813,-0.0007291155806579,0,107.87101503672108
-3.420061870604916,-0.0006991192665348,1,15.746727194761704
9.030849182384632,0.0010660705455043,1,205.83994353461023
0.6328628297004855,-0.0005582736183142,0,9.09763046208587
7.153994037741242,0.0005888482173474,1,155.51160061886304
-4.801696607539094,-5.700463657246436e-05,0,16.68711799907606
-3.139622493521566,0.0014356914311827,0,56.699138808256684
3.8004072358345713,0.0025564805423278,1,7.537336978453885
-4.081776196215127,-0.0015195318752416,0,-9.309625305670544
7.24571911045836,0.0007548577200185,1,146.69127586346949
2.2241025006904778,-0.0010013545566309,1,60.49268201001869
3.9752714631248782,-0.0009285708705977,1,120.24321851815063
-4.737495031103354,-0.0006545267317923,0,1.790394422690459
1.2530782191385477,-0.001075191374239,1,36.66080237314354
2.8270887248475844,-0.0019330561710829,1,128.956902457024
-5.920785151674202,-0.0021830183955012,0,-15.018735193334663
6.476482365938953,-0.0003538930636127,0,63.62951564309915
9.18062005890117,0.0032956335622,1,38.85376064343985
4.561361667826967,-0.0005761399034012,0,50.13311537135197
0.0178286503058053,-0.0021619349296825,1,39.21837637891756
-5.324449594938836,0.0010023262037403,1,186.24998194616916
-5.143750279390749,-0.0001767970724685,1,85.1637579299055
-0.2557753126220685,-0.0012335646919149,0,12.491045634942918
1.7237175185007771,-0.0020101149183939,0,65.23538873649372
-1.8698760741009952,0.0011509451766483,1,54.51139401490802
-6.886408535847311,-0.0036079452253645,1,-1.1351196926056462
2.312292932770326,-0.000162935559294,0,14.724073738986409
-3.511593184804996,0.0005105613096468,0,22.12693620511346
1.540550934254037,-0.0024335805239327,0,79.43527025431479
-1.956267476213412,0.0007907440059794,1,39.576641361730054
-3.147221991527962,-0.0033278190197046,1,-0.9161388678725721
-1.472951057916232,0.0014815852894387,1,60.843229670846185
-8.03838778933239,0.0003087891605236,1,281.4822496776628
-1.4512388144580708,0.0001983668463385,1,11.195994323202436
-6.732833356480279,-0.0002999613173906,0,32.02261347636097
-1.4374655310676658,0.0017576993837113,0,51.62742293180814
6.498685342306306,0.0012760426179181,0,5.413851273836058
2.273420157571099,0.0011871421465051,0,8.69010834591203
7.326292866353853,0.004359270722813,1,-2.741263565457407
4.696085904898368,-0.0016136585257379,0,106.09519917030866
-8.229951343253223,-0.0031554683257492,1,42.12837200601182
-1.107872926252206,0.0010765989685047,0,20.961307394300494
2.724600110097615,-0.0026532511888179,0,119.13311566975369
-5.750167513765301,0.0020034933661124,0,143.74378704127597
-7.295805724018464,-0.0020094761984384,1,61.81602601263573
8.500156308966812,0.002197416556784,1,88.9713855122312
-4.255303597146054,0.0002702289927005,0,21.42525761699059
-4.81676559596762,-0.0017596713475427,0,-11.455137805947057
7.416383430640597,-0.0025189157661665,0,244.53807915202452
-7.542517498107609,-0.004052217417182,1,-0.8856733679014597
5.203259245804633,-0.0005983139438719,1,153.3013915405327
-0.2896597641790279,0.0008183348315257,0,10.122745960667483
0.2731954211152576,0.0025399625301804,1,69.40613681691582
-2.0427284982781018,-0.0027155712263192,0,18.473677545114917
6.037347835745987,0.0024995632971948,1,17.289270264531446
3.437412273495637,0.0022950299124695,1,7.2325716361947965
-4.815344203215785,-0.0007864993866171,0,-0.21109893346543362
3.7163335321416655,0.0021726336560995,0,21.826488291395638
-1.3443377526540896,-0.0018182733634838,0,11.18609979944754
-0.4163652079565025,-0.0009399201035676,1,4.957441106997719
-0.8439889776113247,0.0009169434220661,0,14.853792014309503
8.136161455123961,0.0025715908380034,1,54.529406001044
-1.1953162776544488,-0.0019272962870141,0,15.009219026446308
-7.664875189584763,-0.0025077336885795,0,-14.626998127757481
-9.56222002668147,0.0013163477182805,0,196.8058589887354
-2.261039707776864,-0.0022384711162358,0,7.195029214814297
-1.9148047863211823,-0.0019354120264549,0,6.6685814711107625
-9.563992295623336,-0.0014386434531227,1,206.5412772855017
1.6495772454412538,0.0017504634012611,1,11.444924131959693
9.09587562385786,0.0013554780601392,0,2.3419552994006803
5.45542759987706,0.0014492440969801,0,4.544505952854458
-1.8676927730455013,0.0012228730737592,0,32.29820480190624
-4.140272446922111,-0.0016022298262693,0,-9.722936971066055
2.534415324651441,0.0008314293949536,1,12.089039046676845
-0.2772635444212472,-0.0019380089426819,1,25.838631970151795
8.180883763913688,0.0002493079279544,1,237.57974666346715
1.395056385285347,0.0026067517735796,0,64.03639631004913
6.605955797756327,0.0048064243753181,1,15.414109805289497
4.648484575662575,0.0020237955389977,1,12.927288644487431
-4.632826309249925,-0.0015938559190785,0,-10.281947738208524
-7.583931036047593,-0.000688761787785,1,157.58477778700393
9.253064624218004,0.0004159195987709,1,283.9755149842882
8.927139336412658,0.0029345732370532,0,-9.560736378660831
4.750730992693711,0.0010354658575802,1,44.60739527157391
-8.620304079936169,0.0026097794933161,0,289.79815402891956
-9.082942459363778,-0.005527358438276,1,-10.39931978597492
-6.34561433959523,0.0002842799119854,1,174.7440999980395
7.654500006223678,0.0009973971158255,1,145.7713239022809
5.259900489443531,0.0002337137826,1,101.23931013974803
-6.273694641484369,-0.0029056880593558,0,-21.695990893210933
-6.062122087590596,-0.0028756960842018,0,-20.81457304237895
0.5353261300156689,0.0018128393830431,1,28.09476259911563
-3.951951610933913,-0.000144416898336,1,48.23513849497385
3.6387920940282577,0.0006084829013063,0,9.586286820515294
8.329107392097406,-0.001603315711674,0,185.93048033991076
-1.0230741664542116,0.0021363616087363,0,67.13628799671747
3.243961588487565,0.0029339471894808,0,59.910566355906724
3.014850890541787,0.001524140461446,0,11.097291636490919
3.858755326843264,0.0024859152743594,1,6.906597848885791
-7.141017918475583,-0.0010412949753746,1,110.65431905553092
0.2339638666926635,-0.0016075532679214,0,26.664944057478795
4.779316517159531,0.0027962351511056,1,5.675011329910695
-6.868304122213464,0.0024374767676727,0,213.24302034521966
-9.159743138088798,-0.0051127295978305,1,2.2531786382468124
4.660822373444169,-0.0008206205646168,0,62.61498017610626
2.3475749883873203,5.22153898202354e-05,1,26.55234346493053
-0.6188557849058558,-0.0002385738005214,1,0.9265549718522952
-7.973650089107789,-0.0031354252563833,1,35.445457732803966
-3.706985384232415,-0.0025011594895096,0,-5.452625193252249
-0.7492577466882988,-0.001461907690977,0,11.495315684731548
0.9071052965859536,-0.0012473285197308,1,33.716844040243316
6.804323616604158,0.0049603066822943,1,16.195313527312507
-5.6340342991213,0.0019148575868324,0,133.891404397877
3.566415925311368,0.0022468338849666,0,25.33391449136259
9.158283861231869,0.0021011758872812,1,120.10238197979538
-4.421137491214302,-0.0004915048091838,0,3.124341703750447
4.49646083992471,-0.0007290422391229,1,130.1896888360501
5.3597294022755175,-0.0028485382742454,0,208.44862013518008
6.628418495235078,0.0004312279728275,0,28.858426775436616
2.5135091007030006,0.002955665830324,1,32.49922850624695
-2.0660022438545367,0.0013400221375302,1,70.98352996764956
3.891298609174479,-0.0020380820701666,0,113.3595542574214
1.8125585492909924,0.0034461258624514,1,76.97068825376124
6.765561322053198,0.0004569266328339,1,148.0745350749899
4.265406462635195,-0.0023044230260387,0,138.7892723214241
-3.813027658125837,0.0013705918083687,0,62.92167758308065
8.54740620478561,0.0013943135365462,0,1.780653397752069
3.580970612036809,0.001073601633227,0,6.604583632875467
-9.867917605165196,-0.002503675604401,1,142.6399703218132
-7.49087685913697,-0.0009989736707613,0,19.429643550500348
0.0083865972978145,-0.0026320449932954,0,53.971956934402684
9.227149483962748,-0.0013797299298504,0,185.3108037695211
2.2381945098912777,0.00288364662455,1,35.35345762264209
9.06881531425762,0.0005296915780134,0,38.90689811800822
0.8102269796813371,0.0024593576243785,1,49.60513798220362
-1.959603881660163,0.001675901340028,1,88.84631760925862
2.012327196533475,-0.0015863978465377,1,78.98059380651983
-6.022693648173496,-0.001234689218928,0,-1.3010962622038975
8.256055550397601,-0.0023232628857049,0,251.06606644562632
9.322811313003635,-0.0010110466245198,0,153.6443843998752
-3.4974217118656696,0.0023020302340551,0,118.7615850387021
8.035866979979144,0.0043120307944936,1,-6.137033024310236
8.917639641421047,0.0055605653883103,1,-10.322427330760283
8.680338705189282,-0.0007305733924115,0,119.47521863935495
4.872031454913932,-0.0024630213008987,0,165.67061819886382
3.794548926952446,-0.0010149832326164,0,58.5602209981268
-9.204946686388912,0.0026116843051675,0,312.1040313090321
-3.218779361328947,0.0014683995209138,1,123.7823331158036
1.9498122545750276,0.0024663237209372,1,25.514112355885537
-1.847417793285098,-0.0007205629070915,0,-2.5920145749387364
-7.112145720369345,-0.0048875236012795,1,-20.5405855229546
-0.9637696646909646,0.0025539527101612,0,93.44460513808664
1.048917980632284,0.0001483132078357,1,6.877146043651597
-1.9792948063261449,-0.0021526214784674,0,9.269424757687727
2.9094853652591635,-0.0011608063910509,0,51.16907661231981
-3.6930961946320657,0.0007984338905171,1,93.58059077768817
8.182047784332752,0.0035219660452983,1,11.907978913151423
7.659050016203722,0.0023966132663541,0,-3.6176443557371725
-3.703495698336208,-0.0029388265747245,0,-1.9123970893691977
-7.112141370489431,-0.0044166689164285,1,-13.429740220923263
7.46515548222224,0.0034113805135497,1,7.965641432266913
0.7723258975758807,-0.0029374868689582,0,82.75048457896571
-2.2964973405065763,0.0016466862575804,1,99.42055061400626
-3.843502457920613,-0.0004984325117116,0,0.1735986537967904
-0.3502120356375826,-0.0002542454883825,1,1.3039384881513834
-0.4357772797158681,-0.0025026417811481,0,41.130737707690656
-9.317896862737305,-0.002599547362954,1,110.10426849375293
-5.370566007242981,0.0012791060408224,1,217.01167978058078
6.154052937865011,-0.0010945033599627,0,102.3989742852306
9.011140830368603,0.0029831950738121,0,-9.727385100976013
-2.1850663429427497,0.0023547939653367,0,98.92262597371462
-8.92813717894523,-0.0021551681836703,1,119.30555548914796
-9.849895020343968,-0.001738261364105,0,33.559804362074374
6.8806600127363815,-0.0002350974084889,1,209.46872662484998
0.8744882821961415,-0.0016551566798668,1,46.011559263002354
-7.350304862519632,-0.0002927986344616,0,42.110544543655216
-4.059773040667444,0.0017313011645558,1,189.1190068858063
-0.5075004885583638,0.0025604344983335,1,97.79668096933145
-8.899091809959469,-0.0025410040675872,1,95.15584577565556
-1.6075706156729923,-7.489182847937565e-05,1,7.1942775307333795
-5.5685774262594645,-0.0015131787840278,1,32.65937574780003
-4.886478985731875,-0.0019087901132203,1,7.2792089856096
5.130983303843665,-0.0001917396335419,0,40.73815060101826
2.633872399993882,-0.0018008235649139,1,113.42198727765032
2.387397766130404,0.0016201457121735,1,6.386870404002339
7.809458410889,0.0019591171491628,0,-5.4311518642365915
-1.6258265114047423,0.0001801923869964,1,12.910247408306024
5.05727005396257,-0.001245716611569,1,192.62808504572055
6.200720890680984,-0.0004811106018438,1,193.77420837276244
9.379334705278616,-0.0003305528501872,0,98.30908391990073
-9.442755528839816,-0.0014768051094403,0,35.195769524339845
9.056968148200106,0.0011540179232985,1,198.8277066318176
-5.549872680431158,-0.002418672444738,1,5.271194696486219
-1.9419460852008184,-0.0023613968922366,1,4.228007612293181
-6.322533465104165,-0.00023959666246,0,28.369146259992043
1.17363529405916,0.0031225137626729,1,77.10252118759735
2.67171701714968,0.0025639617860903,0,46.872853756758566
-7.5815088447537615,0.0004204842930454,0,80.0003978615631
-9.159897548705784,0.0001442989310241,1,344.11200285827783
-1.2743735582709608,0.0012796410549761,1,45.11378033971601
7.70499878915032,0.0047754377987524,1,-3.313264657587734
3.318942971358112,0.0028066066433576,0,51.908586348040146
-9.594709578574395,-0.0006851165178414,1,280.7227475557906
0.6766039379599604,0.0022554689809681,0,53.075176954202405
2.572408522525887,0.0027740120422282,0,59.15984740576029
-9.757264720860269,-0.0051159993851679,1,16.381537431710612
-1.694648553330893,-0.0003574172618463,0,-1.487034643674269
7.979621987972305,0.0044347675563117,1,-6.781425017097419
-5.803573658691961,-0.0043383721692876,1,-18.194699739536436
7.716690836452056,0.0016363958257243,1,100.71978937725893
6.377440981228517,9.601442903129838e-05,1,157.6178021774603
-7.166890050653125,-0.0001043127582648,0,46.68604660518812
-3.392531377791679,0.0010533589370538,0,41.616653222218616
-2.027086031269669,-0.0006362178173241,0,-2.925820468363236
8.16311721494112,-0.0004884608226642,0,93.97870196236036
6.4757550066344685,0.0026762442639929,0,12.434572347648029
4.959583133583806,0.0040888652311524,1,25.078174273436407
4.161106985747917,0.0022930847529503,1,6.845208676188099
-9.51890066497718,-0.0006503810544824,0,70.91320767429607
-3.731633307173164,-0.0035450828670961,1,-6.1675660727471495
3.964016842743352,-0.001900139427529,0,107.04637620407556
-5.814938584820883,-0.0016963118923805,0,-9.72654896320983
3.6402133228948728,0.0006354509627485,1,34.578639422475696
9.301312761015955,-0.0003295578312321,0,97.27673872787798
4.162250942390184,-0.0028102556812912,0,168.99529960254634
2.065346473029312,-0.0009306243182405,0,31.42985892466452
-8.842354111521937,0.0013270655045288,0,174.0957733142646
6.057519449525401,-0.0004579460600532,0,63.83764093673891
7.096317986827717,0.0042764005683033,1,-1.3177987736894812
6.433488001993261,0.0017916059729381,1,52.08638569041705
3.2655579141006505,0.0021859503602036,0,25.71295626013622
0.0542630012482021,0.0022702638189841,1,60.248074290230726
-6.256853476221513,-0.0020096538603128,1,31.29169979843099
8.586944075446667,0.0011962132484,0,7.889382718142663
1.079823689571576,-0.0029199862692717,0,89.68548296838847
-2.4271810461723087,-0.0012597439905678,1,-2.8658360397859637
-5.146506062156108,-0.0023631463232096,0,-15.007115020279453
4.532324728575542,1.0381797142651353e-05,0,27.884064573833086
-4.735552844513515,0.0003962998412177,0,31.092532439407
-1.57142980085942,-0.0014805634280438,1,-0.5174116046704658
-2.6862252665470425,0.0020460763664447,0,85.85540735243114
-9.987550769391069,0.0022280424407737,0,299.9034779263783
3.620544656868745,-0.0008736927617517,0,49.9786158677404
1.8587140996474147,0.0023093122092071,1,22.081852372147083
1.4239775466390352,-0.0006347213625475,0,16.92936156610513
-6.415067168332822,-0.001143205998523,0,3.620782091108195
1.623560187257418,-0.0006958007537565,1,33.470473741451414
-6.595252670037204,-0.0034501003138059,1,-1.9315567092297936
-5.333404962452786,-0.0010220531206148,0,-1.5818023258308571
-0.6188383466951475,0.0026123107111708,1,106.02967697455713
-8.459141080972557,-0.003625594331477,1,31.32240474407333
-2.1133998861068504,-0.0013744596636828,0,-1.284417878637607
5.8225453838465295,0.0005335735160914,1,103.84555404917023
6.4320819539910765,-0.0009684400026834,1,247.0485166562934
-5.386763983115667,0.0006257956768013,1,155.00552877741416
-4.111133984452988,0.0017371690361145,1,192.54762880175656
-5.019468214300636,-0.0006632425182626,0,3.373841515627736
2.6590802949106003,-0.0010498092576649,0,43.25260614916697
2.9578062894595707,-0.0013121406884907,0,58.17031289948715
-1.2270638898308557,0.0015276217618131,0,38.58028345691039
-9.914771367796597,0.0022689954302609,0,301.4512551204525
5.180021573486496,-0.002913319955801,0,207.69911292317704
6.338657165907854,0.004853622699182,1,22.937315151552045
7.054862462101688,0.0036271447074598,1,1.4888255016589445
4.890301261923609,0.0035558910607026,1,11.718636282247608
-8.756196206780096,-0.000979826593383,0,40.61874238573077
-6.411422439591085,-0.0016560802402635,1,49.86555438720588
3.740889487014252,-0.0023728505478962,0,129.51179234619406
5.469534848056195,0.0038956600438472,1,11.105324570871817
2.4368647324962307,-0.0023420839474659,0,95.75119548029465
0.6070227491509854,0.0018080895024654,0,33.3412546095264
-7.008385342301442,-0.0045144975074691,1,-15.854012317930799
4.491906480585099,0.002019915655665,0,12.8082213762104
-9.380654464610856,-0.0025626346830285,1,115.17340283826545
9.000920730643614,0.0034208707707415,1,28.628058192386476
4.368782683534654,0.0026144155499866,0,31.44138180967293
-3.423035433990405,-0.0023208174573579,1,-7.294517687337137
-4.719129036723193,0.0013076944423996,1,182.9034406522425
8.998698838537496,-0.0002716996050486,1,341.4583020749397
7.141035907759875,0.0022648860962485,1,46.188007603898896
4.016427188291296,0.0017695238562007,1,11.551571976048617
6.694371611058049,0.0003469758997816,0,32.6114362143892
-2.069488029726654,-0.0006287303588008,1,1.942805294611351
5.600550245320141,0.0012629498750578,1,56.007756714044305
-7.290978778654845,-0.0029012982791786,1,25.747144933370848
-1.8404758480214325,-0.0013315415492062,0,0.21298763777660112
9.558919632743446,0.004487074468344,1,-6.985686227378302
0.9612955222717404,-0.0011332468742082,0,23.70161049451584
-3.959553258486803,0.0002102267398973,1,66.68318251323714
-5.162688086779985,0.0017124696462507,0,108.41723262748422
8.339669392489078,0.0008041251972576,0,22.359489256822762
9.190250936462109,0.0009850835595074,1,222.13579053556657
-3.477719291850041,-0.0006958631905819,0,-3.5114561374939814
1.6194078931560512,0.002352650997428,0,47.74238382437718
5.285147454690367,-0.0007462514401216,1,167.7162139534881
5.217043096493292,-0.0005781413973475,1,152.535806425667
-2.3626299233758496,-0.0013017587995182,0,-3.205228409196267
9.314953954532784,-0.002602562125238,0,311.8742576405443
6.15890618113507,-0.0025516344180017,0,209.48891285589784
-5.002884559148477,-0.0013759624977825,0,-7.98286696811236
-7.520793863135123,-0.0020903547238957,1,65.63802165060665
7.983474342418578,0.0024217168348297,1,59.07155280465109
-7.231656480309672,0.0007829607597244,0,92.79215461331191
-5.675471241919952,0.0006873444095626,1,175.49626022820038
-3.8093683597984502,-0.002561930790879,0,-6.009739719034915
-7.582995598678255,-0.0018750183746897,1,78.92452308652062
-3.839210667682414,-0.0036625486886225,1,-6.6038878680072415
9.815659540996876,-0.0014332423023411,0,202.9617089761559
8.401282390298178,0.001510591697591,0,-0.9830077494519451
6.711503466198224,0.0027920041538416,0,13.247395714484579
8.446366005171821,-0.0003823551585911,1,316.5483498747989
0.5689405537714336,-0.0022745074751994,1,58.96320801578788
-6.4174966420020985,-0.0005814661891256,1,110.08926816761203
-0.6979113371196828,0.0003451126143935,1,6.764400474125298
5.616350876302505,0.002747810109166,1,8.127143300696606
-5.087022770827911,-0.0012553337207176,1,30.70855344582529
-1.4509616342274398,-0.0010994528391979,0,0.8490804511186314
-9.638495729092805,-0.0016432543749046,0,32.91095677516689
1.1266430154000044,-0.0029164285324297,0,90.71320055778742
-0.4378264120537327,0.0015830764863906,0,33.472704157755985
2.607491611350192,0.0022218999320226,0,32.468993707461195
-7.580996392835777,0.0018826403118159,0,182.36008621166113
-7.416312386032451,-0.0004185625592672,1,170.99813811222194
5.001777200609027,-0.0027513741568688,0,190.094689009773
-8.366328200772102,-0.0043483656984189,1,6.762364414106027
7.818622031547214,0.0010750519195332,1,146.82310321046697
5.209522381175844,-0.0029647933688615,0,212.55918179135662
1.7714519273126896,-0.0001490693523673,1,21.30456089396147
-6.542689311940668,-1.4945271100312814e-05,0,40.039089403831575
-9.707368285688975,0.0029059850180236,0,368.315535960071
-2.6221427165992583,0.0029255915011684,0,154.2524890891339
-0.2660038335415002,-0.0010897314436955,0,9.918426205609151
2.3369888859649084,0.0024476623532948,0,44.806279323485896
8.179011164611886,0.0017520593632921,0,-4.969012432718522
-5.033467518282462,0.0001758683868618,1,103.91104534687807
7.131917553279472,0.0010736844330224,1,118.19220541825155
7.579911844698504,0.0002578249781966,0,43.18041673966552
9.838539437786013,-8.146982760154105e-05,0,84.56864411249987
3.560461574091073,0.0017011194827917,0,11.769981408583954
-4.351546008947524,0.0001070501305503,0,17.296122542565094
-4.400165666531228,0.0022319638434516,0,131.66020349331748
9.693395964775476,0.0035480797798657,1,35.73530708971853
-1.4607574872939644,-0.000595435540544,1,-0.21700974155336628
8.80322690473113,0.0021379285391092,0,-12.616963383113088
-8.062591647590375,-0.0011241187480597,0,23.70440185176994
-7.842212049339254,0.0001532319501714,1,251.08950778638268
1.8847210430087653,-0.0013375971110811,1,63.91964486113827
-1.7588789230672417,0.0012428016424657,0,32.05243968516913
-9.306795310057286,-0.003461345338287,1,65.06565249051243
-1.3902759257044277,0.001150343364539,1,42.00719306466472
-3.4702342328824205,0.0025618926200372,0,139.50793030226635
-9.230233794216485,-0.0014667681647434,1,184.53380193985797
4.505062089221077,0.0012646147485457,1,30.803376852090317
-6.697040887254482,-0.0025166109806267,0,-18.009436850355126
-3.395640427772464,-3.736658127223564e-05,1,38.539067268715804
4.000063281636164,-0.0015660691463168,1,161.30163645258796
9.119282916365457,0.0011531507715907,0,9.668394570783246
8.994814626960512,0.0010203262512494,0,14.918020274860103
-0.518282491854885,0.0029460324346073,0,116.09208043810963
-8.257311914610856,0.0008642299025396,0,123.16778549176621
0.197236868147911,0.0014027078630497,1,20.453212385545744
-3.700106289906476,-0.0031397623867181,1,-7.865680085743911
-9.905364458895068,-0.0004072106238327,0,92.75108467280873
-8.980404551218058,-0.0004816652779018,0,66.19128081122682
2.6702975234386965,-0.0015123432481715,1,99.79155697133416
0.4152368526586016,-0.0024155955466634,0,54.78119788093832
-3.708130941586914,0.0017371540362433,0,82.75959164553336
-8.073125488186237,0.0026819657863548,0,278.3459834427778
6.5079341510316375,0.0037448733034816,1,0.9410492410086075
7.418520862714363,0.0050746565366567,1,6.907663568351404
2.3841681278549025,0.0002223040637341,0,9.220490701252617
-3.160319663754139,-0.0024328945178344,1,-6.483937331139057
9.427361944852567,0.0026661595308487,1,86.25163894403809
-1.970531670742215,-0.0013037101676228,0,-0.8803309975002733
-2.5538656734135383,0.0017293164801798,1,116.04300553270883
5.199437765583575,0.001221791233172,1,47.598086774804095
-7.946353447510132,-0.0001459362490587,1,226.92137161713444
6.383992984128145,0.0021614234123609,0,3.3774130327988776
6.913088013172832,0.0039038218415844,1,-0.7333230842660807
-1.6755521098874286,-0.0025896506784906,1,11.917251463779635
9.32128268483072,0.0008066894845372,0,25.463695396325686
6.860536219003627,-0.0013577830855917,0,134.0695840070641
-1.8279256321068773,-0.0028097199467558,1,13.056267154230042
4.2657460608690165,-0.0026296401687109,0,159.97168323852503
0.5998083900660056,0.0008531715087005,1,5.802580106604248
-2.428167149004956,-0.0031438662399143,1,7.77255269753147
-8.801085525999072,-0.0028162128449539,0,-13.333199469087479
-3.917304385330631,-7.29001695295752e-06,1,53.89606335255492
-2.4937763021680137,0.0008126860856353,0,23.11040742751727
9.359377362613843,0.0025546646737451,1,92.2267280662507
0.746799145358235,-0.000807854149589,0,14.197423095690588
-2.2227067930096904,-0.001161742222503,1,-2.5737621203498273
-8.598651816471987,-0.0024600198170864,1,87.19219249246532
-1.1809147165505358,-0.0017088803929386,1,5.65926323574754
-0.5436278101859688,-0.0014654768273095,1,10.826192648204708
1.4456447786455495,-0.0010879851878073,0,28.370622297248314
1.2845421703215347,-0.0014851619740556,1,51.55310758741246
-9.086752758050798,0.0029858303671714,0,352.96548326783255
-3.0681643783569683,-0.0010404501996422,0,-5.902146902634206
5.6606174457753085,0.0036803890261071,1,5.679600559761915
-1.3054575911448456,0.0008018627004813,0,14.4762007161478
-2.985199769823721,0.0011084682344169,0,39.22736369760346
-9.165093771215254,0.0009389380917966,0,154.4526979867762
-0.872821612183575,2.5405806571214188e-05,0,1.1016044000776741
1.0624059883002417,-0.0007081979997299,1,22.213470180383638
-8.60675895305608,-0.0014183981604094,0,22.607532823510667
7.161418430796349,-0.0017360803651713,0,169.94889740582929
5.495633263077542,0.0035375218663244,1,5.586999980469795
-2.4009538325568087,-9.811488431678636e-05,0,1.50693949283295
-1.4654635740949755,-0.0012041082949825,0,1.6824953071637416
5.045790275794023,0.0026593330609807,0,26.31787532745682
5.9773801512950975,-0.0022092752297368,0,177.3179802151076
8.892716282178373,0.0011982153021445,0,7.900464251056952
-7.7185715790601055,0.0022926582466031,0,225.02925162818073
5.784114470613224,-0.0012703335383558,0,106.73589623277778
0.3785238104512007,0.0018560502465705,0,37.31131833859122
-2.855820519104384,0.0019612629406081,0,83.05085557627956
4.421831150338013,0.0012095744143026,1,31.043244182469383
8.096221106401288,0.0005168022478506,0,34.133245312837
4.058472836137346,-0.0016008919426824,1,166.45590550650448
-3.9870857917155433,0.0014201201860276,0,68.35289741285126
1.682140527377323,-0.0011731027216793,1,51.33589920139506
7.928487191097783,0.0019628254737561,0,-6.075055155769217
7.009130803991958,0.0030459664918333,1,13.436154711828067
6.639344876271277,-0.0019921950267881,0,177.68547120567877
-8.7402655254298,-0.0054812219796046,1,-14.858137417108061
-6.34740282758798,-0.0015796434805069,1,51.361597947683684
9.730668431341943,0.0024958934237463,0,-22.43287138083924
1.1164936018663596,0.0020378745423719,0,38.25955299343511
-1.162904121529504,-0.0003825838641613,0,-0.7110148857461351
-3.6293084884674425,0.0008456083388197,1,94.35184873402045
1.24402539546068,-0.000451675979161,1,19.367367181909536
0.8391702871505764,-0.0025940448095417,0,70.4253276144239
1.8577078641240128,-0.0006361052956988,0,21.088129050720465
-0.6853616004593448,0.0020568982306179,0,58.33883176646406
-9.67580335790194,-0.0006821863884801,1,286.76421164550084
-7.369768741705545,-0.0015610662692945,0,2.765618516707932
-1.2471105012208898,-0.0027511219517839,1,23.86848139716491
1.97922021590092,-0.0025778006524367,0,96.35010280690301
4.847299596866026,0.0024288374185137,1,8.190241118601497
-2.184241155761897,0.0003114862057048,0,7.730784039942442
-9.413870848773378,-0.0052376393551582,1,4.220650228684727
1.309128146258196,0.0017482769750322,1,14.806470827657222
-2.8461585497826043,-0.0020639263099328,1,-5.568975549295226
3.3552365480892306,0.001302519709012,0,7.6217319057118855
6.75537742625211,-0.0002771760903544,1,206.31501344293687
8.73825017965758,-0.0023259196351545,0,265.35615977305594
1.8900138815130685,0.0005405199355299,0,5.582436037742333
5.108888463254463,-0.0018421272137433,0,129.4969293126506
-0.0893309148882242,-0.0003751331556284,1,2.81126250050926
3.659175464224747,0.0013776649722746,1,14.86991077409261
5.044471088942576,-0.0005222691884356,1,140.82638971047757
-9.18301404118858,-0.0020926600238278,1,135.624698630923
7.379645560358615,0.0022868037280558,0,-2.3564176105498076
-3.766828880480433,-0.0021804788926746,0,-7.727253502316978
7.977611971422316,0.0009295384691208,1,166.0025949291344
6.392872736668188,0.0039041544768877,1,1.8775962158479742
-7.694847940496537,0.002486403442435,0,244.14123086127222
-9.179908168776835,-0.0016920534890432,0,23.002771872662017
-8.280704602377913,-0.0011412254532054,1,158.32395083724882
7.229717315279277,0.0014475040615307,0,2.1711039448864633
-8.918522104983929,0.0014066767156513,0,182.97674372903197
6.279877498002186,0.0003905297108613,0,28.12925913560118
6.786878758508795,0.0003084652489353,0,34.86470083410474
-7.689935470035865,0.0001071543417031,0,66.22554675939202
-6.325318741717279,-0.0012971884717902,0,-0.4079967791874384
-2.143518749476252,0.0020883238219611,1,127.55226154454934
6.072608727481612,0.0010494377327124,0,9.010627335378945
-2.102870526605538,0.0001699342348896,0,4.750495450033387
-2.8213864433698905,0.0029164009313661,0,157.61275808976345
5.709364176137425,0.0033611392747528,1,3.665118358861996
-2.725752849214686,-0.0034230710526775,1,6.691170744502533
-7.343968030923764,-0.0041353319183608,1,-5.612928869843365
-3.0077147444176333,0.0007232525018389,1,65.11351300174974
4.627689701738291,-0.000903596292316,1,147.39735718920522
-1.20647704335404,0.0023386247927577,1,108.30269052887803
-8.448069619540764,-0.0043358596011764,1,8.81396623199042
0.5938259242995318,0.0011339789686217,0,13.082656903123016
-6.813010914914384,-0.0007883777015987,1,113.23327934312638
0.3499246163347536,-6.208617976935966e-05,0,3.1768935817750155
-1.0652813007431945,0.0002775652048255,0,3.637470260973189
-1.3132356053754464,-0.0003860432235105,0,-1.0360976670174948
-8.587076095072437,-0.0012063366575082,1,169.60509663906709
-9.955204209247874,-0.0019177083905834,0,29.14154030147068
-2.9667561430816525,-0.0003694549267124,1,17.801335075994466
-1.106188792841902,0.001096852801796,1,33.33688805028429
-7.163814900636849,-0.001146361791625,0,11.070530835709317
0.5525893271356903,0.002156784492946,1,41.54495825357571
6.978336389000724,-0.002112411735235,0,196.37644670134225
0.8780482552933364,0.0012966414857376,0,15.46760535933371
-0.5735487501372951,-0.0002784844365584,0,0.8047035654582257
5.270765043051764,0.0011377006115358,0,6.834683013032493
2.224389536587614,-0.0015672447358048,0,56.35720223150718
9.051342870635544,7.075123098746319e-06,1,314.8325084238965
-5.93281257989192,-0.0020938266292578,1,20.937400089460013
-9.717294099547429,-0.0026377623786244,0,1.7245370873520256
8.19384736066868,-0.0007278649409022,0,111.63514827125124
1.7419059143411886,0.0005877138259905,0,5.354534535607705
8.945199929098724,0.0025530397755293,1,78.80522074469164
-0.2540479274399736,-0.0014493118931817,0,16.73747171809999
6.249240517508824,0.001504704513071,0,2.9415573218985918
-8.371383724191283,-0.0023610161631695,1,83.424172173856
8.537225339892743,-0.0015263485300328,0,183.76343825446492
7.38909600298841,-2.733471393025472e-05,0,56.25146746358544
7.635329281709424,0.0020232486625714,1,72.77220445814277
-4.4113923602564125,-0.0042351127528192,1,-9.910967272771744
-1.8075076865394024,-6.796948787671853e-05,0,0.7555175755516652
6.349727350743251,0.002067798800927,1,37.5760922071289
-3.4654493330738774,0.0009979385369696,0,40.07678286965282
-7.581322397449874,-0.0018398455124855,0,-1.668840508006784
-9.5169304740862,-0.0045461647778233,1,28.94158851738641
3.9599479107564406,-0.002522143863855,0,144.50765348881865
5.3679062501781,0.0022119038748248,1,16.602428920191937
-1.9892833426643204,-0.0010565441516531,1,-2.2342020677690195
3.350462391041063,-0.0028289161909133,0,146.4461422575286
3.2765112460204406,0.00151009730099,0,9.974801178147537
-6.396035467818857,-0.0015967023915878,0,-5.602821210438965
-4.972807150844727,-0.0025889503016102,0,-14.726716955167714
-0.2007759617870679,0.0028895205165594,1,111.01442069160561
-0.6172865337289153,0.0029809275852245,0,120.68768581211279
-9.785549553038384,-0.0010347137073537,1,258.06480316524227
2.159848707464871,-0.0002071396647417,1,30.299918742217958
8.131171786971269,0.0011419009668364,1,155.33663689145578
-2.7868472921136007,-0.0022369031087638,0,1.2796943750842886
-6.695007627879068,-0.0023403733545247,1,30.32052703297728
7.023750598931059,0.0004432506188468,0,30.88540878200503
-4.677631476928359,-0.0039111323971209,1,-12.964601353665914
5.786191566753017,0.00205579034617,1,27.306564361600362
4.540239549698754,0.0020463416124862,1,11.55140734560429
7.941449008423618,0.0015373940909039,1,116.24892131201548
-5.551897135376656,0.0028694043230836,0,219.82510887394602
-7.6009498188655344,-0.0016932175706595,1,89.71126367647113
-4.839508196053448,0.0002356809258573,1,100.15137011445589
4.143503268481776,0.0011836483870817,1,26.74015863608048
-8.437161886460755,0.0015106363722052,0,176.44207073825345
2.2531929994728443,0.0015012038476923,0,13.726643211058388
-9.096131521788111,0.0007993740367522,0,142.4293291095963
8.569933940322446,-0.000230663221327,0,81.44006671281863
-4.995581650626482,-0.0037612458191782,1,-14.143858714308713
7.584412380375927,-0.001559443396494,0,165.28640741782453
-4.618941145501882,-0.0018842227277723,1,4.185433701724488
-7.127375171882786,-0.0042746603424226,1,-10.873445863670602
-0.632765263044103,0.0021791011689232,0,64.54585444197903
8.581495689749996,0.0005717940564397,0,34.11758116216333
-2.335167919300563,0.0009225013684036,1,55.772533710938
-5.675576862165133,0.0016160376850104,0,112.50013011395029
-1.6600949455980647,-0.0006345137712006,0,-2.0700667517147817
-6.888855993012752,-0.0028020281269354,0,-21.387756203791888
-3.180092989009802,0.0019045010624662,0,84.65971757561326
-0.7632135961513935,-0.0007852845171448,1,0.9548248517098239
4.330591093709122,0.000379553538115,0,16.541739737491888
9.809539032026006,-0.0026008130991958,0,327.3156074109695
3.8160551256133104,-0.0002096422199939,0,28.375428487661896
3.777527073835312,-6.269170959088647e-05,1,66.55944996689973
-3.5100134568697072,0.0007283359935301,1,82.23592893754224
-5.222645534481892,0.000842544560231,1,165.828971227659
7.266145718385747,-0.0007772971143583,1,280.27930828036585
-2.502316941592806,0.002306026608717,0,100.79420765214167
4.985824855391911,-0.0002885568367276,1,122.93957620622393
-5.665927451590194,-0.0009003176081509,1,62.6373671754275
3.860382207206346,0.0003377635421201,1,51.12494202942164
6.367931131450288,0.0006611442557379,1,116.58810102431053
-6.0568544036302345,0.0006907899933851,0,63.951995619537286
-0.941831412418022,0.002797239336116,0,111.38004844039739
-1.0144804040381563,0.000794761285354,0,12.756849542482982
1.230081671102397,0.0001499764276007,1,8.483978332105837
-1.4275723108089835,0.0014116081143605,0,35.66402919606073
8.149032133593849,0.0017509922726697,1,108.42268994180475
7.101091070505184,0.0012005008004535,0,7.026848891723781
3.7926356864498505,-0.0005988134306638,1,94.23916863811948
0.4263723986448937,0.001015794350532,0,11.32631204684749
-9.30951005895216,-0.0055820611469094,1,-7.680713485256764
0.4969201983004971,-0.001105645820676,1,21.187288523273967
2.7742133909160387,-0.001139196579585,1,84.95393373578062
6.638282491707972,0.0017294452107897,1,60.676412306660914
-0.9335813951334532,-0.0006566289607123,1,-0.12916651083895703
-4.649924567211778,-0.0020148997648209,1,1.947948184960456
-8.424610968215596,-0.002840583289336,1,61.75787603311661
-3.458464980796574,-0.0027884179588611,0,-0.3539239867234474
-4.869072912336414,-0.003603294396395,1,-13.343748087202778
-6.759880740658919,3.852140873232443e-05,0,45.763962276049895
3.160673408810645,-0.0012028726593193,1,102.72390767622568
-8.418166558373875,-0.0005501937979555,1,216.89945349710086
-7.412410332968227,0.0006751360623969,0,90.52151349757085
-9.678917344577506,-0.0017593719850608,0,29.537880305659854
-8.915802793642708,-0.0036776292522359,1,42.79409940456174
8.819049822097988,0.0021638746236641,1,102.48337714858206
-0.7220896059417186,-0.001498676878826,0,12.44668773461456
-0.0280707227329521,-0.0002142875493932,0,2.420703871584775
7.807575030452455,0.0002985407593645,1,212.49156317409464
8.26963171590575,0.0051986849592058,1,-5.454382977914915
6.293698044669011,-0.0006973142656996,0,80.38390155199403
9.347075343872476,0.0041644146193913,1,1.8722029030569372
-9.75860179603622,0.0015724057976311,0,225.96637816850816
1.125306472673273,0.0033153750197718,1,92.13520534569432
-1.0462840655442402,-0.0004912242511262,1,-0.04340154103442373
-6.849100883094382,0.0005310496628572,1,227.7988552098471
5.431968455593284,0.0040195692820052,1,14.471856195622705
-9.896955594883472,-0.0009894755433824,0,64.58362252363881
-5.012006412425672,-0.0002811451196149,1,74.20131524188693
3.510702377008849,-0.0011767335544167,1,115.38283313028998
-9.938806127990436,-0.0003208129835626,0,98.22612176949161
0.913996810876494,0.0021964716083415,1,35.25852959486478
-3.84819043390978,0.0004729271684066,0,24.093020652254985
-3.089201902005647,-0.0010785964863304,1,2.9160260265081988
-6.797390900890767,-0.0029435627771265,1,13.51042502206404
8.226333489396549,0.0029822103113412,1,35.000067086749176
7.066148831593782,-0.0001206354743763,1,209.6435434112065
-2.649281181622891,0.002312166266624,0,103.80294459250482
4.30174126915106,0.0034898307739403,1,18.25717732062286
-6.547409284459946,0.0015301444928086,0,126.29788015829416
-5.148835709251321,-0.0022640260466198,1,3.078613331693067
-5.814168572884695,0.0009188679534228,0,71.61830835227008
-1.6504986049991963,0.0004461418150021,0,8.114169837962967
-7.326483864012909,-0.0047283606812182,1,-16.580646500795304
-9.442931477599908,3.206282744563468e-05,1,352.1507520433595
-3.7103329517206713,0.0007659587651548,1,92.04478171869962
0.4357949996347052,0.000567792041854,0,4.941914479161433
-7.746938134967428,0.0009948197931032,0,118.5520379490016
-6.291205968745352,0.0010058713647286,1,243.94141338353293
-7.459862600969352,-0.0025872796910494,0,-16.999390383513937
-8.898910490442782,-0.0015576685890467,1,159.13214960700284
2.978186597348323,0.0015827234000196,0,12.209822705787857
6.576692933394,0.0016697218662825,1,62.1421385382526
-1.4402660685450286,0.0027148469522901,0,113.43682388759922
3.283850086401996,0.001545349838367,1,8.97406980109341
-5.364230827423091,0.000813872227107,0,58.28809878328
8.460523611932707,0.0034840526023166,1,16.909667126894448
9.354258543856089,-0.0023915015149878,0,290.32502297000946
-0.3664850116613962,-0.0020734487809957,1,27.301147236360286
5.061832892096112,-0.0008294852834419,0,69.04721638432738
2.734967355377586,0.0001245232246386,0,12.38845896746625
-3.9238941633428777,0.0015585562875007,1,165.06272574509632
-8.178609404743062,-0.0024248141636239,0,-9.487372449776656
-3.8983276851981694,-0.0028081989225636,1,-9.194972361651494
5.557759036151808,0.0029430681634991,0,31.94056882159931
-6.495210858000162,0.0008312705344174,0,79.87967804330319
3.74549525328888,0.0029923221374772,0,56.81534368293634
1.4303725681956545,0.0005220464153677,0,4.923045370737555
4.553344617116492,0.0028478836913905,0,39.490896170705724
-2.534632811804853,-0.0028293889576432,0,12.854823023649727
-4.936608179308242,0.0008981666757982,1,156.21497401599837
-0.1062910144843236,0.0020571629709522,1,53.241817296877755
1.123290157374715,0.0026033949349038,1,48.750067422912025
0.2885012350112799,0.0014760822270039,0,23.930707000797245
-5.901502312098983,-0.0001979058831594,0,24.3270133484578
-7.731889332236211,-0.0018510185749789,1,85.9856546213278
4.679490934397732,-0.0028045106763708,0,184.14723173680989
1.4120347896886294,0.0024024695706506,1,33.227251066967604
9.334537063715622,0.0050813706644393,1,-17.710413526648775
-7.553586423861097,-0.0007597768941195,0,28.09779064463633
3.952868831508321,0.001648182535123,1,12.984742171135641
-0.4927532190181711,0.0018082570058085,1,50.798887389033204
-7.809203737561337,0.0004964947629413,0,89.32713480221398
6.912831222799738,-0.0003062469204094,0,66.35286931287567
-8.11306376579264,-0.0032604820373786,1,34.76937659905511
3.749449405433765,0.0036805417105445,1,35.26433455566026
-1.2764581857045876,-0.0025287301315517,1,18.35280117920998
8.39676462888206,0.003828009143278,1,4.346610760276054
-9.470285460730803,-0.0006597598053216,1,274.70746983932065
-0.6091835792222504,-0.0018393430177741,0,20.832633957753124
-2.445727401086417,0.0010171495909584,1,64.19082021435447
-0.2300083746899233,0.0010089539144114,0,13.970473569928215
1.506301969416162,-0.0013690800586254,1,53.66020669680422
-6.25966549317485,0.0015056681889169,0,117.74563383742444
1.7368119227499523,0.0010747510552435,0,8.496691713752831
1.631708493635779,-0.0019565446350017,1,82.0483130947637
4.61998487135771,-0.0012949589806747,0,86.34597656899709
3.5394529167412614,0.0035980967505514,1,36.54632013046391
7.884068103748824,0.0021726821923073,1,71.08982843531521
-3.938085175555191,0.0005681864541905,0,28.36961457442856
-3.94863381751213,-0.0029184923194603,0,-4.984212773750014
5.89223090853422,-0.0024345904205156,0,192.38077518427514
0.0142393997012106,0.0020984948463493,1,52.14862290732729
9.00218292105983,-0.0011357045060237,0,158.69745485893492
1.614782323875641,-0.0024075265659247,0,79.9583671686741
9.42641590592386,0.0048118394572813,1,-14.816541158767471
0.4304304944632449,0.0023063540505751,1,51.77263628856071
9.272116430808854,0.0007829716000834,1,246.94493764633785
8.299919193408812,-0.0015837571429112,0,183.528059317435
-7.778777832835859,-0.0050240959576746,1,-17.415718994984104
4.70591450886808,0.0023115780528819,1,8.847010073431896
-1.430655266547923,0.0027316979897288,0,114.6091018956736
-0.7114049382834686,-0.0004612948262551,0,0.7757760290729423
5.316866300375855,0.0013409217432073,0,5.194502212305077
-0.0964779920138969,-0.0029407024014904,0,62.2730013012995
2.874089697806072,0.0021135976039213,0,26.35186624412914
-9.119563392397868,0.0010867638984488,0,164.03867168025903
-9.435014570558645,0.0003570718054511,0,123.1979477867605
4.564215324100143,0.0024996069018554,0,25.28929793378989
2.025986064783565,0.0010073146113849,1,6.371418798841364
-1.7617690950507594,0.0009539698046618,1,42.14208485358533
1.4303168159059414,0.0007395485820079,1,5.127693153774159
4.581499311793284,0.0042992231247825,1,42.82121330114497
-6.943524209973717,-0.0005020701063134,0,27.925631011726615
-4.472791858581413,-0.0036634446899716,1,-11.856980797507516
-6.21868731784579,-0.0022985195210825,1,20.614704810640045
9.334463574764944,0.0002863769278789,0,54.882536379972045
-7.681883401638155,-0.0009023071731142,1,145.91888392248865
-4.680019280771388,-0.001965528582517,1,3.2765780573007284
-5.61214515965686,-0.0032785381684799,1,-9.034074008050622
-1.9462650156528325,-0.0002431227305415,0,-0.7883665025514475
0.3744452513336167,-0.0021220821866437,1,47.76496374265452
4.700863339250702,0.0019993910565199,0,11.196255023239127
-4.780904908102894,-0.0018569769827555,0,-11.959360430079622
-5.450626469111541,-0.002887828008596,1,-4.813597066143337
7.785993184133233,0.0051250683581444,1,1.2676431544508722
-2.113829205591216,0.0015701664728155,1,87.25704111467758
-8.42747420086122,-0.0045291541950491,1,3.1691962366985207
5.461230959666555,-0.0002355627426572,1,139.88029980857416
7.135279519151894,0.0008115007951857,0,17.852515090535768
-7.788728484929354,-0.000482164027791,1,186.06054145293498
2.930305349217868,0.0025959022229835,0,45.625349288089424
1.7468435959930986,0.0002570280918861,0,6.346050207807582
4.84745121436813,-0.0012263141224509,1,180.3508659934364
5.351672721636065,0.0008547856353471,0,11.080246811298275
5.424806602998286,-0.0011228663869176,0,91.1076442889426
4.125758852880441,0.0040401627950952,1,42.27243472150869
-6.279402032590815,0.0028353927290896,0,237.21654785181312
-3.147603981355765,-0.000106743752367,0,3.9663557493649764
-6.400446723520887,-0.0010359453098759,0,5.986818430098518
3.0358712025452945,-0.0001462319776846,1,48.941885862543735
-0.8971268006407342,0.0025160621945623,1,109.67464985294541
0.0560664254498171,-0.000534128739635,0,5.013199049316832
3.235485655468702,0.0021648753710382,1,7.126675442356087
-9.51683528093612,0.0025303979964833,0,314.94950651426035
5.522442698431789,0.0020877385682827,1,22.059760161025178
0.5843859136198777,-0.0010397040404443,1,21.271298297671052
-9.37117925728029,-0.0052425291036218,1,3.12523094710674
-1.291382904068275,0.0005012355593633,1,16.691974461815803
-1.8693943232783996,-0.0012585079051233,1,-2.6505067131689453
5.338621281927807,0.0016102603686378,1,34.954776762873664
3.7246479518971674,0.000382137969013,1,45.831317378420465
7.592239749340905,0.005267590604051,1,8.826905333974448
7.904668414348055,0.0037950972369864,1,1.8022835186836983
6.580615095653229,-0.001175731563236,0,115.63863662123742
-9.514458288777082,0.0029199543514942,0,362.03239970107387
-0.7639222804331443,-0.0001905938658376,1,1.2187230668626072
-8.533105899677231,0.0002877094823289,0,94.85722238046856
-1.5258369578454491,0.0018842195550718,1,87.39449575788245
0.6931322178781407,-0.0021333458897564,0,50.22541381516017
-6.578241377885671,-0.0044570844516989,1,-17.752339647805677
4.583265075787919,0.0023239950742166,0,19.561797801526623
-1.5639679003817193,-0.0004530286329677,1,1.3499458830717077
0.6536049649294959,-0.0022330380504007,0,52.99278075327057
-6.944192706489966,-0.0034675322540763,1,2.842971702543861
0.6096517500957166,-0.0004959557034388,0,8.084646737176143
-0.7867131953888435,-0.0004224142518874,1,0.3267867880527464
2.405136919577547,-0.0016196599302185,1,94.96491422883744
6.618775016985524,0.0047054492999303,1,12.165581157529541
-0.387031502466117,0.0022543744926205,0,65.77679922423923
-7.080641798958252,0.0008473351532052,1,277.9014353197177
-5.770589587233692,-0.0005788551884517,1,84.17674802641966
6.719815606651608,-0.0015980011617107,0,148.96655136524998
-2.1604368617273906,4.342238968206526e-05,1,16.83959567460252
-2.5617703702701373,-0.0027129370094743,1,0.3159471325702623
5.507012139812609,-0.001674330132972,0,127.38617269971479
-0.9115833455194142,-0.0010031719859802,0,3.5630607108577173
9.747140307169026,0.0023275791560869,0,-21.66100148841958
-3.22105382464438,0.0012193818855414,0,47.058093931983585
-4.436052805207353,-0.0009113954910801,1,28.447785730600533
3.768067447330111,0.0021889443373341,1,6.63465125974516
8.341050627088727,0.0032535991850584,1,24.632549532103994
-7.398085379960233,-0.0010847562750172,1,119.1939335239324
4.87398682155135,-0.0007400443815624,0,61.840100698793464
-1.715727117156284,0.0001971117747073,0,3.9856759711459495
-5.67158582355078,0.0006277619406107,0,54.23493530110776
9.060791709389427,0.0023092739144801,0,-15.563619555247687
-4.177882231806449,0.002609028486325,0,159.165725347598
-6.498550792143143,0.001643173106162,0,133.5452875546417
-4.287687433791872,-0.0003996512845867,0,4.183152515205014
8.420609712447511,-0.0020413032262415,0,228.56859267817623
4.927330096002201,0.0035068259905603,1,10.39738120146867
-9.890727765804122,-0.0012575658571488,0,53.00385541911464
5.285526549760194,-0.0020177276738483,0,145.54512049232068
6.4196332991237455,0.0008376834288022,0,14.657827969966808
-6.808754907542682,-0.0027447286604629,1,19.58033576476451
3.914135729958348,0.0028514545666188,0,47.153787517076914
-4.67945375226813,-0.0002430787733937,0,10.517461718245691
-9.452747130175998,-0.0031949684675429,1,83.39612783234071
-5.984036989402179,-0.0041859857219593,1,-16.929463218151458
7.714774560146125,-0.002416200379942,0,244.01130956750342
5.434188518481914,0.0002396170785194,0,27.52665679515855
-6.853184321428896,-0.0033346836006051,1,4.4564998064925145
3.929793203815152,0.0019291392754045,0,14.225464081134152
0.6680794531712682,0.0025774591708491,1,59.74032955494707
3.8822867256554687,0.0028869207124545,1,10.708317392717513
2.5162947659794312,-0.0009254677666196,1,66.33301752325016
3.951464535867952,0.000147757228139,0,19.603134806434333
7.366822631766073,0.0007886411102917,0,19.463280877867902
2.476220419644786,-0.0008588525887438,0,34.26655945142121
1.7906549639242098,-0.0012315295310235,1,56.74061361030283
-1.010529765346872,0.0022269931032217,0,72.42355870555244
-0.0450663053796578,-0.0019509302481328,0,31.879525734915873
-8.675742449493928,-0.0054612791728306,1,-15.349473564296446
-9.524884671691929,0.0024119798257385,0,301.8218587860452
-8.504898982671707,0.0010650745785919,0,143.9937913456377
9.848206759177348,0.0058155169737857,1,-22.62198577016714
0.6145645985013992,-0.0010404753717372,1,21.862743839664326
-1.0872333829167466,0.0003282648218644,1,9.982278577778466
-6.255040861454731,-0.0025553482792543,1,13.754311211954324
-4.855820359048204,-0.0024554428157725,1,-3.4933481664239654
-9.155700071299869,-0.0014615295874729,1,180.71786300306002
9.959939708463487,0.0046362531296069,1,-9.351784855034872
7.163293607032927,0.0034108334761359,1,5.711846250299526
-5.458425056352172,-0.004218456408565,1,-16.996889229352877
3.292775998080856,0.0012969218652945,0,7.696289568336671
-4.752901738472253,0.0004327477671098,1,110.4372256268772
9.166461466049403,0.0005558052469181,0,37.98794274821474
0.2669245024774866,0.0028614587834372,1,90.87033343444193
-5.872366345981863,-0.0008026372820011,0,6.813878679449388
3.970882817323659,0.001583560700744,1,14.364097286125197
9.290329142978958,-0.0005740107165269,0,116.21190938521832
-1.273632883345229,0.0016753281217296,0,45.73570094386109
1.5011129058107784,-0.0001727010882117,1,17.3889792420904
-7.845672759228222,0.0011048580034115,0,128.64026572301808
-8.886317918596955,0.0024744170695536,0,284.43259281760965
-0.8718823598960785,-0.0021048471384903,0,23.26388441690426
-8.562505059420921,0.0024526637274577,0,270.2634686390909
5.772571603938728,-0.0023830037990906,0,185.0011603044052
0.5727424147889764,-0.0013169328881115,1,28.128971969649122
-2.801546860459487,-0.0010253774611392,1,1.3734887998469274
-7.390738354734026,-0.0014944588923684,0,4.585525048670963
8.846089369174873,0.0001721338466488,1,284.4936224689683
1.0260306117481868,-0.0020258388036811,1,64.17912892553613
-1.7765217872006254,-0.000991229466016,1,-1.998168272320183
9.99667576356789,0.0027703651968534,1,97.60420713590855
6.712524695192709,0.0018878777190751,1,54.429649700132416
-5.325525227741905,-0.0028881521908818,1,-5.90365061882903
-6.904837324695197,0.0014039367255768,0,125.83811780604077
-4.88554216228793,0.0011095090495026,0,65.74684665135499
-7.482708588766305,-0.0006845453844242,1,152.69941979830725
1.2417564382865578,-0.0005550522254415,0,13.766626200208126
-5.949061022502664,0.0010290261006119,1,225.16792858265495
-3.4518413411726456,-0.0026235266158876,0,-1.870911661903707
0.946628398268615,-0.0026082736894078,0,73.40589319088673
-1.184166926772228,-0.0011919801702104,0,3.625651493291196
-0.4974222240629462,-0.0002191584729694,1,1.0632282919920135
-9.929679615865068,-0.0003867491982586,1,338.9650855693672
-0.31317106934139,0.0010792577876814,1,18.673289707044272
6.963597402804787,-0.0005693541693381,0,82.48100146606319
-3.665964402430793,-0.0015502975263683,1,0.24523603078057232
-5.31298197425664,-0.0028441562134201,0,-17.113703128255942
7.994402749771886,0.0031653632430558,1,22.63903165949863
4.450879123642853,-0.0004650366410683,1,111.9948153286447
8.071714645667708,0.0015847161736781,0,-1.8185677593145209
8.576644485181568,-0.0004770023370376,0,98.82310071485381
-1.1949273812826815,-0.0025872926695637,0,29.752434229520535
8.047980172360845,0.0036607031270271,1,6.210625609923366
-0.0839030434349155,0.0015990485159971,0,31.066156373764116
-0.11125971079014,0.0028406080369786,0,101.07129988399367
0.327044555033515,-0.0024470628569991,0,54.11672513355299
-6.679547351630434,0.0017416047254215,0,145.73747287972583
1.3945400192245485,0.0022792733159122,0,46.524105688295606
2.547328318195861,-0.0002843883211198,0,19.092835537031494
-4.549170505454702,-0.0026767072804802,0,-11.856816258113128
3.8575849428229887,-0.0028135684831399,0,160.2110367750212
-0.8154413269583856,-0.0013128918635869,1,5.008177104737562
-4.552768241098226,-0.0021899646718023,0,-12.24347471581908
-3.629519635018168,0.0010765903929458,1,110.87098934886487
-9.724370611017806,-0.0050634256127108,1,17.228641784614453
1.2158599694360088,-0.0017790813381636,1,60.60878388156979
6.767511564247453,-0.0004228500377825,1,219.3110207708043
9.566698709515244,-0.0007985179858031,0,139.17481891626738
9.112575683537926,-0.002509356863059,0,295.55828148023477
5.726224301364152,0.0042135277879432,1,14.685355203976746
4.108450737272866,-0.0024552714409011,0,144.27366729586183
-2.7723542967059505,-0.0014593794648159,1,-3.537065622213863
-0.4574863525341008,0.0027131838062076,0,97.04591759904778
-4.886280912300078,-0.0001587163439865,0,14.566866386233768
9.684289382774246,-0.0015291412501416,0,209.62005149890106
6.250384551735838,0.0015471671572361,0,2.6392948579276077
7.533430660648737,0.0003960116543647,1,189.65290418487143
1.985945953391253,-0.0019894241706575,0,69.55855214992832
2.8635909413672085,0.0024829240754091,1,13.461927369823735
-8.185927294659518,0.0014753636104616,0,165.99330234285466
-2.3540008125982537,-0.0026734511797912,1,2.540747059464784
4.553065652144264,-0.0005683681897722,0,49.694084404582114
-9.503145251971723,-0.0005573145465088,0,74.9211245851968
7.576262266333863,-0.0001212115501408,1,237.88138089839285
2.301089649424956,-0.0017511000491285,0,65.38983463270058
1.983004126163122,0.0006785783217687,0,5.6868112138814375
3.131482467268057,-0.0008469667336057,0,42.26717697880541
-2.4980696898260835,-0.0022569192591708,0,4.681884547819235
4.542865001499138,0.0039338002318843,1,28.048596093379405
7.499156727719058,0.0016680758976742,1,90.93322659077742
-8.947821096642976,-0.0052686865145741,1,-6.148050327323604
4.0507578802626405,0.0013748113210256,1,19.993473418472078
6.824291505696227,0.0001563102210421,1,174.2504858064632
0.8490606916191705,0.0030793960243526,1,85.33852468179359
-2.564317684642024,-0.0026261028068963,1,-0.5743082971663318
9.372892287644248,-0.001868580427595,0,236.31836247146765
8.893725210536527,0.0003933984960315,0,45.4597532736953
5.955145177857599,2.0913001448173526e-07,0,40.95760248105037
1.4783274456821438,0.0023114623845121,0,47.21204057020763
-0.7487554962031329,0.0013464802145735,1,35.8049476457915
-6.811163565345549,8.57092845951285e-05,0,48.658729512271485
0.243842768326246,0.0013601016453374,1,18.566627305630902
5.546362201353066,0.0018279403918759,0,4.882691494380797
4.33500447949644,0.0003253623752674,0,17.802608238620802
-3.142218505855265,-0.0001888476075701,0,2.494742464171666
-8.899361184625178,-0.0021350009184703,1,119.23890779977594
2.725371439540062,0.0002578768792996,0,10.366138325235973
5.146633695610474,0.0026473620983667,1,7.109444903300704
-1.653128286109922,0.0017961409368753,0,56.22907243441823
-0.2988891547967309,-0.0009708901212188,1,6.6027781529120295
2.2905166445295766,-0.0028620610931874,0,118.67236298203537
-2.370865901269424,0.0017048108645444,1,106.63823969231294
-5.416578583917088,0.0002162618972954,0,32.87610024731825
-8.225198052058474,0.0011190594568029,0,139.9681370021852
6.089668004118241,0.0047277195231856,1,23.94948972859931
4.1542092446652426,0.0013095049387596,1,23.281036404654074
-9.82927545990677,0.002493360162825,0,323.24533594394484
0.2885752398016343,-0.0018249467361761,0,33.47600252950372
-8.51281402701099,-0.000941137868417,0,37.57484433469159
-0.6560227768166733,0.001872697543306,0,48.46514118749256
-7.442343192081289,-0.0012848655927778,1,107.90931391696606
-2.919544961099227,-0.0028274245266402,0,7.173962197761963
-7.619701266003984,-0.0043815525515361,1,-6.86684380713684
-3.5379373878286184,0.0004347181003725,0,19.941383417345346
-2.4796718078569047,0.0007224143303435,1,49.667297470214365
-3.636069856115887,0.0015438063563303,1,149.39884897332954
-7.049795882375182,0.0005945502951881,0,78.10006747214518
-7.523371608313953,0.0024626359403512,0,236.0865802932712
-8.495829608442058,-0.0004786497486535,1,228.58087361766627
-0.3071464531228436,0.000733015953843,0,8.602359893263015
-3.242147220156548,-2.7212491464309407e-05,0,5.966705532423502
-3.603814170422728,0.0023323575049395,0,123.2521200802455
-7.2287153919122416,0.0026009014184624,0,241.21589494807444
-3.2472344195119724,0.0011785390696089,0,45.48159384489536
-3.130539368122605,-0.0028114923197062,1,-4.837591216994801
-2.34706115458311,-0.0026516429748379,0,12.663488183049619
8.996531576251037,0.0003241064455831,1,277.9512419986226
-9.981806791830152,0.0028310189268959,0,370.46215822407714
-1.5002771276395066,0.0005083209196898,1,20.08676015325181
3.480269075518269,0.0020254592768483,1,6.6813198899446675
7.149994573796384,-0.0011098091555389,0,121.67201976448348
-1.4954704214294663,-0.0024070766598666,1,11.86350102326381
-0.2880498444688761,0.0022990431610855,0,67.13549367360969
-3.575779099375387,-0.0023152441293272,0,-5.518905015420053
0.0541602657086137,-0.0013126025659246,0,17.372156395252993
-9.08814085713691,7.582585531625845e-05,1,330.1908559118067
6.531698649189078,-0.0007017046566201,0,84.21701733629052
-4.633972339895731,0.0009293260656944,1,144.0600106791141
3.676879510586822,0.0034150633878693,1,26.62775552551709
-4.662262504088821,0.0012862711338546,1,177.7681679438961
-7.172464701667001,-0.0018690049351722,0,-5.613563295774667
8.996398537114192,0.0015390290218456,1,160.71286169217873
-6.56553027332266,-0.0016183892560648,1,56.37817498327454
6.819233986385104,0.0002474361684297,0,37.72907963712787
-0.3874298555006916,-0.0001346911088594,0,1.2120966557003068
-6.261271510865816,0.0027408735513639,0,226.50515786147784
-4.831153174099788,-0.001947820166171,0,-12.485959915648579
-2.591566136232317,-0.0005154370363853,0,-2.731231530245183
7.253790860544083,0.0005805619789288,1,160.778179791377
9.284934558559222,0.0024646141834787,1,96.4196969376483
-6.646337889620009,7.684483770398443e-05,1,172.43860574168357
-6.983312451517111,-0.0004375340175497,1,146.95831831545553
0.2520570705221345,-0.0028147085220934,1,68.4582378825641
6.2462097314678005,0.0045650347049628,1,15.19146218196984
1.7727492473973072,0.0009666050458635,1,5.576800929562619
-0.4650020852070451,-0.002158279858881,0,30.887164572162018
9.275636263795889,-0.0027164418120277,0,323.0161735360518
-1.0588099510980309,0.0008168777206693,1,22.43015412813765
-5.615432389281088,-0.002820723740977,0,-18.67837989678346
6.825432903613564,0.0010216505140007,0,10.930786257937235
5.47578979425489,-0.0024808859917704,0,184.00640001908272
-4.161388406488196,0.0006387428220556,0,33.55290357802366
-7.636169186482656,0.0029480169809691,0,293.9893067814764
-9.4558804949586,-0.0022098603855122,0,10.944831176813683
4.640191214287974,2.814561434200528e-05,1,90.54110014596836
3.878841672212266,-0.0013021766167135,0,73.40391237751112
7.30384575814162,0.0024887597255227,1,39.16791714524371
-1.332183086654874,-0.0007921972946082,1,-1.0849916289931762
4.539387914143042,0.001479182546668,1,24.67914410917521
5.268019032204741,0.0024770170480313,1,10.132231058510465
3.2282708111586462,0.0029650748990826,1,20.202033585596457
-3.3311300916054947,-8.171538869332492e-05,0,5.323959188826416
-4.784941585328582,0.0014925674928935,0,86.33839780961421
2.8597587535935283,0.0025675844269425,0,45.01760020815041
6.02819209612592,0.0026049317946847,1,14.420632804975739
-1.274097461026802,0.0008881571290581,0,16.57244435285086
5.305317431427559,0.0023538532852704,1,12.733107869155763
4.661254420004511,0.0018986994262107,1,15.602912666151902
1.5503709699326471,-0.0004856649874675,1,25.842622932817015
2.548723268574985,0.0029773999657828,0,71.74530431431154
-5.975707306181208,0.0015030169281152,0,111.14837749368309
-4.653715368735263,-0.0003509354475821,1,58.636168938401944
-9.485280179229251,-0.0002836741477331,1,317.34050916103456
-0.922671769885353,0.0027161992030096,0,104.76216058085032
-9.268173276603196,-0.0016992226745233,1,168.30603511424397
-7.003799897318165,-0.0025965882452347,1,29.028669590020755
-7.525415627062284,-0.0004990222642865,0,37.03472081612936
3.277112332429869,0.0027062792329191,0,47.221836005224574
-5.713268235794833,-0.0027509790020113,1,0.4730302463810758
3.35600552818166,0.000805199535792,1,23.970852869059886
-9.590716272132225,-0.0002376143229687,0,93.2507000584203
-3.601521384554907,0.000687346623172,1,82.90652109193024
5.018175904569802,0.0007054745230556,0,12.863936152816718
-7.348929584249957,-0.0030927109906176,1,20.93467294533351
-8.908587963080482,0.0020457005924022,0,240.38272349442934
4.401535327221142,0.0039350164183783,1,31.116947742790405
-6.325350475780416,-0.0026352596422114,1,12.884616868531829
4.522055408012033,-0.0012194151769392,1,163.6418721145755
3.065172436864973,0.0018590396719064,0,17.60963202187944
7.428553521805391,0.0007073882406692,1,158.71286006835962
2.4131435733366864,0.0011453974782296,0,7.970794166036356
2.661106545005252,0.0010234490915336,0,6.793790316867786
-7.11588902922162,-0.0010229796195958,0,13.91874240699761
0.0703546277032725,0.0007321138628421,0,7.517931798393066
1.8228666961490525,0.0029394606786326,0,79.29737511685855
7.132556840165535,-0.0011657449153787,0,125.39616321173617
9.033516788293811,4.508154157704797e-06,0,70.57063733354317
-8.886641653027558,-0.0027019930181444,0,-9.755389659099768
-6.672595429937522,-0.0025076645177485,0,-17.930901399663938
-0.4544836758204003,-0.0006055719931713,0,2.756094517807468
-3.957387274212385,-0.0005602709981553,0,-0.35844738449428215
-9.254876592784598,-0.0043007058958964,1,30.008202495591355
-5.276055063509375,-0.0007504227096621,1,57.77402611665422
-2.6806667997729754,0.0011322222345046,0,36.85474011639457
-4.815092749120094,0.0010597387272071,1,164.5473458357145
2.387150897289697,0.0017586239416079,1,7.143646020244106
-5.883032542287545,0.0004077417124793,1,161.3061331751056
1.1426068044347488,0.0023786836835586,0,54.301176218120595
-0.3010635119899163,0.0014286352437158,0,26.612362975191406
3.2062358324560734,0.0001505645814807,1,41.936714092101965
-3.374039244835787,0.0011513496977556,0,45.816178917196936
7.975180716773245,0.0007496625552912,0,23.270876883347
8.89466037432426,0.001919903450286,0,-10.72379662308839
-2.4648397753231404,-0.0037279679760622,1,16.708522281689255
