x1,x2,x3,y
4.397036643610397,0.0019429591938852,0,11.716775372992592
-2.783893760694516,0.0023050270391444,0,107.17270039825226
-0.5287238061372594,0.0029086079454243,0,112.8416996024778
4.321660176186352,0.0039086871791438,1,32.154257945548906
-2.6408115459513564,-0.0013681725081504,1,-5.046876942839023
5.8434572118254735,0.0022965262402377,1,17.00029283494126
-4.491191434761907,-9.251332743987482e-05,1,69.06872702887262
6.12049713904209,-0.0004863272578877,1,190.0633782224599
2.8267589544234006,0.0019873331376538,1,5.706015721760955
6.121192187359789,-0.0024060640558957,0,197.3855804162708
-6.551610661562939,0.0029753493094261,0,262.7166506933985
8.936074278069285,0.0028740477263316,0,-5.75061405501111
-1.2604588698689057,0.0021860441124341,1,99.47800243586173
-4.570965294601342,-0.0024408519470916,0,-9.975790928144288
0.1890043781650234,-0.0005440078218883,0,2.8363767401688995
-3.5096147124611266,-0.0003493578128159,1,29.25873009703419
8.916812650424255,0.0024845675520225,1,77.72041917299023
6.303588557132763,0.0036855324472981,1,1.8401848502448206
4.626334861641455,-0.0010652394767853,1,159.79903015688106
-0.8744652925992717,-0.0004599416358806,0,-2.358381687820178
-7.061384544854887,-0.0011340956570072,0,8.15193657884506
7.922174985898174,0.0009661503716308,1,155.32608535966293
9.745625496730709,0.0015500165433378,0,-3.345950008209744
7.993684908708893,0.0043687218407983,1,-4.703962736997948
-6.520080450211905,-0.003169669381252,1,1.0531249574147183
8.983864301247543,0.0011209894114367,1,193.61724513377987
1.3341269179897886,0.0004842251948577,1,2.946037793672095
-1.8772980617128037,-0.0019315150192928,0,7.132838791036776
-6.982594782188039,0.0003115905057785,0,62.703354532148204
-1.4487172090106153,0.0024453373186808,1,127.0416745548676
1.2828173677791472,0.0031596141237087,1,75.56937856026474
-4.6985318336432735,-0.0010209615496931,0,-5.993449393373521
-4.348490766801774,0.0025441492171279,0,159.04976688585455
4.791262381461724,-0.0003784230526865,0,39.54576317191118
-4.017629615760663,0.0007563149607834,1,105.61605028192224
3.338047590503692,-0.0007091051574589,1,81.02063646435576
-9.356862210213086,-0.0054971108792051,1,-5.902269229680737
-3.7001512116961983,0.0013697716656499,0,62.86025369558391
5.103799238716887,0.0044828099877492,1,38.34171391208533
-5.476501717081068,-0.001674688379705,1,24.345780136118083
5.9721337266494,0.0003883237136259,0,22.28728661922172
-6.228025311739158,-0.001361632443046,1,58.77396236578757
-5.599193195694272,0.0024039300675377,0,177.4357889202888
2.6249960716547545,0.0027245593041565,1,22.33234449407017
6.40403224881609,0.0002299334258914,0,30.911039395593587
5.3171006725799685,-0.0024658161689389,0,179.84520568626985
5.593373003531735,0.0031555807151477,1,3.284926668260977
-2.795417625199644,-0.0004728765635045,1,11.813748385537458
6.472953719823252,-0.0010180897829143,1,260.07900953363054
2.636141223139596,0.0031717688449536,1,38.76834086354971
0.5954044798492895,0.0016047915013005,0,25.941718274400817
-9.99631301711613,0.000435973726715,0,145.5762054189823
6.191303864961903,-0.002586450972723,0,215.6037140427991
6.047786492858137,0.004632869152474,1,22.780226747885813
-8.4199918419246,-0.0046003536048426,1,-1.1601402785169899
-0.4768588807103917,-0.0002301596931829,1,-1.3067545640642244
6.809655487943868,0.0026706514005516,0,10.91388905686856
-0.8904648623616289,0.0011330571933559,1,30.653630039510375
-7.850825350788795,-6.015316851932779e-05,0,61.036416195546295
-4.195793371270352,-0.0015447469533126,1,4.910365998399235
-7.662103145381735,0.0003811746193991,0,80.36331557264015
4.662582273445331,0.0007960870006238,0,7.400249783201181
-1.524296650330779,0.0014216922114067,0,37.69043351372259
9.917888710119955,0.000652913736101,1,298.8425287942476
9.200135398581876,0.003769480347143,1,14.969149057408854
5.806862900728671,-0.0023972294281009,0,187.7901102454919
-7.909058803404944,-0.0040456864161077,1,3.218611435967269
-4.01225951190084,-0.0011624900009698,0,-8.77616283354805
0.0372638791996884,0.0019212276106877,1,43.374783159189796
1.996605540199706,0.0010212631234009,0,5.88086723899988
6.085329325953516,0.0016024650953287,1,47.21101337819651
-0.7180225820926083,-0.002800097722173,0,50.54919495132152
-6.073875039393242,-0.0032737167357194,1,-6.528179390944007
7.329531527095312,0.0033062085095903,1,8.017103328833683
2.091399172291741,0.0004759433934025,0,3.449294644333135
5.78552522984115,0.0010344172938876,1,67.58019959457121
-9.788374908456811,-0.0027117768434777,0,-1.7367653641919063
-4.84637354126823,0.0015360683570045,0,92.62950212391823
8.799486520753337,0.0039813448539542,1,3.367270225448872
-5.529335460387825,-0.0014778116093169,0,-9.162039341478495
2.8902543774798506,-0.0025663038888512,0,121.89894469855355
0.2387670469033445,-3.083525517315743e-05,1,0.18707872286587002
3.0887053618132114,0.0026335247075537,1,13.49108093154021
-5.362818242349845,-0.0010679440388046,1,46.24883761177011
6.730161296772074,-0.0016044930505659,0,145.46727681964435
0.9956011030153108,-0.0010262448878722,0,18.14605931949838
1.2487974870073335,0.0029511037358275,1,64.04550884028089
1.2091246356785863,-0.0020855566889063,0,58.39073001920586
7.96657396515333,0.0001421120271229,1,234.60340075194404
-9.850541103033787,-0.0017872234211809,0,27.168269049674336
-2.5012175018170097,0.0007925032150247,0,22.64936692492645
-7.560894132108979,-0.0031298448561252,1,22.72186114954658
0.2017800523685373,0.001022829920104,0,11.543061100464268
-1.407258011013436,0.0018242688119961,1,80.25559922778694
5.722587338280382,-0.0029518084078115,0,234.65097145357657
-4.856198827162834,-0.0025489602941864,0,-11.11629802220343
-9.457953692912008,-0.004029719543057,1,42.42870814686561
5.429557846990905,-0.0004730656481064,1,153.73838510413637
-7.129565679399774,0.0023498720540097,0,215.64388920256752
-6.009382087120536,0.0002357608190092,0,42.33288210081534
3.960888896195808,-0.0008356029548399,0,48.341843480350285
1.9449295570132108,-0.0008325489475629,0,23.217711834906908
-2.216350896059101,0.0018694964772075,0,69.14841923230074
-9.739305551908384,0.002610473095853,0,336.62231595934696
2.7108173335957737,0.0027967622681156,1,23.189914554000556
9.48801049746767,-0.0029223120688012,0,358.3379285049627
2.1161909901317597,0.0025427414959144,0,51.892449447890385
0.6597350774271753,-0.0028955519433475,0,85.3024168128062
-6.44105675892702,-0.0021495428950746,1,30.108301780601455
-1.9067861075725252,0.0021858447804311,0,84.02387624371778
-9.50400263964141,0.0010380405878244,0,174.8885886101761
8.571427665423844,0.0023937053124663,1,72.90378601624701
9.573705313140696,0.0035341064744791,1,32.15395469908171
6.54854961447813,0.000121054559036,1,160.6052128116685
-2.389995922093293,0.0008082195540938,1,52.677872888935916
-8.984610275514255,-0.0007619651993157,1,235.9143876343751
-4.799556680531561,-0.0004192323607815,1,61.26702300269458
6.5332439753377685,0.0045180969792989,1,10.566181885906216
-4.452560876841543,-0.0016911525392944,1,5.032123787302136
5.075075563835252,0.0001205598581634,1,96.75338918940395
-1.6238908242160497,-0.002054722843413,0,12.661989470841707
-8.775714496436438,-0.00425838315838,1,15.284892187927863
-0.2117210341298019,0.0019824347896501,0,49.550702297051636
-5.399228098582696,-0.0023744642871645,1,2.6128390095135092
-9.745013094197365,-0.0003051252289517,0,91.74446362859518
-3.304455772762349,-0.0011448625699116,0,-8.298135309549275
9.409823429329345,0.0008290781564087,1,247.33647822223529
-1.4090962164024674,-0.0005282906849457,1,-1.7848901008734273
5.093854244969791,0.0001707646534794,1,94.33519362459498
2.9175276270795454,0.0010465421665747,1,9.014336463325634
8.986705112594457,0.0039424626260908,1,6.228294155524738
-7.1398072799191485,0.0014479399722757,0,138.02476299684147
-5.847011071588055,-0.0001831050107939,0,23.499258280896193
-9.636534469824344,0.001336884316177,0,204.07463603091736
-9.279325716318542,2.7888868385869046e-05,1,341.6924243325989
3.781719618707783,0.000758076708656,1,28.689898640025802
-6.808296365108415,0.0004213865872976,1,217.07677267305763
3.207710863941367,-0.000839209216484,0,38.478591821830484
5.72751309842424,0.0013970321558955,0,3.338059581124821
-3.88183828667718,-0.0017137251347561,0,-9.846409821789004
9.658706456695022,0.0026862155499137,1,87.80854501768616
6.301862935493467,0.000821377847836,0,12.00922437044528
-2.642922859855648,-0.0008458157842372,1,1.610916469674772
9.127098225522252,0.0024223356384385,1,89.00142131814542
0.3492714318202505,-0.0029049194652994,0,78.4066615824062
6.153897405708136,0.0038795245521459,1,4.088732834525607
0.3045873216987331,0.0022160778785113,0,55.60682668578833
2.3650920299056537,0.000979713369781,1,5.370032292860455
3.1639767573529447,-0.0020158660182897,1,156.51540885243116
3.388255880542241,-0.0013418475390519,0,62.91070794830033
7.316726591171243,0.004914473968809,1,7.39992350605739
2.2463893197083618,0.0024944500333132,0,48.026752780139454
2.164229973261458,0.0013871317770652,1,3.6789061028740475
-9.071603949732893,2.7767594776592137e-05,1,326.06400567271004
3.789260329496989,0.0011315891802663,1,18.039425374121144
-4.988328517670229,0.0008215901298379,0,54.00004986750597
2.1814913134039067,0.0030799639654519,1,45.38244921743405
5.49541449382928,0.0012016401957824,0,4.564546875529303
-8.202932788124834,-0.0027095069693885,0,-14.88306214611005
-5.310919344244653,-0.0044039953607322,1,-12.52026940759097
-0.673957871954201,-0.0005205163511548,1,-1.965770694477558
6.007304699241164,-0.0016850197442649,0,135.61143026617034
-0.5107819847401895,-0.0027426376068461,1,46.45227391595464
5.887622882700878,-0.0004499917679922,0,55.83013369997408
5.877563434044452,-0.0008688121647906,1,210.3553194240673
3.2888123094816013,0.0023768532646746,1,7.355993383449505
6.951727721260159,0.0045780570051204,1,5.72683196404209
-1.3296350305080438,0.0017151823659094,0,49.140340343835796
9.050147056839172,-0.002343325865768,0,275.87410929545456
-9.11460684676384,0.0029027304292078,0,346.04199090156646
-6.702026243646606,-0.0027569752211774,1,15.290146856119682
7.094953370805111,0.0021407321050446,0,0.09160327379420541
4.228790532379346,0.0011444284573338,1,24.915615432355068
-8.381749978435769,-0.0048225692308918,1,-6.597211500524049
-4.420738157550341,-0.0018332751761273,0,-11.463018124542415
6.147233235106448,-0.0008781332751175,1,226.79082858130278
5.7731064012638456,0.0036717997599109,1,4.915805885308832
0.1380153251325389,-0.0014041862442202,1,19.22462767352389
7.493755453885662,-0.0015832710303994,0,160.74402242243627
-0.8548233694390923,-0.0027208582425822,1,35.697849475475955
-1.1902486011579434,0.0028419926616058,0,119.24455911016324
-8.238427977638977,0.000304227684902,1,297.6783476366788
-2.459646371351143,0.001167486503254,1,74.92637056175903
9.31985689784254,-0.0006134301362306,0,114.33116731056708
-2.3311925948722028,0.0012993887872838,0,41.10008892711
-3.860241154454148,-0.0035532206375381,1,-5.0460002919740985
7.145858940204523,0.0011017163033039,0,7.8327286611480424
9.890086910547556,0.0017478896210323,0,-8.902271458440296
-9.5105809396047,-0.0007226045467103,0,64.36314679186367
-9.1713858925052,0.0017919321064579,0,228.96147912855406
7.832029442591558,-0.0009577789334505,0,117.06200371326736
6.377603333970285,0.0007994773369069,1,102.3368447453027
9.16940976937807,-0.0024531110644465,0,291.8482220388564
6.331249145554786,0.0026533700339962,1,13.751100847262553
5.186771283370391,-0.0027102419135621,0,196.5082441100139
8.01182149250063,0.0019360267167332,1,84.90177917818792
-2.245001284651229,0.0021438290761503,0,86.66534978867611
-9.30237204406437,0.0026731670566092,0,326.2929980590867
-7.1522842825706086,-0.0013409389403174,1,94.09328866038234
-2.184114155441268,-0.0002378274827468,1,9.29411433439074
-0.2118534647159684,0.0012791485407216,1,23.02636001339487
2.657139016906825,-0.0006046787418102,0,24.218340990501222
5.741599834542965,0.0046004069445465,1,28.18627205677628
-3.313733807243513,-0.0003005411497453,0,-0.07162587569657014
6.308059008083507,-2.5568450365884048e-05,1,160.8860946875038
-2.659665443572292,0.0005445960738015,0,15.945142618895929
9.173960408301852,0.004461710928017,1,-5.869482085589038
4.502869027253855,0.0034244481749662,1,13.894212711383307
-9.503108373901563,0.0026138976600936,0,327.4377078136193
-1.4652149687442029,0.0012885993401881,1,51.41072641028647
2.9168269951754056,-0.0013224660176381,0,54.26218630981729
-0.2288319733276722,0.0028462573964985,1,108.24307992953388
5.094860129917617,0.0012689492976265,1,38.08015273779707
-8.775902674151997,-0.0009107173010141,0,40.81751512324072
-2.4483908898056894,-0.0028094973204956,1,3.711168697523319
-9.821675164816291,-0.0058596945204671,1,-6.327355043748361
5.865330209550862,-0.0008598554218416,1,208.86249035166855
9.684755240425172,-0.0007379867739775,0,130.3018362900538
-4.830826327996391,0.0021094537675349,0,133.72884055905396
5.171911614773599,-0.0005086308783899,1,144.15930631968084
6.78584521903495,-0.0012610857757631,0,120.35871192859
-2.601001639613239,-0.0013494873377826,0,-5.7612087231168285
0.2541460384963798,0.0028811494614665,1,92.47327224447307
3.971452419681088,-0.001217341081798,1,139.16466058485142
3.7734952369849832,-0.0004975188815178,1,85.03958562831059
-4.779591281371724,0.0022700035254741,0,145.60568480956226
-3.662833115672424,0.0008378894103353,0,36.468033267017475
-9.673065893778084,-0.0020549245631116,0,15.268553142281627
0.6568675445187679,0.0025730152726499,1,60.045195810999324
6.949380186419436,-0.0006857843740913,0,83.82887729222793
9.569888307726773,0.0013070706754805,0,4.429561420035092
-0.1712116877066627,0.0002462730874093,1,1.0580433638013163
-8.719793221111063,-0.0041921212619512,1,16.018993987337463
7.126412394795185,0.0050558470973975,1,14.77737505662994
-1.2719298040323397,-0.0006696011241812,1,-2.9328786934420186
-9.007011921765628,-0.0034700958973436,1,51.40290234695293
5.133323960837693,-0.0028967121051317,0,210.89784466682295
7.3414014827166625,0.000858249223707,0,14.662669472689327
-3.912948268959065,3.2815823240104704e-05,1,57.3197525916677
-4.89900472867922,0.000372726830151,0,32.51807805164661
-1.6538391595147155,0.0011421854938638,1,49.19090612518597
-4.209041386867085,-0.0011553644698616,1,15.588762382712561
-9.01788828437062,-0.0055855137674036,1,-12.792781069111092
-5.939194061065254,-0.0016954437487862,1,34.95683655155029
-6.955068161909432,-0.0006080399660548,0,23.02256994330163
-0.8271378302011811,0.0004614022264744,0,4.337001206305753
5.93137537424451,0.0041373924307511,1,10.725807142026387
8.429373071399656,0.0011810075012179,0,7.70274255384056
-8.683870041028838,-0.0043003409106539,1,11.912046126661522
8.001132776897322,-0.0018922426551954,0,200.66956397590437
-6.416230966074734,0.0009582038004199,0,87.59899868136108
1.6340539914552448,2.270709765264216e-05,1,11.573592428145833
8.889576410084835,0.0049510260331237,1,-10.375534745138935
8.824031042055289,-0.0003278968820119,0,86.04650259423249
4.869421521897291,-7.492319880310993e-05,0,29.025140919905564
-3.046039314830942,-0.0005425506389185,1,13.780251497505809
-3.581365235973111,0.0019381343938812,0,95.78780207742801
-5.98200693900618,-0.0011492968616479,1,61.5381406754195
-6.6398464938717705,-0.0013700083158349,1,72.57201353221689
-2.86014199538299,0.0003896398903641,0,12.929974051986326
-5.749252467786469,0.0028432575434703,0,224.23852449316396
0.6929274191196928,-0.0027592098934831,1,89.79542219040783
-7.5278494457061695,0.0009852085465966,0,114.66656116871101
-8.907787257401944,-0.0056305694536138,1,-14.958256658594683
6.672505218595507,-0.0010041914644024,0,100.16128616441495
-4.185700566156894,-0.0014304039214213,0,-10.277312295601607
-9.906253363000804,0.0006856378286669,0,160.77712462244938
3.559899519947635,-0.0023413098468293,0,124.10620479107163
-5.450351044883632,0.0024777401506672,0,180.30693253257596
2.137318644365285,-0.000764394670722,0,23.355029701382154
-2.853592722110672,-0.0021765789374807,0,1.281027443249008
2.091985808289598,-0.0022803523642949,1,122.55274203130793
-5.35407136667472,0.0011412345599561,1,203.4877147618154
-2.8235609357103257,0.0009819085567638,1,75.90798807999363
-2.709950396130738,-0.0006858860308346,0,-5.813537620076286
-4.688176399164461,0.0005189727905304,1,116.53451080512932
-9.914413581885093,-0.0011711754747704,1,257.075387945321
7.811549947552717,0.0051258547033067,1,4.058562244348434
-9.914308630046166,0.0001763932029665,0,125.5375723496376
3.883262427516016,-0.0027358849656122,0,160.50365657372654
-9.992189853114276,-0.0009149398540079,0,66.32604293994771
-8.082019115421183,-0.0002303452211022,1,230.66384336729925
-4.230759889504549,-0.0016449975928149,0,-10.897445040742967
-4.563298849489708,-2.164930490531579e-06,1,76.82873228270131
-4.632156495923141,0.0007872318472435,1,134.66821884554932
-6.74231952686764,0.0014536394738713,0,128.4048894919097
2.010793956945399,-0.002517646374911,0,97.26421538488296
6.401785246919115,-0.0001046112926546,0,45.08231765520067
1.573030402659633,0.0016963830603549,1,10.136680868014553
-7.8445970802878655,0.0014854506903506,0,160.1399415959767
-7.602854883206214,0.0002989076027607,1,254.07066189066106
4.8477540139913415,-0.0028246768885006,0,195.92933238917385
-4.927611124724356,3.970132043204461e-05,1,93.02069442483267
-2.74615471330391,0.0001029758186955,1,29.921407358970683
3.397256549579314,0.0013911883889646,0,7.083362381965002
7.281282573531701,0.0045271276341826,1,0.923318354431458
-5.65727038817764,-0.0023549881133186,1,7.039516116389388
6.239201131738273,0.0047142668467735,1,21.64542081469056
-7.164310372605733,-0.0008265461320475,0,18.491351323546816
3.165057607921238,-0.0003976989620115,1,59.440909238953
-7.095698535611246,3.9692352576232e-05,0,51.49810675738589
-1.3409993889552323,-0.0005098784178071,0,-3.554406565882303
-8.438736482620426,-0.0027943788632462,0,-14.96993351401168
6.559748791999553,0.0039894129586378,1,1.9753055633516063
-8.945221213670306,-0.0050907845809228,1,-3.5607329570144217
5.726530039412221,0.0029719276430777,1,4.208950561993849
4.71226745845885,0.0014431039974143,1,24.286975960455496
6.030352788295666,0.0035013149543694,1,2.4375944168303203
8.468494726969588,0.002526691158213,0,-6.062731489219539
-6.291909235323998,0.0004076383399626,1,186.1167201484495
6.5746965300654026,0.0006577743998858,1,120.13732021787425
-8.141120688544843,-0.0003193648569332,0,54.39836297624635
3.734947238341857,-0.0028813648043771,0,167.11057915163047
1.762483139470115,-0.0014173303883731,0,40.28506757642464
0.8871242805950263,-0.0014508218377369,1,38.02505815282637
5.996593202906055,-0.0001890400721551,0,44.68589769300966
-3.4266274332545272,-0.003585683931702,1,1.4133696740401809
-4.365828469362101,-0.0021566875972456,0,-10.43037375224322
-5.813979361403194,0.0022907647920194,0,172.8611776081
1.3109012581804933,0.0016322148614289,1,11.462196864599598
-1.8584373320833727,-0.0011429751561196,1,-4.660045596751844
-3.032880587542035,-0.0001306640782689,0,1.8012426990360226
2.5151605006812368,0.0006046963120701,0,3.948952943743544
-0.2157882565266184,-0.0019663032463287,1,27.576511357671276
4.799757861365748,0.0006061151537529,1,60.154817257522026
-5.898359949247802,-0.001694408155221,1,33.923647900625824
1.6729356794157724,-0.0004557994400135,1,23.775453441155943
1.078708345664074,-0.0001764247326552,1,7.994987101446668
-8.687436887771137,-0.0021553630257134,0,-0.3159569936214316
-8.193781729210961,-0.0012635823197689,1,147.34724919740788
2.9784861731794763,-0.0022524464835736,0,104.50226921261176
-8.096525553473965,0.0002512782813031,1,281.8736316346212
-9.097677073547704,-0.0020369936312151,0,7.610326059266946
-8.055402595928033,-0.0046703784211709,1,-8.101246878663147
-4.585859527314011,-0.0032152275386606,1,-11.893148739131949
-1.739156105417747,0.0022159952807788,1,120.976596628376
5.207220184379429,-0.0014383231464043,0,101.63058559637287
-8.363610532483195,-0.0011910555607234,0,23.30799892341488
2.371301169792673,-7.35982741257084e-05,0,9.720480275311086
1.3185675736516878,0.001045497062238,1,3.2138893873804704
-2.949671134545426,0.0008752079379578,1,73.71156585264035
9.560942874634335,0.0024470456676466,0,-15.454673251021585
9.14421723962084,0.0004678328807281,0,39.91336098161333
2.657827760855401,0.001101847930186,1,6.1769278639339396
6.231335972658172,0.0013971204429216,1,61.37340861193712
4.991736811634283,-5.6244329840061214e-05,0,29.482597019079567
-3.0657612892985746,0.0011351871178444,0,42.34149810185539
-2.5759683654629484,-0.0001503461699576,1,17.68065024152406
6.2857303826001925,0.0014179694518897,1,61.83810291663753
-2.417237667826737,-0.0006424095833808,0,-5.471094276902319
0.6916051789848492,-0.0017194868590254,0,35.11480430327108
7.211889897955253,0.0038344645307813,1,-0.4823962909695157
1.647287230602375,0.0022241887275913,0,41.4888628056388
-0.5274914850494188,-0.0002637183452656,1,-1.4272070144703624
-9.425932626236367,-0.0018024405787837,1,171.3701030792531
-2.5579748019505733,0.0013178899867966,0,44.626170322660485
1.0180286962513565,-0.0009661051524509,1,25.15706258343717
-3.2840060743373067,0.00113246050491,0,44.94689429024137
0.9909156831992424,-0.0028232792878092,0,89.53387986424593
-3.753615771508629,-0.0015730972683076,1,-0.772096930718478
-1.741707480337226,-0.0020358222894501,1,1.4427309963557573
0.9137936969409122,0.0025680327137616,0,67.82547497362859
-7.435343567037762,-0.0021219456568001,1,61.18729792916836
-8.787687128288432,0.0001903916986462,0,95.72926632210499
-2.116863508645528,-0.001699140869108,1,-4.968442500935857
-6.443842896436209,-0.0014656967563491,0,-4.634861315418936
0.3924107987577869,-0.0006234291864759,0,5.066788191365539
9.826902989054602,0.0045643668503153,1,-5.364079259523919
4.5334684825036256,0.0021689989925644,1,6.923539092541207
-9.808272956414712,-0.0023959225222265,1,147.5472821744318
-0.2247693342036605,-0.0003168556780649,1,-0.8369322892555754
-8.979981793751154,-0.0015989304777985,0,19.155523579497157
2.3498279738267964,-0.0013937521913756,1,81.84869862094718
7.321418588711744,-0.0022143309818409,0,213.36351205318567
-6.336711798216261,-3.644148521362596e-05,0,35.73686807983451
6.765375630892446,0.0049398001159826,1,18.404867018844513
-1.4299973413738556,-0.0026421651930777,1,19.117578460504085
-8.558220273625272,0.0027969418557283,0,311.9250298778471
-8.199763878687111,-0.0016837759634695,1,117.62632975865071
-3.9727530242665887,-0.001175374032124,1,10.940853516576752
-9.332861637760946,-0.0002792061559435,1,310.0723266675166
8.320590027488212,-0.002214461500782,0,241.12525479619745
-2.3604796359634257,-0.0035464267757149,1,21.97857995825126
8.635718378063302,-0.002738749741548,0,307.8088353389501
3.568374857481537,0.0008182568455609,0,4.9571323190202765
2.783147114454829,-0.0011244618586067,0,43.83787394105458
-5.282936889302745,-0.0039399577437067,1,-13.9152348776314
2.8240816547531478,-0.0018989925280954,1,131.88573158132706
-1.4970814765501377,-0.0001974715683,1,2.875215086509769
6.342474191511997,0.0026324922957157,1,14.41564780983881
-2.169397502172938,-0.0019227630754745,1,-4.03594259042843
-0.0177864169916297,0.0006586294687151,0,5.274252505386402
-2.7547726480348533,2.405388909171094e-05,0,3.537452672931158
-9.647940971597432,0.0004150901876241,0,133.52906303997523
8.51595704353672,0.000775633222642,1,202.54586072134015
2.446495376640033,0.002967307092145,1,34.345374196312385
-3.9099632388531615,0.0026367382119012,0,157.0870768770275
-1.429755681798886,-0.0020820451614743,0,15.774884057333928
2.415848985624894,0.0020980364432153,0,29.37812205165202
1.602464673656506,0.0007637189706955,0,3.9111515993139507
1.3984995168993295,0.0016284520645073,0,21.048385233805895
6.48944079703616,-0.0011744836582935,0,108.53509123567875
-8.775560516084425,-0.0024397442363971,1,95.57550744551423
9.111071801905675,0.0003768767446686,0,44.62950177706679
9.39005759333642,0.0047015337459674,1,-9.760307036436208
-5.195882014786106,-0.0043841971464277,1,-11.634713356430629
7.822752290743146,0.0002726535403305,1,213.50196884989174
8.934021007521519,0.0003879599034685,0,42.76701101043329
7.269329677487196,0.0020186479287947,1,57.25829026197845
8.43139090431347,0.0041101908303394,1,-1.7740644151896736
-4.03087627791532,0.0024490577434908,0,143.64466842214452
-0.9789865711682744,-0.0004399185891673,0,-2.6760128097637206
9.787895630086815,-0.0021709755828592,0,277.4081722827933
-3.059172007441071,-0.0017198124972508,1,-6.565052546650419
-5.374464638682179,-0.0023300671649557,0,-14.231330245899022
-2.748484013437567,0.0018972218660131,1,139.3176592019316
7.790042636235956,0.002880292928242,0,6.6325929645902875
1.9778447166462207,-0.0020572114018682,0,72.06191780429955
-4.971930568138387,-0.0017491898875384,0,-12.191821748495382
5.928760304709398,-0.0023679758806341,0,188.6815903125913
2.438320605184309,-0.0018845625170649,1,113.5315162209308
-1.6780065420048107,0.0020447667435591,0,71.74909855266287
9.61884767105957,0.0015385720695929,1,185.261336547495
-8.615602696496214,0.0028757974773009,0,323.32164751022873
3.1790153471058,-0.0008433381615004,0,38.26675521331754
2.217681608400905,-0.0001543128652557,0,10.087517141831858
7.577652782675337,0.0050480244266875,1,6.192913652493279
-8.270244696877231,0.002927487633385,0,316.42365975302
6.488751652351773,0.0022728435009111,1,27.913664750783294
5.438985227768447,0.0007729434261098,1,71.04424387702855
3.534641221248581,-0.0007755265378395,0,40.21447654209202
4.769486118109425,0.0013286697963107,0,4.323753381430013
9.867872114849623,0.0045002438448399,1,-3.275757283018033
-1.997809957003014,-0.0016402984767857,1,-4.567166410353484
-4.869317704372563,-0.0002236650408088,1,74.54821954542072
4.585789630504468,0.0012189382206836,0,4.471887139942933
-4.629661168744121,-0.0039418173709992,1,-9.560047153787757
-5.802602039764119,-0.0009006491436419,0,2.36296600092027
4.516415597785258,0.0027823396821349,1,4.9481852171076826
-1.590895110195941,0.0014749294352069,0,40.751637501859264
6.272791263330987,0.0006715549006589,1,106.96146976099146
0.6341489178864368,0.0010028590123087,1,5.987292447771005
-5.5430930870708295,0.0005286071971774,0,48.445906430246005
9.494964949330338,0.0049040993229849,1,-12.651366342431084
8.529689142688671,0.004593494904657,1,-7.500175954946376
-2.61161177144742,0.0011794604620614,0,38.95715921686215
2.171440876058924,0.0004983918977431,0,3.556454578707028
-4.096987267665,-0.0002641935188008,1,47.85032424413838
3.1379550487400856,0.0035460614254857,1,43.79926287744828
7.523576702508461,-0.0003605954594617,1,259.22918216429883
6.400343582357571,-0.0026050810809469,0,223.59454394707384
2.490438189778036,0.0015620344272561,0,13.205445155708805
-6.663783181047192,-0.0023853967134508,1,26.911718380301387
2.91232619135463,0.0004620745905926,0,5.647671921302588
7.859145131562336,0.0049617251146466,1,0.14994753628703283
8.193685981779328,0.0011716289439395,0,7.6774472652762284
-7.979527634262133,-0.0012817608055129,0,14.884863338804584
7.389934807022438,0.0007988587456293,0,16.67224616126337
6.068201270069441,0.0038398568435851,1,4.366613569180876
5.6413757587184,-0.0007286702069824,1,185.19020611748633
-5.724586748176015,-0.0024403076102026,0,-15.299215524691979
-8.142764851951531,-0.0023014226193065,1,77.685503354466
-8.948380694413673,-0.0029505062365758,1,74.268518830918
5.369623700384951,0.0023581217810396,0,14.871488522473953
-8.708786743742253,-0.0050094583138515,1,-5.5975075319736565
-0.7921649831291049,-0.0028477099699609,1,41.9391557878676
-0.6774964951331786,-0.0021015001856149,1,20.988376032113603
6.319785071512708,-0.0017065414536232,0,144.29131801589924
3.9417623021205657,0.0007297799766878,0,6.268700791293088
8.838024464804374,0.0029806124326006,1,45.2428193548144
8.636956382612453,-0.0004228023366744,0,90.28520588617695
-7.649936748045711,-0.0026162805582029,1,45.1170815308962
8.97151486127121,0.0054512194708879,1,-7.929671456862544
7.059278710868821,0.0014664491574582,1,83.28828390036162
1.6157094898786075,-0.001222875322932,1,49.449777857127586
-5.001695696558746,-0.0038158849590411,1,-12.878802586046044
-5.349209327738771,-0.0014314150570647,0,-9.147360949286087
4.524078899228874,-1.5987180890480815e-05,1,84.63702820818162
-3.1906006362776207,-0.0019482231554098,1,-7.641681315824775
-8.252625419969688,0.0002545063185132,0,86.51910931450755
4.199785655157006,0.0027797854515706,1,6.3292918111230785
5.133206031250154,0.0007987593788562,0,8.677358899747619
-0.8048482841222899,0.0001583577521427,0,0.23032406189955712
-7.191502069251183,-0.0012603933553308,1,100.80425191024219
-5.87765496353692,0.0020876503210042,0,156.883145504264
1.9130578087708516,-0.0029172937163277,0,118.33090124520521
-5.74006757976989,0.0029248313777149,0,232.49928099690158
-9.600490875606582,-0.003604585043882,1,66.33649393336609
3.3321726734499872,3.4566268882537865e-05,1,45.121901499151875
1.2880664565617082,-0.0019203810945833,1,70.16404053407166
-3.3514057680112934,0.0004957054493244,0,20.197219070537415
3.093799643859945,0.0023216546745698,1,7.941590170273603
6.567688498150289,0.0016536206836539,0,1.0936495075140198
-0.8152799044576327,0.0006897235486167,0,8.681234535859767
4.262812180329478,0.0021176970494408,1,6.032929086623872
-5.659038731512487,0.0005809813929638,1,167.7778131442987
-7.764514132968483,-0.002815983465582,0,-17.91345272821994
1.4440321382334815,2.5337067568956644e-06,0,3.9428674074616135
8.212873296639067,0.000865875460157,0,17.484868231994476
9.975463882020936,0.0018846307981127,1,169.08820892579308
-7.473427170098354,-0.0028979888805454,1,28.74912739431711
8.989588856325511,0.0045134159315937,1,-7.163661365417587
9.857226662860349,0.0018368307111209,0,-10.771837119212789
-1.590665248790568,0.0016260494633537,1,74.02501133928286
-8.676570960387016,0.0018364321942682,0,216.23147917892342
6.037600798122821,0.0007280436730734,1,94.27552282564903
-0.7736955439932576,-0.0001892722730362,1,-0.8053427838848376
8.579436821549201,0.0015500277734907,1,135.64041979910348
3.307084962722463,0.0036517057937964,1,44.58793814262155
4.374628279253157,0.0028039779543789,0,39.76615250858855
-6.615312912067783,0.000778739018561,1,241.75852524233616
-0.0530197851842366,-0.0017881864597668,0,26.442413787750418
4.23569135146635,0.0020036222991692,0,13.905761373292759
3.8737004282415377,0.0019683681429577,1,5.529117044931369
9.345257912827694,0.0028487234365709,0,-10.597905765549655
-9.275062985308292,-8.580850023608716e-05,0,92.00547609866481
1.23074391214214,0.0030457504236423,1,70.18931199793903
-0.6219532295769312,-0.001859910353085,1,15.858550146422878
-9.522857246515002,-0.0016783733193931,1,186.86708902799396
9.531368029490238,0.001472496047682,0,-0.7839034296326067
-5.997351976511613,-0.0012638103225906,0,-3.7261012589165623
-5.443102296187615,-0.002901780788569,0,-12.887812745318682
-7.520543330747729,-0.000819002075861,0,23.61086299310658
-8.64204847063566,-0.0046398184503387,1,1.8376041804128933
0.2543043917820498,0.0023679989461855,0,64.62180966029655
-7.570558649050378,-0.0001469878238025,1,207.59993714672646
0.9033180009100388,-0.0015213179986019,1,41.05506625440303
8.625191006357255,-0.0013500492304435,0,164.7928680279812
3.480895322648081,0.00364459310271,1,40.028287736582186
-4.012930006411331,0.0016381370166787,1,178.26570621173298
-7.88614322310861,0.0002101894129305,0,75.78288938522383
-6.5053545108726745,0.0016435514150392,0,136.8476286851697
0.3886233862041628,-0.0018707705600333,0,35.711382829493196
-8.144552732673734,0.00052261606688,1,316.3160583482026
-9.989247330632256,-0.0041628528115684,1,54.68653955544922
5.648035109225498,-0.0016803594175273,0,127.31681017884782
4.846558049725102,0.0017394451739382,0,6.536191003410536
-7.805564716850784,-0.0017954557527716,1,93.23925359729179
9.882527565473064,0.0044587380311429,1,-1.9036101663022453
-5.02870840030373,-0.0039570706034128,1,-12.59780086071964
4.872493147038297,0.0026803936773515,1,4.400742539484142
-6.917524165691997,-0.0025102543430287,0,-16.498264782421547
-4.532421637507287,-0.0004525970674414,0,3.3478249289431985
1.3474342216784798,0.0012563123445089,1,5.050215363107142
8.348632927228643,-0.0006960514152074,0,105.93681721097036
4.11911785648279,-2.914469773875821e-05,1,71.43864076354987
4.78619243114032,-0.0001363386044915,1,101.77604568735677
-4.238392563248874,-0.0012717500902406,0,-9.436397206833277
-3.026818045931563,0.0017934427415148,1,143.3756527286263
4.101059437399359,0.0006182141734024,1,40.83841658508659
-6.04157693053939,-0.0021216999535219,0,-14.312454982329978
7.038632168365442,0.0033417402629377,1,5.1372378412301565
-7.825898238982503,-0.0036933472263375,1,11.032883037540255
-5.585415155305107,-0.0027971049129004,1,-3.570490037936516
-2.266361213116948,0.0007203595062279,1,45.00373531519689
-4.35794320010327,-0.0016744680381917,1,4.1224951045543285
-3.918390609863753,-0.0027429275180484,0,-1.0359704144966067
-4.503762556528739,0.0018599445551369,0,107.9870841758524
7.1893434838712125,-0.0028695177517445,0,274.61065141488376
-9.704447917348524,0.0025746875078456,0,331.04743178040195
5.654422864128028,-0.0023943537764224,0,183.30440240554768
-9.442001210386952,0.0023246295037397,0,292.70776679434476
1.1356776117837768,-0.0021731318396042,1,77.02792096271006
-0.324084676511891,0.0003971266494694,0,2.268310276822264
7.710695755739746,-0.001890635846959,0,193.23035731695
-3.5012451563362257,-0.0012992272362491,0,-8.946821792421794
8.330153462447395,0.0013874853915312,1,138.31060790414207
-4.796733817024679,-0.002050008433158,0,-12.507181892437412
-2.2639183593743706,-0.0026767655757476,1,4.269404651370528
-4.790807580967735,0.0012327641633822,1,181.26140438522273
5.644629077463341,0.0011634094960499,0,4.980610703636764
-5.540623099741149,-0.003124150495427,1,-8.929982649538113
-6.480039865563265,0.0016049649931955,0,133.2733341771898
-5.01817513956822,-0.0002066146017268,0,13.658599670447744
-0.5536279039594341,-0.0018995521385787,1,18.212924260011935
0.5241620789773407,-0.0015338991002464,0,26.65806881294383
5.642529470277264,0.0016621933648642,1,34.4890598443281
-0.1707574947097718,-0.0026256518432894,0,54.543802258112265
2.9655873388676035,0.003441781122884,1,43.1538888781118
-0.0876555334414437,0.000353942304663,0,1.519328213489996
1.6757741934261985,0.0008922516159463,1,2.7819686359528215
-3.699106521890365,-0.0027654907186502,0,1.7765030870412102
-3.6825949431755056,-0.0018645314309182,0,-8.360181334460183
6.360450836739375,0.0014815051202522,1,60.60865504179064
-6.962898708013443,0.0017219974703947,0,154.86793010777987
8.468622376736953,0.001059299776019,1,173.3505259806582
1.290192984371929,-0.0008789311998865,1,28.454399647321296
-0.192571449328657,-0.0018442493804278,0,26.161535792644056
-7.364391507382438,0.0003950622346404,1,248.8151888823962
7.343357797322884,0.0009272279426213,1,132.42899031542322
-1.1977301936921574,-0.0023968267249754,0,27.824854048287538
-3.2926485487367056,0.0016189486009475,0,70.69922314468727
-2.1040093278830785,-0.0020157214700249,1,-2.7105482256342532
0.1938877376098489,0.0029378243410823,1,98.74317347366181
-4.687939319940496,0.0008217392133188,1,140.0587679979578
8.6683965395259,0.0018220837684511,1,117.31425890318013
-0.0829689387943215,0.0021862009576565,1,60.024458852236876
-9.238808691613166,-0.0009297627506692,0,49.055132909362825
-9.068527090862393,0.0005928070142655,0,128.82459235451137
3.106411716652568,-0.0014635761805789,1,116.41828813061852
-1.210345643889713,-0.0027971799234548,0,40.83632296777914
-9.45623857250996,-0.0040311954854325,1,42.313647750678264
8.193714159122962,-0.0001998101114269,0,69.94799711443119
-6.460387012210546,-0.004005005240226,1,-13.17027458566747
7.465277882565484,0.0049937098591799,1,6.801023276772427
1.9953998323822797,-0.0002505235791111,0,10.251380052550388
4.138948101548232,0.0028403151161959,1,7.358470990642895
-7.5902049177246145,-0.002737886089485,0,-17.482456112260056
-4.400221690748065,-0.0025260322876382,1,-8.787057053955657
-0.166855528533695,-0.0021384231607962,1,34.38295712167371
8.098949384067144,0.0030687797267475,1,25.73460252597585
5.342908701747572,0.0012881802085975,1,43.06565106553747
-9.530183706481743,0.0002631311923606,0,120.04710047620432
1.6507650351743912,0.00296841949171,1,53.563994649534294
-4.089697597543562,0.000742272524932,1,107.56430081553248
8.331794836580205,0.0041940010499798,1,-3.3991699269359117
3.113271571833934,0.0027639847189983,1,16.24302882880768
5.598147356359661,-0.0012745117178585,1,230.81775850055215
-4.542638217575217,-0.0039503586664482,1,-8.630695331870925
-7.2633180337752385,0.0006500997095457,0,87.17754892457583
-7.65144051600509,0.0009802824783607,0,117.41649999310428
6.52226949587369,-0.0005438975602292,1,217.49317770885278
4.37718536740481,-0.0001180888958427,0,26.036254650090974
-0.6845024317974318,0.0023944231076527,1,92.70488392411428
7.766080105774535,0.0021245145922958,1,65.32756651244082
8.076740195936686,0.0008936569799937,0,16.041662702867278
7.368082035343576,0.0018809884783799,1,67.85363385523951
9.850756655537031,0.0008351956582324,0,24.579702760599996
4.175863955292138,-0.0025881905031965,0,157.681046511885
6.33692130650654,0.0041377072768336,1,5.705627064170199
1.599301564223108,-4.3735349578126816e-05,0,5.075031823693205
-7.898830347176244,-0.0024923088662183,1,58.94123172190742
8.533595218446354,-0.0007644995013049,0,114.05035277391204
2.200766999991385,0.0036146106457028,1,74.3896378483243
2.5978802170999917,-0.0004708700712811,1,46.21844435801267
6.17981177348366,0.0017152137863443,0,2.054929764306172
-1.1654800714190614,-0.0024269491576765,1,19.182326226055793
-3.935211394357161,-0.002337185146487,0,-6.276444810507053
7.042802288644907,0.0002231967597098,1,176.53751370439164
-1.702276897631684,-0.0013513627425335,0,-0.3391233950345526
3.1088825045063864,0.00256426173078,0,42.22683228354779
-7.304830620123277,-0.0006473217825949,0,26.55730778513733
-0.6867229900152623,-0.0014668536364751,1,6.540010057070491
-7.252468817835722,0.0002738802951319,0,66.00878880264318
-0.3017543096718995,-0.0029811093145542,1,63.01989045189352
-1.054408194860537,-0.0007034091842401,1,-2.8501158063172847
-2.764431404524561,0.0023509643710445,0,110.20402309585731
8.796915546373686,0.0011255022113882,0,9.948337894233712
2.76424911986358,-0.0010446578139016,1,78.44199298859374
7.501512693949849,0.0034796050155313,1,5.529399375637315
8.89757582055124,0.0027234506699079,0,-7.684929317834548
-0.6227816366217418,-0.0005295276380705,0,-1.2502900838091682
6.237656230215137,-0.0029758166652386,0,253.82841830399062
8.55888383302463,0.0024462098760427,0,-7.461621182032713
7.676646587191538,-0.0003803012007037,1,270.87172493321754
-2.3314535636170186,0.0021294736191751,1,139.92093984814747
3.320220261085346,0.0009212716169229,1,16.212773424574365
-2.7735368976060943,0.0026456574185303,0,133.47665082076017
2.225715783176911,-0.0015081555802823,1,83.32054066317937
4.1368273906373165,0.0010332028105316,0,4.7825273308112815
5.216657333177906,0.0007434755437759,0,9.856088891001718
-6.341202391818892,-0.0022455882489441,1,24.119638603270833
-4.058771496748445,0.0012325359023517,0,60.89587583753809
-2.5267697662669786,0.0002351513229205,0,6.900260766994775
-5.640526960644133,0.0006001247352813,1,168.5009001874426
-3.4818390570670488,0.0017976831529589,0,84.75154330428231
5.372214153802023,0.0023963653957559,1,9.647357256542366
-4.006225105099999,-0.0024043748866508,1,-9.043316397719652
7.332534301651844,-0.0008561754849302,0,101.18301910657854
-6.532383758854166,0.0001945251594527,1,179.99630358692184
-6.356959589355931,5.285259311239049e-05,0,39.7689929484764
-6.677753782664782,-0.0022143183464792,0,-14.169914629874748
7.692539886938846,-0.0029119881234758,0,295.9050869105249
4.603020462547622,8.16326833496167e-05,1,81.8259970814693
-7.238116420901585,-0.0018586142868638,0,-6.5766708532390545
-9.107159885387382,-0.004563030292787,1,13.751826637049094
-0.1172063452504623,0.0011159090365397,0,15.536315374981402
-4.122211909513833,-0.002081532350924,1,-5.455734365970476
-9.929492360521367,-0.001516115063263,1,225.55672101282113
7.677718045113973,0.0015920613567493,0,-0.6625417852577642
-5.184271766627058,-5.5685655283873685e-05,1,96.8773988556294
-7.47276394252771,-0.0018184601271059,1,78.63333609598652
8.693238626554905,0.0001026112711248,0,56.864794326899585
0.2195699813544607,0.0018496710687319,1,36.00432762412629
2.2411383663548463,-0.0015858035602814,0,54.80793381774151
2.805577527375726,0.0024844571673513,1,13.473317841715415
2.1521023595469746,-0.0020160111629003,1,109.08297959044029
-6.130153800363183,-0.0013726664062815,0,-4.886686793860227
3.658317753399107,-6.804210100175283e-06,0,17.109956666767683
5.570678645421975,-0.002786092422127,0,214.7718835126493
8.808166188565956,-0.0001667905367462,0,74.89192804637023
9.123065940942858,0.0020640204761938,0,-10.747913418929922
-0.1720768695703185,0.000727633682901,1,7.9138514304231755
8.519145205215278,0.0052459223201079,1,-4.503836177573129
5.222908621417911,0.0010869023689875,1,48.97901669916862
-2.549382790536159,-0.0035629953734854,1,17.954958001666675
-2.5114113627013417,-0.0009778089836768,0,-6.469968069756439
6.620118476588168,-0.0022913282359494,0,201.1197483285055
-5.382006264046717,-0.0033126709018699,1,-11.720511411181874
1.580230388604564,-0.0015898213403848,0,44.118911656567
7.143730888029939,-0.0006423881354219,1,264.45348836141926
-2.7217210741155444,-0.0006740962112997,1,5.862963905690943
7.259601099632704,0.0001593705821999,0,40.96342075845765
-9.412139328551078,-0.0009727484155492,0,50.76596708784706
1.346391860492794,0.0025170846298673,1,39.48296560479817
-1.3651040371420624,0.0017416347528341,0,50.88273734073487
-0.5905532840576591,-0.0020763820065891,0,27.405554635968212
8.068939720616335,0.0031805741547365,1,20.831853677596005
3.941694075387046,-0.0014624688526845,1,155.4079320164932
-5.132939878726672,-0.00233092563681,0,-13.383764125376102
4.805909181399455,-0.0026084058470731,0,176.9691757306073
-4.589862023865314,-0.0010025523288959,0,-6.106147645968202
-7.069484472813709,0.002311023478383,0,210.06223160658382
3.820295565030209,0.0015946750711336,1,9.199329539813592
-1.9444766597778853,0.0002158189558737,1,18.319228403171635
-4.631049621838823,-0.0025772546784624,0,-9.378681540232852
-4.2132005153870455,0.0007283301558159,0,38.59988945637092
3.7959333513269975,0.0028411037373264,0,48.00239969520327
7.286849218525848,-0.000429516064658,1,251.68464765727393
2.6854088165182954,0.0024822991225231,1,14.8487069824401
7.0642851860135,0.0003993674053719,0,29.13989676485197
9.549428959211776,-0.0005203655365213,0,110.19627777479724
3.0007218784788865,-0.0018556756324293,1,137.32057665933888
-8.417974343464678,-1.047006340976357e-05,0,75.64810126597845
4.834475686567188,0.0001462409341251,0,21.743806581512388
-9.224687642215832,-0.0020632342063872,0,8.553363192185296
-0.4843338645731343,-0.0013790719822437,0,10.731412199524819
3.002333549819621,-0.0019935077852124,0,89.89317456343667
0.5664290833037064,0.0008160637900019,1,3.8734274574661303
-8.864200226220637,-0.0004931945870475,1,254.67557720112308
3.835510664661099,0.0011385812279267,1,18.559896546989886
-1.819941650937043,0.001880708172813,0,64.1814593157884
0.6832670830029208,1.17790151023064e-06,1,2.2722941973633137
-8.166876141812287,0.001757805996118,0,192.70744376652468
-4.362467734690418,-0.0011767186701064,0,-8.575891499198338
1.482596819637381,-0.000973924906074,0,22.08738393506535
6.048366785489566,-0.0023971534180256,0,194.55100725498178
4.9247929927521525,0.0003377870748711,1,78.38857026423364
9.890123883901886,0.0016053436082598,0,-5.210241946193289
5.716236099374246,0.0001180557299595,1,122.80656013588609
1.887162407669642,-0.0020209981283283,0,68.48359889876721
-9.846169491166576,-0.0037341727508587,1,69.37916660517831
9.97362163168432,0.0055370967663915,1,-19.03054269565546
-0.6398153836695606,-0.0024916213173549,1,33.78294148877473
6.823652646694288,-0.000647904102554,0,79.60656076745474
8.086820019791606,0.0004447006347193,1,211.43049441465305
9.676547763771634,8.521579121972901e-05,1,351.6856906547406
3.785148031961441,-0.0014693337503144,0,76.4139129763197
-2.477752762835559,0.0002528169405033,1,29.914763325129584
8.284835867768145,0.0010854725985644,1,162.09136724304807
0.8822543974058128,-0.0005048934204838,0,6.702779576096094
-0.9619782202691808,0.0011041726330491,0,20.708937432790243
-3.4279318386714053,0.0023966712203968,0,126.59012041424802
3.108761816997712,-0.000701769098047,1,72.59939433120002
-9.696995114589466,-0.0034927575313956,1,75.63399218202133
1.940724870552069,0.0033806076697865,1,68.25249447019144
-7.585691065564937,9.581348534824696e-05,1,232.08442656550676
5.386722274582489,0.0019743784141237,0,7.176575537644276
9.394686417758788,-2.1879607011308248e-05,0,71.5496072886013
-3.3164296735417658,0.0009602541441712,0,37.584023868469586
-9.106314818633754,0.0027089250864132,0,322.72332747032897
0.9333679466363608,0.0026186533694184,0,70.60576971579641
7.041890937598048,0.0025970627171777,1,25.740785795338972
1.8087976070750609,0.0016074667610119,1,6.811427018110184
1.381197622505839,-0.0015521801637919,1,56.3603199225052
-0.2477676962452708,-0.0007968787871918,0,3.037093642669477
1.6626363607771708,-0.0024374820732115,1,112.82959322304845
-2.0973032900318733,5.206241997812379e-05,0,1.4755222738641671
-2.0724647573667943,-0.0014196852592106,1,-5.36450415625067
-9.069067723973864,0.000801333568028,0,143.4874846846954
9.61012808793942,-0.0015408888932664,0,204.47423910489755
7.905498694755483,0.0008269575931786,1,166.59868975311542
-5.245733444095215,-0.0042841022344543,1,-12.649209121550424
0.0561426028966955,0.0020361181222521,1,48.38872159924956
-1.1091436124415193,-4.187550287522621e-05,1,2.41318593423705
-4.345290888380911,-0.0025548318707156,0,-7.3801584297829885
-6.821323435320799,-0.0031633820447196,1,6.1242916299067405
9.37878807266199,0.0006879190133547,1,260.9776781022872
5.557984981775363,0.0023417597130181,0,13.076153255469462
-8.628843429785595,-0.0043316003119059,1,9.800398445915398
-0.6245588312450057,-0.0003311720553522,0,-1.830541172097388
-7.945181666845364,0.0022234804626399,0,229.04439537987645
8.845919459454578,0.0017330127749036,0,-5.369396060754081
9.494008711202618,0.0054194439237071,1,-14.627000515169787
1.8448838745476728,0.0012146270945014,0,9.011468508924581
-3.048939033512843,-0.0002374721862745,0,-0.027648745477801717
-8.087359838382548,-0.002583727878397,1,61.039313979216104
-7.749119151912311,-0.0023882745987735,0,-12.338342256274885
-5.785206415191151,-0.0001623563064239,1,114.66123331811139
7.465281162482974,-0.0008051716257403,0,99.79574382336892
1.4507161888700375,-0.0016778672087863,1,64.28745019291244
7.177618997968871,0.0034406756472014,1,4.210193810573401
1.6255762374799314,0.0010465337207592,0,6.995828471431206
4.298479584313604,-0.0012348726291044,1,156.27518274147891
3.1285157404622077,0.0007923092285614,1,16.415697788315285
8.723989059553286,0.0017609807500267,1,124.43521588958245
-6.94317150668275,-0.0005934772834518,0,23.365791300954754
-5.63890928771797,0.0011166052527743,1,217.4963375382382
-6.644930410042649,-0.0030600438149481,1,5.6878938076287096
8.616064660052682,0.0011487460354973,1,172.41643167160285
2.3539029575887263,0.0019674121339053,0,25.259664059374778
-2.6733528767325225,-0.0021158541565519,1,-6.271744298675537
-2.44071828853013,0.0009014552985834,1,59.04570857085212
-3.1492086158157644,-0.0012420542098612,0,-8.099059726816428
-3.569367794567424,-0.002572945075347,0,0.11492080029150376
-2.785169448951472,-0.0012333043877282,1,-3.0950819126593863
-5.343684826286744,-0.0019374550971484,1,13.035772612143937
9.3944483937235,-0.0001507667965484,0,80.41906640438899
-6.839230775027295,-0.0017560216716509,0,-7.307113151732769
-9.697900246851464,-0.0058484190702679,1,-8.197723406482343
-1.324178849728865,0.0016481756784227,0,45.81961257889987
-9.687568604660012,0.0014896332594325,0,219.31598464652905
-5.668850792642923,-0.0033603155723866,1,-10.842255404992791
-3.4193489774504133,-0.0037340259293915,1,4.091135286766925
9.051601676262596,0.005390461468662,1,-9.751778819660085
2.9704756387811777,0.0009477094784511,1,11.177064556590036
0.0627043867238192,0.0012336809230284,1,17.22832600027981
6.391564261979486,0.0037537403558119,1,1.6640651727829492
1.073405548080938,0.0019141315312091,1,22.082274308744946
0.769907186447691,0.0022068207282552,1,39.012571415615255
5.067791016477409,-0.0014363420002535,1,214.05581812155424
-9.599572324336982,-0.0044651139281358,1,29.939453364281878
4.729844662780883,0.0012564475646863,1,30.76795492963799
-3.138327928868387,-0.0028899895120856,1,-4.192941640846361
-5.390342191253687,-5.393632103429446e-05,1,105.41251977416934
2.974891702993681,0.0010074659467867,0,4.686072495921152
4.357750988316711,-0.0003479901233526,1,98.24326851181524
-2.9700573505547663,0.0029826727330671,0,167.21633315538102
-7.257485671495242,-0.0011274618309735,0,10.510307710953208
-3.6899516419668537,-0.0022693916549941,0,-5.032674004634812
3.455046405844889,-0.0012592119466909,0,60.04330927883133
-7.938442071175606,-0.0022622978759971,0,-9.091299999859503
5.758481526078057,0.0028475958773839,0,26.84195824356748
-0.8955816914922359,-0.0006627488828225,0,-1.7039310256343114
3.676541160344886,-0.001815538978146,1,168.18222209837617
2.128068663212364,0.0014234442346892,0,11.881779607159014
3.028506761758294,-6.272501439029152e-05,1,41.19672724043698
-4.816492169819837,0.0021935013433882,0,140.15847538641245
7.292085292338825,-0.0004538795984965,0,74.30956502835738
-1.857293678775422,-0.0016664692284474,1,-3.521931333186801
2.918845235371085,0.0038144504991983,1,63.94964342342589
1.9454301998277683,-0.0027814766596685,0,110.98188854552913
3.4992039866248543,0.0010142439309325,1,16.622322566546703
8.015117502668016,0.0043307117036747,1,-4.597046444730377
5.619438773450545,0.0043457290502882,1,21.57518042356237
9.94627915707268,-0.0007399698295771,0,134.61874674052163
6.336910330292419,0.0015443523400375,0,1.949635027921163
-2.9308616269860206,-0.0007508484316991,1,6.702306614880363
-1.626580132180246,-0.0021919441578306,0,15.888734123348556
5.705594982636068,0.0019654113877043,0,5.515072388279928
0.5324392440789758,-0.0025008022695847,0,63.51730732001177
-3.524383841863912,-0.0001886920784881,1,36.12269409786936
-9.024024940419672,0.0008253380998006,0,143.90048171849728
0.6498186159838166,0.0002935368169612,0,1.1756260228972386
-8.5676661395127,-0.002320578337588,0,-5.242471966646173
-9.746657266580431,-0.0054639507022129,1,2.2370411382351465
-6.966218935699917,-0.0005904484595427,1,137.45999863186208
5.548812001179543,5.215311952612804e-05,1,120.34058661967572
-5.182441745201003,-0.0005438131371069,0,5.9300962681375555
-2.9216857045139344,-0.0007124218119482,0,-5.969803974638646
-7.704355566817485,0.0005642585711123,0,91.97874649475236
1.5850791266444588,-0.0019117126856386,0,57.67749128232049
-9.171891698030892,-0.0016459825329297,0,20.598413644428632
9.52033529197274,-0.0002949108839043,0,92.35640216665104
0.0189224850783169,0.0027127596445975,0,89.6654088191452
-1.2781092014268136,0.0012227463198408,1,43.32645701461354
9.767765897659274,0.0001362635848392,0,64.53165626093192
0.3999507578264492,-0.0014320130939291,0,22.06585980133069
-6.528093828963293,-0.002384662915966,1,23.6455565105163
4.894614416667238,0.002452734529599,0,21.317026836226706
-7.151708831974368,-0.002083212719849,0,-10.796013904003015
0.8725411948491804,0.000668769699098,1,1.7842713548763438
-6.833120339478455,-0.0027447024713169,0,-18.157079674191625
6.415298130900887,-0.00267746605572,0,230.85489259069746
-5.045002065368129,9.862696730286288e-06,1,95.676374221647
3.16846123359664,-0.000822071141081,0,37.334687018544
0.8823471200172008,0.0022006874583033,1,36.248672221409564
-7.484070908647887,0.0021445531541867,0,206.85250181818282
-3.7216453915148735,-0.0017904609611195,0,-8.92611058934219
-6.456575214862643,-0.0043171808287,1,-15.882528573949799
4.309332541939373,-0.0029637755126617,0,190.87797813724217
5.4578852978511545,0.0018030285329638,0,4.897090722818771
-6.486742799762572,0.0007769163441333,0,78.28136829018058
-4.344357974658006,-0.0032823426687405,1,-10.99373222103333
0.6342097040107113,0.0016339841944123,0,26.672301354963803
5.238753286854204,-0.0002466843880087,0,39.08528781281569
-8.213019125289815,-0.0033064754900623,1,33.536729682848225
-5.463680192235827,-0.0019611409983012,1,14.608150416970494
-7.115421044088732,-0.0027355907642161,0,-18.124498186931866
-8.732231984700853,0.0020782891667722,0,241.25405669982027
-3.522011572565969,0.0014400096340819,0,64.02901124003566
-5.732482314585399,-0.0028335858308113,1,-2.5608574190841047
-3.832926002920509,-0.0027634897020419,0,0.2178689631641758
-0.1607261632389054,0.0016614803368739,1,36.46680464509253
-6.488605497215627,0.0013182689537962,0,112.66236399977493
-8.312913329087724,-0.0033963596683225,1,32.9252473325488
6.512434666567263,0.0043024982432137,1,6.384619024934697
-1.2027671831477953,-0.0026591112267611,0,36.190828175670994
-8.892091812864651,0.0012163171862491,0,169.71128205820924
-6.202541221649607,-1.5857499788616526e-05,0,34.60191090660455
-4.141098311860507,0.0026272477753231,0,161.57338662298065
5.066207687857849,0.0007953485173679,1,58.54916265749094
-4.327512498062164,-0.0008300641854217,0,-4.600604539985062
-0.7864903171761046,-0.0011127011105934,0,3.3765264454363084
-2.522302101195068,0.0002208120303047,1,29.63423823937563
6.081485091687522,-0.0014907467039493,0,122.90327163071947
-9.09612068082584,-0.0021675967019532,1,127.45986206179387
-0.4296213142675888,0.0005151855441075,1,6.2676098417436235
9.347513055714655,0.0021558253734312,0,-12.783167387915649
-3.875545379279344,-0.0014531750197727,0,-9.910702310292184
4.577861406340034,-0.0008232193841658,0,56.43080626388116
4.640110357488023,0.0042902972970739,1,41.15262589289388
2.649900377106034,0.0006034426491573,0,4.192098443327905
9.12060334735386,0.0028029924317737,1,63.06777884158118
-1.6964186141609083,-0.0023786860855158,0,19.712577701009725
-4.4324075916160695,-0.000993904622378,1,25.535014991228948
-0.1288366031303294,0.0016926042308261,1,37.0778940757609
-3.925955202368183,-0.0006621425287254,0,-3.554012280731626
-7.773808388944595,0.0017402064678017,0,179.24651600136812
8.106627595846582,-0.0025368297846569,0,268.73364871373985
7.731080971440818,0.0004752855029888,1,189.43645420393986
-8.678308574484934,7.492737765281199e-05,0,86.3819196881611
-6.832606270642354,-0.0027677535397109,0,-18.280287124562392
4.992169148686587,0.000833714553114,1,54.585989596480076
7.689434308555999,0.0007181330733552,0,20.683741071301224
3.7256346728499103,-0.0018690279715281,1,174.83380697563405
9.824418358587874,0.0050783917484711,1,-15.43481466460741
-3.7638335199484967,0.0003889752793376,0,20.48166971078071
4.195977080658073,-0.0006355779394042,0,42.96466987198538
4.36906538330198,0.0014493334341005,1,18.598432892762588
6.198494355631585,0.0001921088731228,1,138.5447652591101
-5.56012217978628,-0.0020371250069165,1,14.175479641727598
-5.421622368578687,-0.0030265058731593,1,-8.543286608305399
-9.772263430448136,-0.0033841861445339,1,84.37638521083605
-4.106236240233192,-0.0018355977022168,1,-1.9310380582469537
2.95336893550928,-0.0011109928635538,1,89.04986030753238
-3.146703915239975,-0.0028221113721218,1,-4.96293573988967
3.656837130922753,-0.0024180365816351,0,131.705755321742
-4.434872186999579,0.0023885424594167,0,147.62290005447284
5.500468896407856,0.0040807486175499,1,15.757263005723377
-9.732058350841973,-0.0009698705401524,1,264.71978759398047
-1.178216230864761,0.0009761870937445,1,30.516378949927496
-6.244643929834277,-0.0010029252176414,0,3.6033218601451757
6.3048687509841415,-7.678629034309738e-05,1,164.92850164143198
-4.807867224885316,-0.0021169182290671,1,0.37639971158907737
-2.922955045347986,0.0002148204235743,1,38.6881269351464
1.9215153686224935,0.0028757369643154,1,42.165461383271484
-5.933491819085177,-0.0038591002284088,1,-14.080505978379763
-8.073362670120021,-0.00240720665138,0,-10.745281383087926
-0.936267914692534,0.0004885266515125,1,11.095807668465703
0.899392379643098,0.0002427352135734,1,2.02090741598348
5.54391396431585,-0.0017337928211029,0,128.87010423827445
-0.3510530680492323,0.0003200095731863,1,2.665302027767235
6.270822392555825,-0.0014732774518219,0,125.57143235610033
6.119465779840169,0.0028132595455126,0,21.864435443848194
1.998971623984234,0.0026206426983027,0,57.367119847078285
2.66370335886997,0.0034621708834141,1,51.88652533369717
-9.72943386665458,-0.0004968384372801,1,314.7092604452305
2.9094935128600223,-0.0015329601170121,0,63.92406962929757
3.163195646595497,0.0005678251422185,1,22.77796944551609
1.3960957726189598,-0.0020110117683369,1,78.53529765128332
-9.93354673754888,-0.0027257457944011,1,131.23644892201781
6.765022017001986,-0.0002081096991551,0,54.04503370445708
-1.736414816702215,-0.0033763100826149,1,33.116388208613536
-5.433152453597749,0.0012241375719162,1,216.38259077516506
-4.363420028282608,-0.0022960201018661,0,-9.624733029121485
6.583379674760408,0.0043733508888642,1,6.772344019501111
-3.8655613494859216,-0.0019290287080749,0,-8.969713801807739
0.1096593622323975,-0.0013034631506843,1,16.131893291000242
-2.8404430567514938,-0.0020240333748922,1,-7.27494041465504
0.9921428425946016,0.0031841432823596,1,87.0351526599867
-0.0572763554907567,-0.0020973950199475,1,35.87488541835624
-7.490900029671086,-0.0051111134021445,1,-18.877447949040665
-4.381662329100209,-0.0009888309845278,1,24.606215071053654
3.9547263346366712,-0.001794322295998,1,181.33655347846116
8.339503281469547,0.001637277398905,0,-2.5593954365151004
5.275943412314232,0.0022133366404611,1,12.240496105509015
-9.09078388120405,-0.0001397055583506,1,308.22051865875164
7.369738767037461,0.0039516996365329,1,-1.3387179478741067
6.873572750217619,0.0023460786103768,0,3.8054586791412834
3.453954565541352,0.003954525694237,1,56.09472759824311
0.0791307221917652,-0.0011227644640704,0,11.035840589982914
5.0800383951089145,0.0015320308016099,0,4.293359176793353
7.410863896397622,0.0040758959210933,1,-1.9815450019227163
-4.582651408457465,-0.0012984370905255,1,18.178164838973224
0.5418896286067714,0.0012400417080452,0,15.167513267177595
-1.4583300833880042,-0.0012235454499598,1,-3.439828809914889
-4.681948159104678,0.0025209864074651,0,164.93002741525893
-0.5932631709279299,-0.0028238885809739,0,54.037909030877564
-4.99373237037844,0.0004406649408801,1,124.09358427371231
9.059672302867046,-0.0007902825605949,0,124.6332976882756
2.453356143160054,0.0029306060496133,0,69.52230742986637
-5.109600007163417,0.0011450376560922,0,73.46104410565101
4.603394605448791,0.0002290666658707,1,73.62409891218525
6.9135820451859935,0.0009009147275217,1,116.37350283328468
-4.672841202345559,-0.0016228548904188,0,-11.446692304678663
7.474190434246893,0.0035244666623015,1,4.430450049616879
6.417805307839959,0.0029975544662688,1,7.17168890624933
6.103678096399214,0.0043814853803966,1,14.005779245030759
6.392260006376873,0.0009546128889848,0,9.361258013886768
-0.4770602436935984,0.0028138325582485,0,104.76684841329126
3.417413983174262,0.0010516967723423,0,4.679976351661186
-4.953664612532012,-0.0023460806593825,1,-2.3329680904263554
9.922123296139446,0.0017449443155537,0,-8.939309580421785
-2.2609314665247027,-0.0026797583849258,0,19.2887851014034
-9.78772104911078,-0.0053766871054011,1,5.501639943488565
6.259397248713409,0.0025041570638938,0,11.544547975653225
7.503174654038297,0.0046964593494458,1,0.6549897997150995
-6.723086760147437,-0.0014911767352908,0,-3.220593855702618
-8.001156427440904,-0.0008309850162814,1,171.54307555249594
7.872733515030376,-0.0029751413111245,0,308.98906925808905
9.320606723298656,-0.0014153245088225,0,185.61340211475832
-7.601112640139382,-0.0026329036998185,0,-16.273332668357135
7.286570059465944,0.0040590110034514,1,-1.5772392605146242
4.112054329887435,0.0007886837770734,0,6.146726005228616
3.2838222800159027,0.0013840939691252,0,7.295455564065156
7.3279152905423715,0.0024369192828491,1,37.901360404475554
1.5844693567574737,0.0015037420568036,0,16.396673942187597
6.400053154984178,0.0012630084124349,0,4.280978094237113
-9.045489463064918,-0.0052304582586649,1,-5.055412435549265
-2.84766862492031,-0.0025482551310987,1,-4.654487664819211
7.089953410100868,0.0010171755872177,0,9.663169316657221
-0.6384111107422505,0.0010824053341534,0,17.79089623077316
-6.634996999329077,-0.0020878578227807,1,37.757027348363124
8.912956258035912,-0.0006047473740607,0,107.59955269335205
-2.5046119666386897,-0.0026085187177057,1,-0.19574800498739045
9.704243143814043,-0.0022152104995839,0,280.1556503813437
6.780877604755116,0.0046157617874789,1,9.007801471211982
-9.368605705178965,-0.0001665156171406,0,89.82003058019228
7.21039472471708,-1.8818279781032247e-05,0,49.145906222068945
-8.170167268825363,-0.0040526593136966,1,8.026389461375624
8.228777119514909,0.0019229738002339,0,-5.4525092249152545
-8.922761557688503,0.001929804357411,0,233.41333458594903
8.017902791872615,-0.0021883457872206,0,230.04655999479695
-6.694771565194007,-0.0001277798881884,0,37.42540726450727
0.4758317064429977,-0.0013444911780816,0,20.585266173603358
-6.442684231752967,0.002176894674366,0,179.55016958546193
5.089712040147445,0.0020246863103397,1,14.250104896192937
2.7884689604029305,0.0001857866962297,0,8.155648147623994
2.51972678647849,-7.483140426301654e-05,1,29.701041629547028
-2.67137183415477,0.0018006258113153,1,127.88401607448299
9.463788172759308,-0.0006255742115372,0,117.46491984708513
-5.651064058394002,-0.0025581618686712,1,2.057564856292687
6.340366805111405,0.001333301062894,0,3.480947443050267
2.3267373789071595,0.0007363389533804,1,7.790288026211163
0.2030329402651194,-0.0024356478381568,0,54.07974161465456
-6.044044198954626,-0.0026206216978491,0,-16.381791307116607
-8.118933058745313,-0.0041305339125274,1,4.9453313846189975
-3.423778160849227,-0.0006821778560908,1,16.011679849040874
-9.811586267202912,-0.0013795356349173,0,41.88711077752667
1.5016888605326135,0.0009375637366672,1,2.5504246346625874
3.197335341769936,0.0033670521012488,1,34.575417887652144
7.395697818167772,-0.0017867447738748,0,176.11407282123176
1.5406628258225208,-0.0007176225607804,0,16.11052198345394
-7.840005901744971,0.002549988755098,0,258.8819866267755
-2.6801355723974,-0.0023526389096076,0,6.221004546629103
1.2048400216595925,0.0002330076163981,1,4.021407607235424
-1.079389033808578,0.001719241793911,0,46.45109702076474
8.71904490848781,0.0015496559334752,0,-1.6269376417955976
9.420959640881604,0.0015366831970339,1,175.61082035264334
8.476918607802304,-0.0029511178762651,0,327.01017186196907
-9.735796092753253,-0.0006081410275909,0,75.32802970755438
-6.453533621513254,-0.0016184476811437,1,53.371434705167836
4.694818162424241,-9.762636212411176e-05,0,28.217245182022097
-0.0776061522644244,-0.0030035354540654,1,72.06802818853933
9.05247279141625,-0.0004012487350819,0,94.25893836935992
2.0436592875687083,-0.0005748730280619,1,35.873378132021884
4.291972301188947,-0.0004232755783042,1,100.31645561048583
8.827397182297176,0.0011403022708468,1,183.73589681206533
-0.6866293753728101,-0.0012726685892937,0,6.747449782081203
2.8496140116721875,-0.0008259485569751,0,33.50575963928323
7.997836676205306,0.0030498552770408,1,24.750296280528175
8.190454660801752,8.343567722846047e-05,1,253.9784425661094
-7.763590362414636,-0.0022819427705539,1,64.63590293889098
4.9985234673060255,0.0001662162663179,1,91.07014439975165
7.261805321473545,0.0005579657230212,0,24.326204124001652
-7.726462475420261,-0.0026989373409423,1,43.89366012280151
0.3256420073759614,0.0021923076771931,0,54.1092728064237
5.960503726875125,0.0027612338441766,1,7.990479718141392
-8.38401998354259,-0.0006636002779656,1,208.0252492841799
-2.291746281611278,-0.0027902048802351,1,5.873328346610555
5.131924676916363,0.0027453998239631,0,29.37604071392177
4.088814765399562,0.0012701048831822,0,4.901541586693802
-1.982279971543285,0.0012691606331991,0,35.94433478428311
-8.367134642302972,-0.001473080567444,0,14.26018145067112
8.62325792936452,0.0012637049885019,0,5.492792539713715
-7.351797426156086,-0.0033553282368009,1,10.966911194583275
-3.1378910175900687,-0.0005911559177412,1,13.871807214421397
-2.1222595042140107,0.0007284590800806,0,17.464400240060925
5.623871835709389,0.0036916794008777,1,6.408104356007744
1.9422168435614375,-0.0009290874053822,1,46.75446653267376
-5.641495208337004,-0.0014896254214376,0,-8.940033981237244
6.439775307589674,0.0043417444895792,1,8.060617630442161
-9.937940851992684,-0.0013727105745579,0,44.74844365407956
8.29565332492847,-0.0005295990529238,0,93.10706322748743
-6.461092115882241,0.0020450826447586,0,168.46127541619043
9.534843567095567,-0.0019808202066795,0,249.19733176505062
-3.856796856830562,0.0002877616904722,0,18.028421161165188
-4.578392430540879,-0.0019511533524243,1,0.9718508957347702
6.082422832536931,0.0016788126295674,0,2.2766983976026265
-6.301730517586854,-0.0047274840731533,1,-17.39945673827364
-1.02813146744227,-0.0021977810455775,1,16.170522419120417
-1.153983728452065,-0.0005950043010138,0,-2.9505785302900285
7.243922604637746,0.0030631961268538,1,13.409603440863542
-5.977735652540486,-0.0021217578846237,1,20.098475089049057
-5.030022632330886,0.0014179010757223,1,212.7027865920438
8.646870052904163,0.0023797323844765,1,76.16750028756175
-8.320407828116267,0.0012980076946425,0,158.98207795447772
-9.040400545062685,-0.0053634804119569,1,-8.036562550589522
4.416424723916801,0.0017869062968902,1,11.676435565232907
-6.774145649933385,0.0006362928245745,0,76.05455753836915
-9.93495211797964,-0.0016087644081812,1,217.60338070050724
9.704030487250424,0.0034980096737803,1,36.812212417655616
7.346557849156639,-0.0005845612903459,0,83.22613268378743
4.377524742009912,0.0010866355269656,1,29.596942583170826
-2.7186699759031736,0.000390872527283,1,41.407883489847464
-6.505316093011277,-0.003173553660825,1,0.7463791465956862
6.708136160606458,0.0018506702017505,1,51.071371232046516
-1.1423164307591236,-0.0022573705168393,1,15.35537991620228
-9.941151098535393,-0.0013973925069683,0,43.800671705363335
-1.8565411820077744,-0.001394149091684,0,-0.9446641730347052
1.616973718707328,-0.0001226682298962,0,6.04897610645826
9.104760073765142,0.0022162060982,0,-11.632104864115684
0.2749395851413165,0.0007817997127075,1,5.159657118828156
2.836740969549334,-0.0017394791050938,1,122.07861258565424
2.9999118984078663,-0.0009268210698087,0,39.10030447227099
0.6417307950314672,-0.0005014017131045,1,7.925617741318822
1.543489691591219,0.0030626056502035,1,61.70138510166816
9.738204761327584,-0.0013397022476722,0,187.02115212147203
0.8214184770954436,0.0008974023973859,0,6.819718822435945
-6.697530964514429,-0.0033629358513835,1,-0.5793314054035698
-7.548750526571293,-0.0003431555229453,0,42.400374966367536
5.97759611524096,-0.0003578894579738,0,52.390312438215226
-7.216957930574209,-0.0001892174700602,0,43.318754102927926
-0.9033433764592615,-0.0030687624811284,1,46.77291168156014
5.370733617200507,0.0044475712867684,1,30.488974775750123
-9.588524368778268,-0.0053975392242825,1,0.7787904586524252
-1.2960322366466706,-0.0016147584980143,0,7.1630409539312465
0.3673989984679711,-0.001640684109237,1,31.330404111751964
-4.853458781244413,0.0014692122593938,0,88.44848773852283
3.0010323629586217,0.000704583475276,1,16.574315025215913
7.052907900916047,-0.0001672726445434,0,55.13428741292079
-2.387088651266125,-0.0003726564458627,0,-3.4469396826415646
-5.045194457706317,0.0004642733840363,0,38.2512250930445
6.036022665163017,-0.0015424312479237,0,125.69435773457289
-1.1294631216402244,0.0015769095656295,0,40.388457526512966
0.3338484831605743,-0.0019620977446932,0,38.065791773647625
-2.936246836905632,-0.0020061891292534,1,-7.547595755566099
9.288624260646362,-0.0016629129577874,0,209.49763597531282
-3.122914741407808,-0.002035078685069,1,-7.897967084592627
1.9898461789955315,0.0035110712982188,1,74.72309028334362
2.375548069214465,-0.0018936071618352,0,71.77592697945843
-2.20549214177127,0.0012130493501675,1,69.29531662837601
7.422671818732084,0.0001787154179966,0,41.45819071052916
0.6974094997599405,0.00206137260225,1,34.46228845559007
-8.529704698482485,0.0022131449131429,0,247.6825736104099
-8.717538847290292,-0.0008203789183681,0,43.4502461702856
1.7481166236675492,0.0008437367032889,1,3.114493763949896
4.04469248307155,-0.0015929122929386,0,88.24562815171876
0.8139238768119199,0.0003962097555142,0,1.7038005239457905
-4.950535073440696,0.0007315753523627,0,49.01539317988788
1.203563960487335,0.0029130509032405,1,63.20709268171553
-8.41949450476704,-0.0033340300763995,1,38.468546680031345
-0.4499313275472261,-0.0020458323469041,0,28.579597955713567
-5.051278092565148,-0.0017391760924625,0,-12.167858550944478
-3.486610894998032,-0.0038741404777884,1,5.482665247813627
-0.5223799247820278,0.0027672669348803,0,102.07049627956897
6.765889401254334,0.0017891340148956,0,0.3140346493776325
-2.2402673223721354,-0.0018597615960604,1,-4.924125253801324
-8.95618839837984,-0.0022023157567753,1,118.46120362959229
-1.874597301157641,-0.0007518818377603,0,-4.866986321855813
0.4079689744576225,0.0011673429581061,1,11.11476749129511
8.921793769777477,0.0020370656852777,1,110.41587484409928
-2.129990724822008,-0.0014164495101043,1,-5.487743771963931
-7.485887981111872,0.0007152113017267,0,96.14990015221181
7.652615910045057,0.0045003757429374,1,-2.713235557416396
-0.4069077780870778,0.0026872774899396,1,103.27760401339617
6.19128959471459,-0.001912520603766,0,157.6002254049834
3.112539954121388,0.0018592844184287,1,4.424218588423238
-2.3755127281694293,-0.0005019380307319,0,-4.578644772240326
-1.4384925206974195,0.0006367221350711,1,23.18533048788165
-3.5433234238191678,-0.0005064253905777,0,-2.5413374005896006
-1.9487608220303516,-0.0009657850063713,1,-3.7726341518326585
-5.348946580937611,-0.0009554789072403,0,-1.8839675624663772
-1.2419562182311257,-0.0023270403977965,1,15.068163089359594
-2.966648290394371,-0.003665754469614,1,11.331274761913116
-0.0863387224055163,0.0009454577226227,1,11.700190030018037
3.9770195474250265,0.0008140940125823,0,5.669437661671753
4.146715546652724,-0.0004055595327185,1,93.61040602744299
-0.3226821797262165,-0.000872153041311,1,2.2957290551213085
-3.0912691102393914,-0.0026158372766235,1,-6.203783764946772
-2.2784311625066245,-0.0004169807141755,1,6.309546307537798
8.892525936272428,-0.0015951159056761,0,193.56762831120616
1.671424952152151,0.0016094447351956,1,7.79567064696079
6.9306570521924336,0.0003164275193258,0,31.498291295020945
-4.247160329897848,-0.0015363595692581,1,5.81774023485112
9.269819128052148,0.0035129867221783,1,27.278004606100584
9.188144024562911,0.0022913156750918,0,-12.433012243401176
-3.8539928580440286,-0.0019491932993094,1,-5.509150478993511
0.4936660161657187,-0.0010280331456866,1,16.462270768392305
-8.252337209569076,0.0005358517164083,0,103.37776480140803
-0.7607202812679965,0.0009704595990185,1,22.309679550137954
-1.3536888840431605,0.0010266903019722,1,36.41353284524373
4.223144037029847,0.0028751189057839,0,44.78677146009989
4.276220015400693,0.0009759054226005,0,5.119814492258548
-1.3609656524954836,-0.0001343303798032,1,2.83133926273942
9.334016261707172,0.0014569223624506,1,178.94914583471373
-6.916135604394514,-0.0015648605900985,1,71.89828049592052
4.7883547078852295,0.0019982481528066,1,11.50131313851809
-0.4030315202440384,0.0008545045448,0,10.483346064821779
9.85414180865902,0.0032105015410829,1,57.554224544084505
6.505804191877626,0.0026655404237168,0,13.559226638742219
-4.705694867525823,0.0016857826056336,0,99.87409559195768
-1.6578655457716795,0.0010536787614419,0,24.494157050174998
4.081552460307002,0.0002698693586171,0,13.695866568554527
0.6625156523725355,-0.0029119390725604,0,86.20621186121227
-6.266454839114404,-0.0012068771825156,1,68.19465535686678
-5.922641925274061,-0.0012092089690479,0,-3.1755853621543872
9.248384709087276,-0.0024655610231966,0,295.6741408382749
-8.60761926426286,-0.0007156271906987,1,216.74335231905192
-3.1557965231157663,-0.0010303046574948,0,-7.758772153376958
-6.109904726900261,0.0004810731966064,0,55.43117478046055
-2.031248624507949,0.0014150659052987,1,75.71726490077683
0.6099244111608364,-0.00070374624189,0,7.844537714873347
2.572986349781285,0.0021236820221891,0,29.03609646015245
-3.385635818821324,-0.000434419104816,0,-1.9828648245815126
-4.908829606034124,0.0024911196160491,0,167.79518143077283
-3.8550425262903554,0.0027869900240282,0,169.37389896176003
-2.5015376047606663,-0.0003053361718431,1,11.971979624729618
-5.225472320254565,-0.0005276424590242,0,6.683687098519941
-1.5501745652052978,0.0001115742948324,1,9.658193874404478
-5.630678028195,0.0011651522244987,1,221.98712313843856
-5.305917879722668,0.0012890642652322,0,85.74251792792577
2.589780217412594,0.0007863125948322,1,9.69610725753828
-6.32182361732861,-0.0022350404774922,1,24.034793442924343
1.6707525542977173,0.0030935319115033,1,59.74279557233885
9.22904855811013,0.002163244020937,1,112.34569179024251
9.135489245266314,0.0029704699695097,1,53.23835781314966
-7.344501812541044,0.0007471771814438,1,286.08448256032744
5.864174927869234,0.0002819348939006,0,25.009736220996718
-5.438966247745356,-0.0016982095933949,1,22.67000882108539
-6.846648036272116,0.0009696572826756,0,97.607723221817
-4.133005951713451,-0.0026443193759116,0,-4.5405024539912775
5.646968550340931,-0.0005889952729246,1,173.8550280632017
5.50962399457414,0.0012043900178258,0,4.548255358618725
8.74298091743097,0.0016228571726597,1,136.61387751848864
8.964651996660738,0.001675761217587,1,141.77522641764202
9.299401726972707,0.0051489780883359,1,-13.352519450283
0.7960288775496149,-0.0006231722149377,1,12.376145498297978
-3.894590359438213,-0.00018506259688,0,5.288010819271607
4.396193297518229,-0.0009615432071299,0,60.45799575976629
-9.00625997895418,-0.0006425813990099,1,249.01232355888206
3.8798918295001066,-0.0011850193340384,0,63.360501139123215
6.911829507091809,0.0004380174815883,0,26.647225626550313
1.8670800042887377,1.6661188166632065e-05,0,5.7234877537108035
2.690879415138266,0.0009385360302468,1,8.41707024781302
4.60962630325098,0.0024584842164704,1,4.90269715838614
7.624648707356584,0.0051331175272468,1,7.472267112870965
2.213704926450802,0.0027754477364547,0,63.41478457306301
4.413677256651701,-0.0007283273218942,0,49.76763073052037
9.618941574757546,0.0029511397883762,1,67.8892538947126
-3.58589742912092,-0.0027777338980284,1,-8.675603840554375
4.202899859254938,0.0017919471521702,1,9.550927644677104
9.518408052661258,0.0004856439724698,0,41.311371602325515
0.2612644408045845,-0.0004171157176469,0,1.999989554853708
2.8237746683182063,0.0002349906128401,1,26.192386996698854
-5.349721345574632,0.0007181907030233,1,163.84687611696154
8.910086612778091,0.0052466568763286,1,-9.413202445746444
1.7694390505219673,0.0005532456286165,1,5.203072343381058
-5.053039088600208,0.0003977589384571,0,35.548912045472754
-0.6564089353893401,0.0002554169749669,1,3.7156971215192893
7.54164496105215,0.0003559342179891,0,34.30557047554569
5.295921738249245,0.0027562785113227,0,28.13850824192174
-7.090834948412768,-0.0006282958603897,1,140.6424869023449
-6.09659819794267,-0.0026826765602587,1,5.9630323312877085
-9.946806380892424,-0.0010346810811722,1,272.89995260030065
-1.085948535769143,-0.0001778522236254,0,-2.272390689007982
2.755753671762889,0.0010422358385303,0,5.038076489755344
-6.602891174318235,-0.0012405265717256,0,1.137846929377877
6.227188613274485,-0.0010450697502348,1,247.41800942374059
-7.781017008084659,-0.0037205509117832,1,9.340974242328752
-5.437534748665975,0.0020976961883681,0,146.8631821566027
-6.124535900738617,0.0008618830856394,0,76.02741518197809
-6.3054318549944455,9.243458546918353e-05,0,40.666367690105936
6.984933338469446,0.0029567401945001,1,13.346631223484424
1.6912420807185633,0.0001019925400451,1,10.841734063659889
-9.966309272779345,-0.0032007908687078,1,103.07894111548791
0.9172002038718468,-0.000646708188139,0,9.255467563160312
7.638848746133156,0.0045299307407471,1,-2.421924587779415
-7.298843362722087,-0.004304010732699,1,-10.510991042614295
5.314936268867552,-0.0020014434543976,0,143.2482082395184
2.375737113174756,0.0006899445421199,1,8.944927285577679
-7.058749231518822,-0.0023103705522114,0,-14.180886413858149
-1.6135462405390817,-0.0024894779124311,1,11.677566549358454
5.074154297238243,-0.0010238772575655,0,74.39268242524577
9.59654280049464,0.0046553691566951,1,-8.541472819754484
-4.430136442636905,-0.0014062549976498,1,12.084603706838013
-0.6540005388030323,-0.0005315539931942,0,-1.3648780126868842
-6.946759365218654,-0.0008934179126468,0,13.713651208199778
-6.19211639271303,0.0014424392544609,0,114.54834422686838
0.1320471473422007,0.0015394938854581,1,25.814753238551813
2.786155830149489,3.611325322053219e-05,0,10.421369394723612
-8.139152925281415,-0.0009717864718371,0,27.52024777950155
-6.306473803518755,0.0017603820817103,0,140.98452829376
1.4242841629984166,0.0019421800434555,0,31.715794795892826
-1.0500290207910865,0.0003925089736581,0,3.85468438101078
-4.329101332822436,-0.0004804738511697,0,1.4977718280753358
9.616990117649197,0.0004420743528122,0,44.408127995774244
0.767220481351627,0.0022431011442973,1,40.67716913820072
-8.597702658795907,0.0003481616450666,0,100.42933452421425
-1.6367032316596628,-0.000669516520836,0,-4.275341922138889
-4.389604426229033,-0.0016835401502749,0,-11.27539423537822
0.5426066917508301,0.0004342727678547,1,1.0004479717204469
1.6890437869289148,-0.0012898234631037,1,54.48528796480418
-2.68866995087288,0.0021253354872506,1,156.3948385832435
4.794524054311802,0.0008247327763593,1,49.63594643465291
6.699445457522156,-0.0028433379189641,0,255.92670675474997
-1.2398130641937255,-0.0024601978491963,1,18.458384663158416
-7.531456511301176,-0.0010499137035648,1,130.50097992282903
-4.814139778510298,0.00067906427305,0,44.553532931067465
9.95921392384322,0.0012258041253218,0,7.504733092558559
4.278690305822968,0.0029764273924879,0,49.184121631581235
-3.3806338503115523,0.0001349970669359,0,9.725709818461624
2.701225298810714,0.0007190835568681,1,12.16629148594944
-2.415839208707151,-0.0025045430224569,1,-0.4898084508530919
-6.807541209074328,0.0006139301567349,1,236.51042753505394
-8.335536902380081,-0.001099111460134,1,167.70069692143713
6.014595695730897,0.0005061947795022,0,18.967953341233486
-9.358622618526711,-0.0001503853970116,1,326.67530880435015
5.65383489238801,-0.0004521342910898,0,53.008945219361806
-2.343805017247835,0.0014707752440572,0,49.356727384154844
1.5933408011785684,-0.002434837692732,1,109.63283050644858
7.791897342047239,-0.00070384917214,0,97.87511805373111
6.487760988186626,0.0003979431767829,1,135.79360897841408
6.404931806986021,0.0009644466123165,1,92.4768829238673
-6.968888912090943,-0.0024700138339313,1,31.574946627659386
-4.258079789176259,-0.0008470257975105,1,27.090163599348298
-0.3040492914177868,-0.0010606978700689,1,4.997990083525777
-0.2224551717031726,0.0019806781322933,1,52.96681238634858
8.417949434643994,-0.0008779101820672,0,120.99039374733763
-3.5708048859179105,0.0010292111260295,0,43.818545310567096
-2.218746206345477,-0.0009221068673166,0,-5.699239204233869
-2.7907461214471674,0.0022673197628017,0,104.55454868645623
6.913170394777183,0.0002633649417485,1,166.5975914971566
6.0122860169544765,-0.002623029638777,0,213.57604152916866
7.545505427613254,0.0041291969663672,1,-2.5115742092682796
-6.801617254591836,0.0027359192928469,0,244.67483805149948
4.570816987872053,0.0016085704090471,0,6.112659979068894
6.69566578137816,0.002537219350904,0,8.726916687573992
-3.5000740273280684,0.0009129502424873,1,96.0080723166567
-2.299540160071613,-0.0025012307087296,1,0.9479986603077504
-7.923627377483449,-0.003932182749406,1,6.403710588268326
9.980217174936374,0.0043880183274036,1,1.2776192166659064
2.9197026943621385,-0.0023963143800704,0,111.90653160554587
0.0188390336401038,0.0027998780824242,0,95.76318438178336
7.38481618032354,0.0011247979101571,0,7.7028297211166254
3.796199457220464,0.0025589194803473,1,6.4010785848671246
1.6458742070874912,-0.0004601758833944,0,11.525019393641056
-9.225655297585796,0.0023459114873601,0,286.7395132291038
7.899622279195341,-0.0014160731682918,0,155.3244376521433
3.020673910209375,0.0035255543953106,1,45.74955090475484
-2.0546407045497546,-0.0005319348239053,1,1.8717847001098478
9.837180250524174,0.0029950723462395,1,71.43216476298423
2.0854294335296526,-0.0015061509846881,1,78.04018499822723
-1.3934682298196304,-0.001847545922755,0,10.80588399219784
7.686325387181981,-0.0010527722049676,0,121.69623404835554
2.354916933901624,0.0006198768143364,1,9.831857034193469
-5.567151280747709,-0.003984398896711,1,-14.740639135197064
7.116243665029682,0.0050274432793247,1,14.102824847160875
9.58865781952268,-0.0021489167287496,0,269.35902725304175
5.208313375101749,0.0022889114776515,1,10.128938566685235
8.523980802976961,0.0026831630328517,0,-4.651729865080863
8.565813633352391,0.0052836276522351,1,-4.595510956336793
7.457674615347617,0.0027702829427019,0,7.264425447611632
1.6240048627016197,0.0033236649954425,1,74.80711784927783
-3.602737208086639,0.0022804788492615,0,121.04293312104318
-2.4578453034344587,0.002239866412372,1,155.5397524768162
-8.349208149173226,-0.0003114892972238,0,58.945312783288784
-0.3021228484721519,0.0025629029095678,1,90.48896305908426
-9.134431177484856,7.609272293850394e-05,0,97.7874592306583
-2.4748473240026474,0.0021291529784354,1,146.53371057301547
-3.4046840196815413,-0.0020523685643737,1,-7.965076772674811
2.0047005654251304,0.0027927773956051,1,36.638933662225746
7.498008993553679,-0.0025980379830792,0,256.4192690926817
9.66376067357766,0.0020985158490588,0,-14.098148944464826
-2.659382131230144,0.0016610044827349,1,116.38492189464412
-2.013707075970337,-0.0003555829883319,0,-3.57314947982219
0.9956622140966616,-0.0025440857771551,1,90.67843398938311
9.162100348588226,0.0025294164206987,1,82.5589253915044
0.727279346373642,-0.0013490023466487,1,30.508986501448785
-0.3123450702694015,0.0005621261073142,1,6.09346478305471
7.576128216701655,0.0032865610504428,1,10.897090174571904
1.795782922523328,0.0005485625387698,1,5.456031422731086
-9.02889784493636,-0.0006188897954183,1,252.86833105010135
-7.5698366357566975,-0.0046442173864146,1,-13.008076528573035
-8.77388270907195,-0.0019727479095324,0,5.287725554521983
3.464830683190208,-0.0015824134557991,1,140.70491414103307
6.121378698870526,0.0022610651090763,0,7.502035943563993
-7.987465558684555,-0.000589512287964,1,191.48759191508498
8.445075660919404,0.0007068937684942,0,24.63710809807427
4.48924833245572,0.0032851818068143,1,11.140116037203388
3.676763498975536,0.0008880132086597,0,4.837160001640469
-7.879365695529632,-0.0006589328774803,0,35.09040872047273
-7.924294816399085,-0.000606129327829,1,186.43444835467727
-7.843875554259085,-0.0012498460414828,0,14.079070159365777
-1.003161178059031,0.0002934065988672,0,2.1980731186852203
0.5180011233905901,0.0013859969715575,0,19.39230487493608
-8.611881904726395,-0.0055640541078141,1,-16.97411819806788
9.318701978897106,0.0028528621357296,1,65.57170833153828
-5.228038073969237,-0.0004597167494505,1,73.48603893927918
2.779016757929611,0.0038200859583983,1,68.60340519717792
-8.099185353451563,-0.0027819190414133,0,-16.393131798461376
0.2197570105366342,-5.2330724317489446e-05,1,0.16908414312716002
-2.1975802335787664,-0.0021731108437174,1,-2.0255245358234553
-5.720158133548246,-0.001331899510635,1,44.51514549091348
-8.989516692013384,-0.0028659525442646,0,-12.731301183594042
-1.2987809890006456,0.0025233530353937,1,126.95297913660809
-1.5279517557900046,0.0009994134153781,1,39.30944538414439
-2.1447133738501245,0.0002363001572165,0,5.036813646809255
6.041239863216241,0.0028988884045968,0,25.774100986981303
0.4475103061724752,-3.3124283054098033e-05,0,0.6186350467574186
-8.73492099442538,-0.000946686905328,1,203.37045120990777
-4.0632851708471645,-0.0033962357841737,1,-8.560829253172423
2.458268417534379,0.0011774498013003,1,4.456982451481927
6.259710037824277,0.0041549162706045,1,6.865842988505713
-2.5993560230844936,0.0006343336187697,0,18.242104852587794
8.214655448587934,0.0025270671429663,1,54.647179250353076
0.5468705894820971,0.0028777729329342,0,93.11233415341641
0.5694955806810036,-0.0025026422121436,0,64.36897674762179
3.838860271349416,0.0039217098849171,1,44.05158289894674
-5.122176515353969,-0.0003109493153967,1,78.42772578699996
-0.1901581168388624,-0.0021208376115786,0,35.1135618108053
-1.2199805309729168,0.0025186122516773,1,123.19253341642974
2.174230177004546,0.002568992860515,1,24.88730928730792
9.877744059503986,0.0004160350341988,0,47.661574609178906
-3.228062985155262,-0.0028180809124014,0,8.665362421444776
-9.430607025822022,0.0012272565388909,0,187.84248273955507
-3.59299703015661,0.0028841034502125,0,172.26070662535588
9.107780223732714,0.0032450109419689,1,37.326420483127244
0.4119347730207057,-0.0005055044081655,0,3.715364586776473
2.4914767860948555,0.0031397226242237,1,40.687987478713296
1.483360769923152,0.001046856149772,0,7.367596345683618
6.739750040170712,0.0018209996754519,1,53.39407402677251
5.921016981236502,0.0024619907008848,1,13.750273113789108
-1.3263854615919612,-0.0016117027342235,1,0.7081551214389965
4.81496205571554,-0.0004229372712333,0,41.63164678125988
-0.1248075529079031,-0.0020305859090096,1,31.86315781406946
-1.132507830209292,0.002455302199378,0,89.80362269730071
-4.75659677481644,-0.0005804376799686,0,2.0133188647565485
-3.644764883793843,0.0017857440660585,1,173.0093614631667
-3.881500434192288,-0.0006515176064938,1,26.043673748498136
6.384453159310688,0.0023070373282554,0,6.544099384837075
8.47394948008322,0.0048374535391818,1,-7.556133585830465
-3.65511413913074,0.0002347462231356,1,60.09091620582932
-9.34109900706326,-0.0003328812249925,1,304.6712864278935
2.923212496629116,0.001258316760198,1,6.422393419742811
-2.0124354956237545,0.0017443037532584,0,59.23507207674349
-7.421831130196286,-0.0037658991559784,1,1.5729799348599638
-3.762822299106685,0.0003083728459155,1,67.60132719718811
-9.7865569933617,-0.0025959892389157,0,1.2467012837308973
8.679554707040396,0.0009368257308158,1,195.59027481018737
-5.137556362212752,8.528500327490732e-05,0,24.507360393105035
-2.798129691524675,0.0017730479644561,1,131.24893210196385
-9.0127383963791,0.0004445750562204,0,117.39635205078568
-8.305895283253983,-0.0041113516664053,1,9.186596777173051
5.965998083718752,0.0024744077880161,0,13.185992035839277
-1.6630815128745464,-0.0006597488931604,1,-2.1099211840782632
9.247843699312304,0.0005287106049815,1,270.664859885407
-6.285231835959449,-0.0009157978328477,1,85.59458875999323
8.432985895996953,-0.0013086267113032,0,157.14106571622239
9.236424196825745,0.001374086223089,0,2.3479929236998287
-6.509375619231285,-0.0008904844272839,0,8.979276456295334
7.624803933437697,-0.0001051839382681,0,58.01991195415704
4.552429198338842,0.0021949437629979,0,16.533424592099674
-4.986282848732504,-0.0015430031493294,0,-10.913031147677964
9.734719329210275,0.0004094114549542,1,315.91682151444104
-8.224640465482466,-0.0025157147743546,0,-11.642715961821327
-1.7452823510699815,0.0019176084006397,1,98.78231332495429
6.858050303343685,0.0017444436375263,0,0.09649088926800992
7.602814611458591,0.0024046089657228,0,-0.6222167568631776
7.807225957308471,0.0037729303388778,1,1.6303244218683397
6.114919263901047,0.0003102178062001,0,25.83054640060804
-6.571031374584262,-0.0027257051408143,1,13.531712927026431
-7.493520362089554,-0.0022590862033698,1,56.44320608787935
-9.648851129891,-0.0022808347979839,1,147.43233507936523
-6.458803831205044,-0.000901566668192,0,8.167240092550909
-2.334863347984692,-0.0013697119998069,0,-4.229385417040019
-0.7281810057419484,-0.0022639685078516,0,31.16830022874191
8.80315590701261,0.0021971592051556,0,-9.68041516095836
9.824329930268934,0.001449311909258,0,-0.41695181513693513
-3.772670494181192,-0.0003176408876997,0,1.730419374348632
-9.988369319646926,-0.0026071944771939,1,142.07490318375653
-0.7644955653288399,-0.0010643657356175,0,2.8738015020304064
9.063550068688428,-0.0004728609200786,0,99.72885706974569
-3.860872551317134,0.0012158306006289,0,57.025852291623615
-5.200837293189995,-0.0035789167901392,1,-13.41570059692424
4.183250053687821,0.002156231998069,1,5.431409410294235
7.826777532612514,0.0030534957993168,1,21.785495804237755
-4.427322868013803,3.999034121239845e-05,1,74.5487424515068
7.530363745369364,0.0012707163834235,1,114.05783456373584
-3.819945587763368,6.29474206397312e-05,0,11.025390486526259
2.0142886785772878,-0.0023726568613891,0,89.28600998346244
4.078336742587375,0.0017435193132379,1,9.213262544929362
3.985375461723997,-0.0007392317168611,0,44.5692215769577
-2.2419761267619105,0.0002938416864178,1,26.518655138164817
6.513010035474654,0.0018733636879137,1,45.10322758169651
-0.8679363799954469,-0.0013023558341556,0,5.6407380439763175
2.5084747798980125,0.0013158701169698,0,8.562298132255728
3.786359674937742,0.0023612745667318,0,27.552420244835346
7.701213960064518,0.0038707344029719,1,-0.2901331344291317
3.485124441025686,0.0028380075236748,1,13.354231988422422
9.471128655570851,0.0026365811378189,0,-14.066202333941344
-7.904000828470274,-0.0039013827541203,1,6.843065574054074
0.6444638775730276,-0.0021592354420445,1,59.211114610845364
1.4337166653811284,-0.0016762895366923,1,63.64589632512871
9.490645897353811,0.0014326718109852,1,189.18201640138423
-2.6799312510515243,-0.0009144748599088,0,-6.757881614310478
-3.796225598547069,0.0003356785382585,1,70.27619135264413
0.8819085888309086,-0.0003884366957803,0,5.121920039273283
-0.2780012677218479,0.0025062512094804,1,85.7873230085705
-3.217137987280587,-0.0024185750729015,0,1.4094906896198751
4.305182747038167,0.0028558389625248,0,42.935038154402164
-2.9566418220338804,0.0003502392601198,1,45.739092583680545
-3.6088512540660016,0.0028866233303675,0,172.86667794282806
5.186064597130606,0.0020636285356437,0,9.677166023085851
7.220403011664725,0.0009751755377029,1,123.51158517589238
-9.08454349928819,9.687454079920556e-05,1,335.1823938393551
6.155100521365469,-0.0007901694684524,1,219.1195492504352
-2.4275309930193467,0.0007878450839865,1,52.6994242002586
5.970405663179982,-0.0027201768862903,0,221.1420296515322
-8.746885179503376,-0.0028172483827641,1,73.44370312282334
-8.510802195425892,-0.0051699824613571,1,-11.52555159467022
-5.653414652916268,-0.0033839825917359,1,-11.169884708853862
1.8650762144618651,-0.0007142159130704,1,36.47725731846064
-6.811860833874828,-0.000483779374499,0,25.434346541051852
9.926319439026711,0.001339964370135,1,221.8315006181864
3.119952279075392,-0.0015391567308742,0,67.97016364679291
9.735310471710498,0.0056700937793796,1,-15.857820478066273
-3.0326727212773363,-0.0020444370317826,0,-2.2352939976710724
-7.06959965895702,0.0017103285031475,0,156.7922535269278
4.933369229684173,0.0035979630017585,1,12.234558497365558
-9.479001297232214,-0.0029579301180902,0,-10.654447706818438
9.078250524472072,0.0017271274091277,1,142.33516408703008
6.756789821864444,0.0028626768365947,1,13.241729283158318
-0.9753932471554628,-0.0016281974774412,1,5.248112275603998
-1.619331885833457,0.0018517459104149,1,89.53088839762466
-9.778634614832376,-0.0056634730000385,1,-2.3087926217780055
-4.4964411754526346,-0.0017303289801587,0,-11.559914245482203
0.4369936350230059,0.0016275409449924,0,27.991300482810995
5.256447964237418,-0.0025447734647047,0,184.65635000149513
0.0449466905218471,0.0001791052548212,0,0.23374896283119018
7.000414115602009,-0.0012923796255625,0,126.90577520967256
-0.7361629679123478,-0.0015174377104758,1,6.720090057185901
-6.7603846757267405,-0.0008234812601118,0,13.632154304857421
2.246946117539629,0.0004524752969266,1,11.480488839089453
-9.620007925304792,-0.0004829567841967,0,78.95946316462314
6.484492009823335,0.0017990659450026,1,47.90833076354794
3.332293928325868,0.0025103394576048,1,8.856967533889568
6.580334927788197,0.0047556249553238,1,16.204643569575065
0.2048650122389155,0.0018277173104858,1,35.4086201183669
3.064564123823281,-0.001929705557949,1,145.47723430145825
4.058031869881052,-0.0023457300686862,0,136.95230652516335
6.149853231418401,0.0027979482657664,0,21.033465890049754
5.032503414403369,0.0037553010869665,1,14.497035653255201
8.905029813622349,0.0007244809566071,0,25.997690153834206
1.5629614119413322,-0.0017383335916272,0,49.834670818450896
0.6504200047604076,0.0020583014587763,1,35.34028107234609
4.7257857460075385,0.0018197906085916,1,14.484102222255972
-3.4521202266979367,-0.0009975557728477,1,7.750776245301326
8.391410416327442,-0.0028448461929077,0,311.8696559105908
5.445211225267956,0.0018938341769572,0,5.870940233988627
-9.228595147189653,0.0028896229367235,0,349.03563030244254
-4.077101785428965,0.0017179496673674,0,90.10255960118755
7.763857916729549,0.0046005318266708,1,-2.9907421936389182
-6.026366673474948,0.0010165936759962,1,230.36900182719228
-5.730108195202462,-0.0002330703294726,0,20.375931786551526
-9.531879488089338,-0.004975882626331,1,11.28573973557675
-9.580139652504728,-0.0006641891383373,0,68.8052185705524
9.7841477577613,0.0028175242750455,0,-15.75101505985049
-2.2268503193791584,0.00266590246868,0,124.40323556959194
9.502771759706896,0.0005886812906489,1,279.81033648345044
8.85835195323643,-0.0001441309706363,1,322.42729232707836
3.57963938554126,-0.0009587517440845,0,48.33464801531057
-7.416935454331441,-0.0001769126990743,0,47.339273823007815
1.3633231918948514,-0.0008938201946203,0,18.664254351680047
7.593719554270862,0.0020406970653647,0,-2.942234765557015
4.59699439459037,0.0032709855487237,1,9.754663473889993
-9.068603906075545,0.0020350134351951,0,248.82408494484693
7.928266282492519,0.0005970155894498,1,188.4840270522559
-7.0748587448751765,-0.0030432750896057,1,14.416589514296243
2.167077083004454,0.0030841944246205,1,45.94241824955016
-3.392366186701439,-0.0027749357318805,0,5.66504376534806
3.35528030936138,0.0026286184407445,1,10.59778775178447
4.827452128521962,0.0027862553803817,1,4.271508541443882
6.937382343185018,-0.0026820334113949,0,247.48297503565595
5.2035982136793,-0.0011186571992214,1,194.42520246046678
-0.1308625284415772,0.0007273686013699,0,6.785923963461334
3.9712305667715455,0.0026791378843674,1,6.626638017575947
-0.1930492296125194,0.0014477428143657,1,28.634829179516704
7.837587151723927,0.0009146318307326,0,14.572010928709364
4.508469506596269,0.0017330352244419,0,7.736297983794433
-0.238364871099284,0.0016728177921374,1,38.70899141592009
1.6061986088325604,0.0011362641404301,0,8.444171323856725
2.2797960916985005,-0.0002390993223883,0,12.044255164285136
6.497859604480617,-0.0024313586374048,0,210.40201584711065
-5.624527156638082,-0.00276559993517,0,-14.583920145390824
-7.641561900921017,0.0027037085461879,0,268.671220829393
6.243478419707095,0.0016194655651153,0,1.902515987195772
-0.2859559212648968,-0.0008219217168004,1,2.0855764850339007
-4.755495032470487,0.0021058220072819,0,131.76328095983152
-5.679162255937975,-0.0021920735845034,1,11.866645342639709
-1.6784713321628395,-0.0030358472171886,1,24.23984430428238
-9.451812138071103,-0.0051852899653037,1,3.6041718537035217
-2.649193425567762,-0.0026483542918118,0,12.863770551746574
-7.894912653003954,-0.0018790633285506,1,91.91244067931362
1.7831118924973772,-9.60518555172853e-05,0,6.6202167856380205
-4.480709725029801,0.0023224865255707,0,143.135731262139
0.9789018277606304,-0.0028359616416416,0,89.91142056706462
-1.6497662510180806,0.0020583216296576,1,105.2655259238264
9.778794908542569,0.0057478060627202,1,-15.726730577134125
0.9002870325061494,-0.0002253257120874,1,6.685974741166503
-5.41058182118864,-0.0004922865981677,1,78.12981555188466
-2.4602849063329746,-0.0008135707182204,0,-6.167823316740601
1.4516249402980923,-0.0001741894397628,1,12.924925096661333
6.851746769334625,0.0020052888722561,0,0.4808658737828423
4.515801773307654,0.0019428139258478,1,9.901190924985789
-2.506859394925498,0.0022254659992441,1,156.61144890164718
5.613425005331187,-0.0014106505684949,0,107.82614503906584
2.4673397403265653,-0.0017721787381049,0,67.51692117041205
6.143562127833185,0.0026083505889104,0,15.237503864904912
-3.146156006250256,0.0024045509901475,0,121.5732515015641
7.96446141266993,0.0029956547180546,0,7.8303782183864765
-0.9160011118529194,-0.000161100277767,1,-0.11167349161727658
-1.0960925625330995,0.0026536234593821,0,103.23113590742634
0.8335421069694409,-0.0001996084023158,0,2.9124458102823194
-1.9696672397278971,-0.0006098521979677,1,0.03772064080219345
-7.099018169928688,-6.307889724304558e-05,1,188.1813322625549
-0.0793692211010004,-0.0024329413306489,1,47.622093210118194
-5.222214252248283,0.0002415085224448,0,31.44013553127274
1.1930148589132212,0.0031906178322343,1,80.54375905876242
-2.593201974238914,0.0022840671973229,0,102.21749195289348
-1.4673432560739386,0.0003350356919929,0,4.222724827797517
5.505053118737333,-0.0008143863322166,0,69.61659707144128
-9.196743302639604,0.000882782514248,0,153.29016475526987
-8.936622609792904,-0.0041027427221283,1,24.409312793700867
3.083191882749073,0.0011569027638292,1,8.964658505844564
5.173689279108618,0.0020255626888392,0,9.077551880784672
-4.674089339325303,-0.0002847137032482,1,64.44638635586608
-5.104045636053705,-0.0042352786864093,1,-11.778994617409698
5.297904025639475,0.0016603451863598,1,27.752146435577167
-7.16352108665669,0.0006634297934395,0,85.78705741014443
-2.7994369705255595,0.0003436799215055,1,41.32568865820865
-7.449218284794998,0.0016712700488632,0,164.06910768169703
-5.466977502593355,0.0017756135992656,0,122.31369139613778
9.897746328011198,8.003084706154616e-06,0,74.52930221305695
-6.53723127541052,-0.0005581778092617,0,19.282137938035053
-2.158943009519212,-0.0004850249499399,0,-4.474583359774957
1.7789928516490576,0.0020696531966668,0,33.67984174802181
-8.84209238250019,0.0001882006237683,1,327.8940886477895
9.505554228052269,0.0044669079525257,1,-4.598141554836169
4.508419812768308,-0.0001740447517073,0,29.066300840132893
7.294909922438407,6.61627516917081e-05,1,203.9901057016313
-7.994482440753472,-0.0002863985009318,1,219.8223186543133
-6.273473933975691,0.0005401106642208,0,61.28905325511307
-8.390936007671952,0.0009150064878539,0,132.33075483152018
-2.027260903416757,0.0025353549020112,0,110.57383848572644
2.1382374085611744,-0.0028466182208459,0,119.97594142469529
1.908430079867172,-0.0007657785503964,1,39.46728282039696
-6.747403301516403,-0.0006624917073271,0,18.492569327600407
-5.980661655702743,-0.0036994901476596,1,-12.615849402025692
5.844581731500467,-0.0005572699896271,1,181.49018790231577
0.7547439398762101,0.0004836005809858,0,2.1930410140743466
1.666633972532949,-0.0010394968212879,1,43.50991423324536
3.0946350212057343,-0.0017250519527831,0,77.06567375657173
-9.032672758193714,0.0011713334804662,0,170.49342990018064
-8.755252150486728,-0.0006384286283272,0,52.06746446807532
1.5031916070791596,0.0013369493092625,0,12.758273664669622
-7.350483541660287,-0.0042412345672039,1,-8.956617250386808
7.643336755124906,0.0011801412401096,1,125.52868846929269
6.664881103178569,-0.0010532412617189,0,103.3619106689712
1.0038351277873314,0.000731303393495,1,1.9601362019052102
2.427851570653612,-0.000505266118207,1,43.03020388898712
7.652265721072833,0.0016346190011249,1,92.78566035353487
8.715846225477115,-0.0023964788938223,0,271.9091559985709
-6.161253146596433,0.0003736814989865,1,175.93973711207408
7.432033605790878,-0.0016205183259827,0,162.53192523779268
7.300261288539932,-0.0003721916008568,1,246.72926204668087
-9.267125619709295,-0.0016387891569786,0,22.36593473625727
-7.9842884722111425,-0.0053403884014208,1,-18.815230197929164
-5.026790644409185,-0.0019281438563496,1,7.797136651640404
4.997947471482862,-0.0011152815854665,0,78.25238478343383
6.424328506814359,0.0020564504888426,1,35.087270440171324
-8.53002514506787,0.0029757528038166,0,331.97574769388865
7.975448725678792,-0.001291469099216,0,146.3632805662107
-7.835036457812629,-0.0024487464431883,1,58.86006675956202
2.1442900878836912,-0.0029869410306315,0,128.96535018993188
5.6410747117013145,-0.0002235361327213,1,144.6204751968092
8.89938131853916,-0.0026016554632208,0,300.5433660183952
0.7129390486874811,-3.1457612357961946e-05,0,1.4099398579263804
3.115026464559488,-0.0001627031028277,1,47.525845722129056
-6.630297105956911,-0.0031694183363008,1,2.7638524553256345
-6.951019577015698,0.0004455511241528,1,228.11937048911958
4.462200658721187,-0.0010225685334521,1,148.5197363986757
4.200751983917304,2.456273813150869e-05,1,71.2919114608321
8.872189397691333,-0.0001104951239016,1,319.427240941986
2.081136061684825,-0.0027752984596079,0,114.10835709765772
7.497374415043822,0.0021677280910003,0,-2.0076547642752844
-8.442482746063433,-0.0008255389379969,0,38.18173157522728
-0.3424004618956662,-0.0007789357927582,0,2.211982855639547
4.644734834334297,-0.0002804037794491,0,34.179923140869775
2.7139052945580424,-0.0028717599220446,0,137.22505231412126
-9.94826684678742,-0.0019778444244055,0,22.258256677819958
2.659509979288055,0.0008724820854772,0,4.22527686857722
-3.075020933400112,0.0017173839957419,1,139.1699502179492
9.427404045567044,0.0004331975200596,0,43.66476465693428
2.3493999639653715,-0.0011384370181844,0,38.269916798998274
-5.762796735513263,-0.0007835034147542,1,73.92079005870511
0.4936415208178637,-0.0025658206566168,0,65.64600007879119
4.698855788704536,0.0038630258241063,1,22.980703209726126
9.412350466875097,6.080239694256532e-05,1,336.1373795506797
-4.075135152740767,0.0006812293672898,0,34.86542221448891
-3.583973209954374,-0.0034988888506773,1,-2.2037374223582686
-0.832184848642715,0.0004654878792103,1,9.31864488120905
0.2995050988875363,0.0017058938612638,1,28.6793984655181
9.71980757146019,6.716270982181169e-05,1,357.0304856215435
4.277582687626861,0.0028992220214444,1,7.109522589428013
0.9853485945972568,0.0005619301235061,1,1.5632366384650909
4.447241202461061,0.0025054131602621,1,4.56316280899199
2.767733219617039,0.0032311759633027,1,38.35810390462113
5.51939075795617,0.0029300908335728,1,4.067010019729151
-2.2945943717180644,0.0016853684264258,1,103.3947524224348
-0.197637235831511,0.0026403707836931,0,87.99797687270976
5.461946359411956,-0.0020087537523892,0,147.37644423414298
-7.831671173614254,0.0007284934430628,0,105.21008126745085
-9.642580837435034,-0.0036335898348051,1,66.51791648812093
8.726571315633795,0.0006684851556812,0,27.667621937910493
-6.9161383688996825,-0.0012273289263845,0,4.265773488714087
4.669125935963958,0.0024713712184883,1,4.969043748051008
-3.08874301470982,-0.0028030483769355,1,-4.570619946423306
9.525075448217546,0.0017168795288095,1,163.6165956252465
-8.18065169905783,-0.0005170300362157,0,46.27640412813266
8.829009539219104,0.0004092795257495,1,258.0831580279899
-6.1184148840252455,-0.0019053792494299,0,-12.325151875522378
7.96503203457798,0.004554496396402,1,-4.703134547048706
-1.0965669344194104,-0.001726424718586,1,5.201886276066981
3.1722580964804887,0.001251248843335,1,8.434598035984052
-8.83013523143777,-0.0015112960833295,1,161.6103487672959
-8.890752665427854,-0.0009603156134508,1,211.50672978117882
3.8014624962615393,-0.0004434536555919,0,31.1440873733268
-0.2342708964168061,6.65428849453945e-05,1,-0.12406869347504079
-7.744388153326119,-0.0047241055717778,1,-12.554044488767728
-2.004601182754272,-0.0026801417136733,0,23.28954433701435
5.920707712035988,0.0020420642304738,1,25.9595791095783
6.513019063214912,0.0024860249573734,1,20.972651558490703
1.852650560643843,0.002140797156886,0,35.92224439511981
0.5393516108738101,-0.0020900147495692,0,46.343240603003544
-6.021059810231451,-0.0021246575911609,0,-14.345350236963586
5.646968606102147,4.031906672724547e-05,1,125.38192404651434
-5.651421766720355,-0.0020515900999171,1,15.526239914195644
-6.921713341883747,0.0007721011324448,0,87.03531999002544
-1.849420321787248,-0.0026192985458878,0,24.032637303229897
6.834081794180829,0.0008703379077529,1,115.36496615931298
-6.294648349057612,0.0002687759851611,1,173.76946439370326
3.418068892862117,-0.0001749528013515,0,19.431371061161872
-4.80020830476758,0.0015931248949077,0,95.49333581871144
-8.240012669386392,-5.5797389086269816e-05,0,69.35135977908195
-6.591275591450194,-0.0005717135353025,1,121.24622402940665
0.7722522070224151,-0.0023262720107452,0,60.58680320486959
-5.2048998130320605,0.0012337206056774,1,204.1751433984009
4.466240732732626,-0.0005164158945981,1,113.34854321221599
-0.648531802807808,0.0005286852931768,1,8.676716237149225
-0.7247930744963185,-0.0017897626283568,1,12.31915657659064
9.83637047369858,0.0005357367029617,0,40.39381769178887
-8.951922193636747,-0.0007573248794751,0,50.754147068197135
3.292693063170688,-0.0017007183956322,0,79.60383846842669
2.706273491281664,0.0025250223310044,1,15.615014982179865
2.803784262765284,0.0028768603724202,0,61.83201980507873
3.7152122602850426,-0.0017604175751424,0,91.38885197856038
-5.799268273844249,7.048568619402143e-05,0,32.36224387399337
5.0458752563876725,-0.0003087507492038,1,124.00925361803905
-8.709683484641413,-0.0045592299877316,1,5.215617104571057
8.49600359312613,0.0001976661161101,1,260.5224861784015
-6.313576549245418,0.0002785766235986,0,49.143418440390604
-6.5058767030756615,-0.0014393077993307,1,64.10935780742597
-5.416473289984154,-0.0025993727578836,1,-1.840853925113989
2.977970982381642,0.0013798978549118,0,8.092951605134713
7.972527450752487,0.0019468505910843,1,82.86933991894588
-4.773347207399588,-0.0031397025034393,1,-11.877311119798913
3.9325097835943374,-0.0001829879221653,1,73.3662194830539
2.7020580758797337,-0.00094861583084,0,36.017974285538564
-4.1340797000405445,-0.0005862271423843,0,-1.5079783532049664
1.4305884159750697,0.0027188381275537,0,70.12405287193522
-2.187057664513463,-7.220569927584758e-05,1,13.677691108571082
0.8014985580412564,-0.0008328320764483,0,11.82491617525919
5.895868098565629,-0.0021101225427213,0,166.23175287915976
2.60807015276308,-0.0016608433016005,0,64.70701607483062
-1.585210824725202,-0.0004913240888295,1,-0.6858187496775167
8.222305286725685,0.0016339128932271,1,114.20828834087229
-1.0449476738211754,0.0029426800813336,0,124.70020807420269
5.331327715356286,0.000694000174362,1,71.94553959035
7.480080495901106,0.0031457158952462,1,13.833559366319244
-7.119118221163355,-0.0009066461640941,0,15.389999459896643
5.174438607673945,-0.0026537285467376,0,191.37389164204805
3.494430778665139,0.003000741236404,1,17.101653295481857
-7.880614696264612,-0.0007483018817435,0,31.659671165749835
1.0952554118527758,0.0018557739317176,0,31.152839426646416
4.878941133986526,-0.0015759332893691,0,103.90088596246582
2.380137794153317,-0.002605918014677,0,111.44957044949513
5.933883294607647,-0.0010930193757857,1,234.143125338451
-3.734832657724976,-0.0017160698961319,0,-9.265897876696535
-6.641224081981774,-0.0024863743659406,1,22.774609913800283
8.698346438405977,0.0002328024432533,0,49.44921858249681
6.22655941264124,0.000672390737694,1,105.09790018137946
-8.462459981534165,0.000178010578683,1,299.1770714538103
-1.702663993261904,-0.0011059240898927,0,-2.728335083034477
6.466016752587727,-0.0001930443791806,0,49.96590458169154
2.5562497734854546,0.0007919072205892,1,9.254105188799
8.909636677602169,0.0005952460188617,1,242.9966063304361
0.4582163409532995,0.0023463492926078,0,60.836591818751444
-7.692357339744791,-0.0004305886271238,1,188.7586683412653
3.620147148994516,0.0005504769170353,0,7.120316073191675
-3.0840117173771686,-9.192619921392232e-05,1,29.768991972923747
-3.412482954882692,-0.000762247312224,1,13.437809555738808
5.012488191033951,7.681237232164222e-05,1,97.10858818552776
9.48768264848286,0.0057891701762148,1,-10.76230497378226
-4.536900736019525,-0.0023302121098938,1,-5.830117413661842
-6.868411832982295,-0.0049533379765923,1,-18.916888523764122
6.143188953153441,0.0026872719620253,0,17.544560016255634
-3.0167727999018767,0.0025557955974798,0,131.02873501163225
-4.101059963157518,0.0004592292374545,0,26.426592203498185
-9.183344727137328,0.0013102980318958,0,186.63760043261593
-6.135787936810182,-0.0033073250631673,1,-6.447969569418757
-6.950362209718124,-0.0014648647398571,1,78.75387550153636
-4.324881561574774,-0.0031785915775183,1,-11.122308033698785
-7.464962101229251,0.0020705475866688,0,199.38241678639505
-8.279979915273287,-0.0010825053868976,0,25.78434311254444
-0.1354034102054857,-0.0029659933963746,0,70.0889846680777
6.41597917494893,-0.0009672123352016,0,93.32103517875171
-4.246205750164613,-0.0006871327564597,1,33.05755388544462
7.576039710386851,-0.0013058092985131,0,139.47205242892235
-4.019641450030629,-0.0024198723847351,0,-6.1025384319094815
5.622126422106927,0.0013522728061354,0,3.6133157021057656
4.622804006245463,-0.0017293897215585,0,108.4618550039664
5.558988325904002,-0.000152958793292,1,135.5571681120827
4.449149985532166,0.0014814674515502,0,5.401437676386177
7.430335658775174,0.0008554335819505,0,15.060685141996505
8.894434586739166,-0.0009518779246554,0,135.26356908398066
0.9170722377863568,-0.0016180169987297,1,45.14322367077952
4.025421810558903,0.0025382840140407,0,32.0601463343236
-8.823130160617882,-0.0015982194776239,0,16.828256577680094
2.071318875461545,0.0015036644002008,1,4.4810221687871525
1.8051889576207325,0.002448268705092,0,50.54943223298558
0.4118798913680059,0.0009679416645558,0,9.46092310189618
2.6178736549603983,-0.0019177749297204,1,123.60408711466602
-9.432712156608234,0.0013997658161489,0,202.5412529679326
5.526365584963047,0.0034220210180683,1,4.335604296095846
5.760862051769294,0.0029174494564297,1,4.801891044663283
8.6884052973239,0.0010740429943466,1,182.96067219013167
-9.972098668853953,-0.0036979757076971,1,76.13270129774878
-8.794677751905295,-0.0031026137654901,1,60.95806170493717
2.805163302364564,0.0027101595374966,0,52.70646742426054
7.2165454655915156,0.0001825512305642,0,39.52512609498278
-4.300494333092139,-0.0011903139767536,0,-8.771755216007909
7.899836438282048,-0.0001662496604285,1,262.3400190809231
0.0070166398842648,-0.0018092535810614,0,27.94580639716459
-2.955103845844114,-0.0019359726983542,0,-2.920364382828113
-9.03104281462221,0.0025630092021185,0,303.17382120530766
-9.119040527723596,0.000867976542453,0,149.84490201361393
4.926159340384784,0.0008879844147701,1,50.25621047880639
-3.7389936593921513,-0.0011079057389503,1,9.109427195698233
3.9585016510298914,-0.0014944491192981,0,80.99940856933927
8.632513039683325,0.0049630791515782,1,-8.409959760369931
2.8585170855987467,-0.0012317831464349,0,49.39252334111499
-9.98989652653218,-0.0025799265839415,0,4.3261577057173755
-4.4790110260651606,0.0018138336220773,0,104.23521516946664
-9.82254332929752,-0.0044784821752049,1,36.10113835144935
-2.336767417650014,0.0009202609259917,1,56.97584250305574
-0.3356137217991701,-0.0004737525745621,0,-0.3606574549680937
-0.3030026496640516,0.0020037420319145,0,51.66431401506624
-2.11345955521609,-0.0002082822945492,0,-2.073970834567694
-7.67659344502068,-0.0010135339917704,0,19.26422569855788
-3.1534630672279373,0.0002553156800416,1,46.535424717843654
8.759497780937146,0.0045154545685393,1,-7.2604287994329635
7.350217409330927,0.0020357555686046,1,58.54929987981673
-6.497379243602821,-0.0002957703933522,0,27.93863224706159
6.454810140159694,0.0041878991014795,1,5.179578970621797
-8.012131084215122,-0.0038150484922809,1,11.446027236941474
7.47799779668766,0.0019832317604136,0,-2.440408239732813
-6.522752414616011,-0.0015535528542116,0,-5.719211435605862
-4.076011078427024,0.0016946278402411,0,88.56396728988688
9.091499333843366,0.0028813899532898,0,-7.318712333017024
3.4887582563366983,0.0012042458726403,0,5.281521377370112
4.486663427933504,-0.0015995084036093,1,194.870998477182
5.713127182752608,-0.002240819827242,0,172.14914961250497
-9.075571031382925,-0.0039488217385406,1,33.881493939072854
4.05046379855589,-0.0010143936585617,1,128.69962434906637
0.7880700111938399,-0.0002667913742219,0,3.285703515942372
-9.605781954198786,0.0018979443702831,0,254.82792622408667
-1.9855174792871375,-0.0014904014971289,1,-5.013854534229813
6.750880508798428,0.0008722587262575,1,111.8825475188516
-8.926707859328875,-0.0014241457642381,0,24.166402618258246
2.3827826097129474,-0.0022301167153172,1,132.86811146668103
-5.626752177037142,0.0015832043986397,0,111.87832139443532
-4.145934685871984,-0.0022121187934765,1,-6.867981266812845
0.3492265285240492,0.0007550788871832,0,5.828188609190057
-9.28028385244859,-0.0014472624711822,1,192.04549340294432
3.876333487885038,-0.001808136859091,0,97.56526697353678
-7.5021720770232285,-0.0012115112074631,1,117.71083442147543
-3.095903746034492,-0.0026171404737792,1,-6.231330814272742
8.87250524596691,0.0020745879688586,1,105.6568001058591
-8.04697826681701,-0.0011353146455955,0,20.47811765585875
0.6856769610574318,0.0017895897430489,1,24.548150021834022
-0.6728395524877087,0.0002228240078276,1,3.33667188274453
-1.2366495529110484,-0.0017894155312312,1,4.304040262521053
0.5629720757796104,0.0026980236709113,0,80.68514579011034
4.480825548219286,8.198492770574418e-06,0,23.05294932865322
2.768059875346651,-0.0020893810476908,0,90.27140325150106
8.729921729602204,-0.001716954246818,0,201.63863441145838
-3.5727893825190105,-0.0024983114334489,1,-9.198025015131257
3.9217219176398856,0.0028094548965202,0,45.01933394290775
-9.104412179355744,0.0003652042578421,0,114.7721177953319
-2.6361662269673936,0.0005074869030182,0,14.668565041555715
1.2146869928376258,0.0013633972628861,1,7.354656953994953
7.855777231520317,0.0040497912742085,1,-2.208034265136178
8.120136206520979,0.00450376644222,1,-5.56940404173894
2.258872086831019,-0.0011636638583336,1,66.95580932015372
5.98279699649092,-0.0028855129345411,0,236.8668839526086
0.3858669537088453,0.0016872580218964,0,30.649003368184573
2.838706410389733,-0.0014556315648771,0,59.0410438161091
-1.6313633448653082,8.844913615958902e-05,0,0.7422145554323247
0.8349487451287914,-0.0013960083336548,0,26.5689690063295
7.2467468165384865,0.0030719330342653,1,13.19599983015758
-9.877080327672562,-0.0021632871412218,1,168.4531842080548
-2.054019014612837,0.0016337811121764,0,53.925057158795816
1.477837922183161,-0.0013327709770921,0,33.161757093685665
-6.748882215686514,-0.001024657485779,1,97.36682403701016
-2.37889899968007,0.0016496672920152,1,104.12937302597425
-1.9734349496250925,-0.0015521737579267,1,-4.789863103247833
0.3401964908335824,0.000186567575744,1,0.3023046555452402
5.846201572395948,0.0011830871938256,0,4.918997471322339
6.592855686192973,-2.4747739426085183e-05,1,175.02907401796782
7.645134647277356,-0.0022984955511676,0,230.5786213141132
-2.2147425429875645,-0.0001401733395175,1,12.222577922029174
0.3737880742969164,-0.0008465753301444,1,10.493875844537271
-1.748972178175956,-0.0029659972343245,1,20.62351945712702
2.004081073282997,-0.0013994164749614,1,69.79422298385646
6.36373149379768,0.004217962116149,1,6.716645350978371
-3.694550727120736,0.0006070091509531,0,27.55820527973189
1.1850710406527458,0.0001777668154911,0,2.0908917442006705
-9.961695822333663,-0.0040054803178904,1,60.81481919370666
-0.574802501751968,-0.002116636203567,0,28.89291805466527
-8.16741586843397,-0.002387642782342,1,73.97964598309827
-5.87579827544703,0.0024193557776576,0,186.20175073927155
9.395572774069247,0.0026330270690298,0,-13.37674803748967
1.5714966763845375,-2.5561264603209425e-05,0,4.761613253072348
-8.664803576359647,0.0010728996093933,0,151.69578317520205
-4.988832984917046,0.0009899292218851,0,62.73446350595636
8.06697352646135,0.0006730633882165,0,24.196149003111113
-0.8312445968674744,5.775283742705275e-05,0,-0.673074232810168
-7.079373881891571,-0.0037695604300639,1,-3.656834913486901
-8.809859624029812,0.0023942733500795,0,276.45922342169047
-7.0949818987507385,-0.0017442234239782,1,68.68690947235314
-0.1636793344017224,0.002759245411251,0,95.73519920394142
4.175889163285152,-0.0025188662771234,0,152.5298497015186
0.0005046005434632,0.0004830763451321,0,2.800849836713097
-6.849962628755861,-0.0010316663216142,0,8.678574309212374
-1.986420942899219,0.0022473309884042,1,134.2795167576627
7.54356897337442,0.0021815593096244,0,-2.1975623246251184
-9.03945202721282,-0.0025639418393746,1,99.60099903823746
-7.022102801588053,0.0015523038511849,0,142.96613716284162
3.2217191386487603,0.0030373207359059,1,22.28523236899431
2.394100758365676,-0.0020333398236567,0,79.31951222647345
1.800602183944859,0.0001878010046791,1,10.681322132653275
-2.934692438129371,-0.0019892856238914,1,-7.535541580569471
7.362847010279296,0.0047411231549914,1,3.1324161291756965
8.148175673256564,-0.0022017202096625,0,235.00963452194304
8.423587819233639,0.0018917303487855,0,-5.984368587476069
-0.4412674142665018,-0.0005056711040638,1,-1.1980051355536352
-0.0439623862959219,-0.0017566745190545,0,25.6196277834316
5.499620203098184,-8.21013100834677e-05,1,127.75372197838982
-3.312794497331577,-0.0006310799413865,1,15.632811043651248
5.232866291824347,0.0042469155174491,1,25.829665370944273
2.720440888365621,-0.0025676747539656,0,117.66203594461479
7.877436388623014,0.0028178251080024,1,32.284175331038504
3.20026782262663,0.0017399901828401,0,13.658072951786542
8.461327700878567,0.0046033760328104,1,-7.304704743526408
-5.452165120941284,-0.0002567398397058,1,94.34053267110224
9.954169542215348,0.0018673705456613,0,-11.808484615594024
8.601164109906886,0.0005882271725802,1,225.90973109520456
7.314568723892442,-0.0007705871212985,0,95.00918724864661
4.251156013083236,0.0017969100502802,1,9.90094166114577
1.0041042519321586,-0.0027199053051509,0,84.46743009129779
-9.730541696131414,-0.0024366300609955,1,140.64917468352667
-9.150061023936653,0.0011257885951931,0,170.55246781086365
1.2605429663327588,0.0028506926475987,1,58.077436829746766
6.040931271094433,0.0004892877639063,0,19.612982467466292
-3.656810393283026,-0.004042398149963,1,5.514159987145552
-4.118647691800261,0.0001838086240015,1,72.3406068287178
4.505584073690399,0.0012784911783585,1,25.746556118747247
1.5358163646379364,-0.0013825747190702,0,35.70813660891325
-5.821897758381796,0.000475163692605,1,166.97259752235186
-5.991732070383349,0.0021934040172131,0,168.9109118562735
0.7709185576582449,-0.0025601208998364,0,71.31017908604537
6.519466578606053,-0.0001396107111226,1,181.1139134521501
-5.626950883346953,-0.0032974815434441,1,-10.406056804440324
5.905384119724406,-0.0011482278681413,1,237.59352413515725
-9.048488662926523,-0.0038719615753795,1,36.03267097519953
-4.078748807981634,0.000915330044258,0,45.25248061237901
-6.429072576936163,-0.0009205397978521,0,7.369050324014113
1.052893337319837,-0.0025404352720846,1,92.7955690030285
-9.51060951938036,0.0019382984135345,0,255.29476187230387
4.007405596595465,0.0004957382163183,1,43.49695886586496
3.963668735185916,0.0021478817646096,0,19.333314265105685
-5.153227781052861,-0.0008621026140336,1,49.80121704125027
4.285680832013057,0.0011422173594486,0,4.614031688496746
-0.6474364800035524,-0.0017534284832775,0,17.546061685688745
7.474611127989849,0.0032404100040084,1,11.07674876019356
-2.8160397724882174,0.0001874303446306,1,34.92789376711819
-1.8685829647976444,-0.00265143890589,1,10.486966447790305
-3.4574568124585987,-0.0029336291581011,0,7.9391089050131605
1.784414711076872,0.0004211484544347,0,2.948951944854791
-2.0776219014082216,0.0029278501385644,0,143.29762687928863
-8.740298809702068,0.0026512018737327,0,302.09321331715074
-8.808125249124974,-0.0011692183276285,0,31.317815770514002
-4.097999833219177,0.0029720994644575,0,192.9172591239979
-4.669181481054654,-0.0010928264724738,0,-7.023869960486828
-6.385510646205321,-0.001783664063172,1,43.65547139144254
3.0210620912241204,-0.0018294837733572,1,136.51583976947154
-6.305708213295775,0.0006492883105728,0,67.64425667966503
-9.445579961741789,-0.0012106878549087,1,222.88176856114612
7.990787822051445,0.0025384204327278,1,48.30749940403087
4.674312419531061,-0.0011272161529937,0,73.46841502054662
-9.558196570819286,0.0019496024264349,0,258.1820850924268
5.979944307720249,0.0024431352791684,0,12.308470233110281
1.4013061507198934,-0.0016670539184342,1,62.145913184563305
-4.626978327152516,-0.0018525701899022,0,-12.001003318385713
1.227540158956442,0.003193620307261,1,79.57761412326974
7.043731483054348,0.0029010107666133,1,15.6417219359255
3.2206430832837327,-0.0007152189237853,0,34.084962594329106
-5.50305275819535,-0.00025889018927,0,16.984048414303167
-3.007210069554686,0.0011016936454938,1,90.084937119443
6.482948908716324,-0.002181083886,0,187.5894729216195
-4.667496860146658,-0.0006896922214554,0,-0.724403608091915
-8.683810269407493,-0.0018712096049056,1,127.73711152036341
2.098175240542467,0.0026597935393001,1,29.469449588008867
-1.1862899063498027,-0.0028604200022126,1,31.383115492733193
4.756429266928354,0.0028172183237253,1,4.427675118969665
2.2220081760779298,-0.0016719404812132,1,92.108992876656
-2.851328150944356,0.0007251727726036,0,23.461952540324884
-2.449000791576923,-0.0025790081830584,1,0.10747678327217336
5.633251396032904,-0.0015299731103221,0,116.3626155332137
-9.162947959098588,-0.0013298051075049,1,195.1690586859117
-0.5462117002994749,0.0009774431938656,1,18.952297130751273
6.10561314930364,5.3849629452929245e-05,0,35.364465554487055
4.85984043427446,-0.0027508380452456,0,190.15078010803538
6.826864363411499,0.0017856675202885,1,57.58640156184777
-9.178686451272506,-0.0024737460312016,0,-2.701098273708527
2.453502215645265,0.002711251204178,0,56.88772785402258
4.574728084391499,-0.0004206376062263,1,111.57831452897611
-9.27814093056739,-0.0039253578083165,1,40.96304046006665
1.0180876787862978,-0.0009156068851704,0,15.684050460090134
-2.216759593679956,-0.0016673605563758,0,-0.338438925480353
5.274878080693524,0.0037536897757252,1,11.224505577743916
-5.615223266248566,-0.0007816646405864,1,68.82603804793914
-4.962006227256608,-0.0002082161176667,1,78.77473451211637
-9.524547290560225,0.00240379666278,0,304.5623801401749
0.5523712021507361,-5.162345834001467e-05,0,0.9761814987969273
-1.1017603944158658,0.0026681555201751,0,104.39588583552714
3.6899954288191257,-0.0004156605998873,1,77.5348219459932
1.7326363926354595,-0.0001383329770621,0,6.886772064613457
1.9336900501888472,-0.0019133025816761,0,64.23851012250705
3.119006190478421,-0.001448829712201,1,116.03166044491687
8.97593153991551,0.0018543695783266,1,127.20920963617968
4.95439517457794,0.0025733308082642,1,5.0875311658498115
-5.944332497474014,0.0005926944881041,1,184.04597085419678
6.068804698567551,-0.0019134177554544,0,154.70376624273487
-8.173627523313773,0.002171701084117,0,231.47966697519104
-6.382092563430994,-0.0014838789502652,0,-5.345528148334008
1.4359372124106962,3.033279339019866e-06,0,3.9044838899503818
-0.1266716866631476,-0.0006272695924416,0,1.8853417730976672
-2.869606787932466,-0.0006617178886072,0,-5.608266633031561
-7.040139785478077,-7.112541873691676e-05,1,184.1763681277212
6.706637512512316,-0.0013988130344341,0,129.03253234887956
-8.538715096738352,0.001317588466767,0,167.0251599181365
1.1839245469994744,-0.002952638753965,0,101.34149484039128
6.143117525307879,0.0018633711935053,1,37.07349026339517
7.729936263077832,-0.000664216653446,0,94.17481528222348
6.97775196303418,-0.0006940358601566,0,84.7782915528777
-9.05438613651322,0.0025761617319795,0,305.54225037865626
3.5191399167688697,-0.0013225266455031,1,125.54288947629686
-8.92082130177208,0.0028004320922423,0,326.18494002409864
1.980617835866978,0.0002716579792464,0,4.012682983895802
-6.930951304949913,-0.0025904888679742,0,-17.135091355198924
-4.950823047668067,0.0027946562729851,0,197.34663069824285
0.2152474108271267,-0.001934791003041,1,37.469072643337455
0.8288963317141551,-0.0006615231742703,0,8.823730309759446
2.0359627346009628,0.0015958780092163,1,5.42727937815939
0.3645593870714272,-0.00295834359589,0,81.38778658920688
-5.17246488211314,-0.0044390445512561,1,-11.021149641249064
-5.942256062738509,0.0022168291956454,0,169.67158273260452
-7.130094075303464,0.001244420314208,0,122.82092920750702
6.110082808163416,-0.0022759689524598,0,185.76496135996584
8.711470789354994,0.005221350870686,1,-7.3230664336711655
9.745074042804728,0.0029751818131531,0,-13.275519295676245
-2.3222893688042205,-0.0011025025838805,0,-5.648168562325269
1.028266283383534,-0.0001547778891537,0,3.4308382942935376
-0.7394263840166211,-0.0017186498232727,1,10.539111265709684
-2.321862334769243,-0.0001477701277086,0,-0.8982656434815088
5.083580182604216,-0.0013250210803325,1,205.31722362231176
3.310414079106597,-0.0006179736519117,0,31.73272959903334
-3.634605137729034,0.0029744529738907,0,181.81580242291224
0.0757750332736542,0.0006004046923717,0,4.179708542337218
-8.328715015689315,-0.0009307256652919,0,32.118512099881755
4.735900644940232,0.0028247456674705,1,4.492376623331828
5.991652729331815,0.0046251535521036,1,23.68052973142129
9.368886479377936,-0.0005998143883121,0,113.96417746200999
-9.118125055938346,-0.0049673708391989,1,2.619272910344789
-5.705404192444023,-0.0021053215135418,0,-14.250305676600272
-5.129113596165585,-0.003635209298251,1,-13.427177029040536
-2.911240882886357,-0.0011680741044637,1,-1.3951382290971437
-4.403048607526627,-0.0008039606729061,0,-3.9296426111813156
0.5377893255951847,0.002230546915368,1,45.61312230303608
-1.673446422707201,0.0012634250764513,1,55.93291958665794
2.803112312145476,0.0005323813457664,1,17.64854745679889
-4.830208630458984,-0.0009815353133547,1,35.50768857504823
-7.176624256617026,0.0025071880047384,0,232.7555187761025
-4.768382566238509,-0.000233848134229,1,70.45218914880516
-1.2959359163500768,-0.0028519041766965,1,28.27956224438622
-1.3807016150099134,-0.0023716850917775,0,24.222785040632942
-9.3589847565643,-0.0004834533712824,0,72.65864769313146
-2.9217779373384563,1.5358757496358456e-05,0,4.166354471940454
-0.7886021558334111,-0.0022675689096671,1,23.164472619051274
-3.0460756663792887,0.0021538290638777,0,101.06120426269649
2.243847784807798,-0.0007517806758596,0,24.139069525180794
0.1343943418533122,0.0011766818318471,0,15.744159880305688
-4.154190917359102,-0.0004903402239148,0,0.3419169290727516
6.353030991903854,-0.0028004964053773,0,240.62709533873758
-3.956457867694665,-0.0032456142047903,1,-8.71529881996804
-5.324218186550578,0.0006092000028279,1,153.18885015872274
4.209068885208687,0.0027946838013477,0,41.14494785839873
5.953562687229873,0.0026978021105613,1,9.061416879399374
-4.427748592981191,0.0001203127338718,0,18.065233380728213
-2.104438405980837,0.002600999734348,0,116.99357333661271
-0.353517200706877,0.0020166147832605,1,58.527519524746275
-5.664508845015637,0.0002009222001279,1,136.40345561125864
-9.31692288541041,0.0026362411412585,0,322.59865268817714
1.164094331296015,0.0018133333796495,0,28.988865079104126
-1.1215662672977071,-0.0011286868720736,0,1.126283520895983
-8.723756522605893,-0.0002597296984978,0,69.49928142139896
1.3345851884167246,0.0011980643262027,0,10.525314511619559
-5.402398062334221,-0.0007877743324538,1,61.32860732970152
3.248314711165252,-4.365748140150911e-05,1,46.13952792858659
-1.4648268842231147,0.0022502217382278,1,112.27626065919398
2.582161011772591,0.001199141897685,1,4.908113013885931
-2.867390343668264,-0.0017235266969089,0,-4.514035811770555
1.3971535596632378,0.0012216817171426,0,10.75471645293379
8.028251540410913,0.0013553689289376,0,3.0460310857528494
-0.0534386268829187,0.0015766135868112,0,30.13815592447365
-3.813423158811125,-0.0023758804422453,0,-4.867553363271627
8.325787691193291,0.0006094683258574,1,208.46756333251014
1.7690064833711432,0.0017838607931311,0,23.425858068605184
-3.5818302454316564,-0.000994621053002,0,-7.766531354069502
-4.7900068938380524,-0.001822653603466,1,6.77659752122236
5.542224245104482,0.0024673749869278,1,9.831760274784706
7.848292830231827,0.0019844320880261,0,-4.099472658517295
-2.600319829913305,0.0014746990849546,0,52.84292998299933
-5.560655730823029,0.0021795515430334,0,156.7179479230301
-3.467745331923469,0.0009036328738766,1,94.13349956762417
3.494331678793694,-0.0026445332542747,0,143.08566230562855
-5.512549419230881,-0.0026502566181879,1,-1.677488459346385
-7.037211208982299,0.00105631077392,0,107.61819437700302
9.307297729253229,0.0011201017836432,0,10.91748002930416
6.432644493674935,0.0027177258607231,1,13.287792225127657
-5.60332893610539,-0.0009052579706027,0,0.7822142627808875
8.574733645168504,-0.0019919911721277,0,225.20446032235012
1.576560078409088,0.0007459331671756,1,2.8283079258102455
3.7471780065746856,-3.657114287949003e-07,1,58.31579271406425
6.035232064351234,0.0005848910312997,1,103.56031819449814
9.797718457533698,0.0036434864607179,1,31.00923968508931
3.25115083345497,-0.002947050269383,0,157.76714709302792
-3.1060515749571094,-0.0004917547640294,0,-3.563102932919944
2.208022645352852,0.0001811094972947,1,16.64904984762316
-9.629550326290683,-2.916448677292578e-06,1,365.07174652911806
4.17733248923957,-0.000903435763663,0,54.43970239472171
-2.5773946618267303,-0.000537037683738,1,7.200893294758129
6.393250033588757,0.0002273324576336,0,30.927044326220784
-3.417896152246273,0.0018789279734195,1,170.08847734612843
9.010389239800276,8.781184134118634e-05,1,305.61888163860095
-5.884288678936418,-0.0022072548820076,1,15.38561657047747
5.654778417382051,-0.0019511780682647,0,147.6510369865622
-7.638046797133946,0.0005901545976967,1,288.3557821297435
7.397892208424746,-0.0017528526080386,0,173.18834439464612
-4.05763656548223,0.0021804386990038,0,122.62062765797353
-7.0731847021357686,-0.0017095304685886,0,-4.945036777425245
2.2450120253861794,-0.0003851421999112,1,33.99263457858522
5.527100979618325,-0.0015938951661948,0,118.5795110428586
-1.1976525529267017,-0.0015198604724559,1,0.9767909576656026
9.294748771451436,-0.0012825298302853,0,172.36785617705965
-3.0596948664289503,-0.002120723697711,1,-7.868771164772903
-8.434164740401249,-0.0029709394783979,0,-17.63940286997635
1.3270132282576004,0.0012248675596781,0,11.100960463791756
2.702461441189236,0.0027067089444155,1,20.565705675820457
-7.827125019789902,-0.0016672728105392,0,2.507710313234288
0.1738746684402272,0.0028981712481289,1,96.63090756402212
8.322599959182032,0.0032010387289632,1,24.169282002727808
7.378659212145784,0.0002131670823669,0,39.476286558482286
3.3829916218021125,0.0022404108766627,1,5.565722757399723
5.428179828097948,-0.0008589335793009,0,70.88823015668746
-5.4224518361261005,-0.0028425679036573,1,-5.9637063276511375
7.648574472454296,0.0049085927683695,1,2.1667801322556426
-4.866931592759545,-0.0006184396645532,1,53.11602167237428
-8.262160067083794,0.0009443880931524,0,130.89552972717317
-7.591572651790706,-0.0007713547550087,1,154.66851068313605
-7.272545394402199,-0.002053412880584,1,59.02526691969389
-3.695566926536811,-0.002850125524244,1,-9.008283559103207
-0.9991154360254216,0.0005005198653325,0,5.596603986027383
-3.74843253649312,-0.0039222679688606,1,1.7414193537775793
-6.988803912985382,-0.0032506516446726,1,6.858350126377931
8.890898445667872,2.746471350850938e-05,1,304.6596647049723
-3.1161790243640137,-0.003348213729428,1,2.4053107080947176
0.2344630881042917,-0.0010907715564916,0,11.871585703625959
-1.954052188356272,0.0021039616389662,1,121.19250493107401
-0.5741607263972632,9.454070156019454e-05,0,-0.44588125299973025
-6.044598018803744,0.0015583140598385,0,119.45690362718932
2.0461405575060105,-0.0011910584336055,1,61.27219655741611
-0.9582471159617238,0.0028752023935546,0,117.72745172083427
-7.294623851532302,0.0005563573109597,0,82.3695300238384
-3.857391199061677,-0.0022702129463597,0,-6.339998339373229
5.399415552974645,-0.0013295814572384,1,224.0021935954532
-2.087299967314154,-0.0024493808184864,1,3.0772658121922922
-7.643003926887639,-0.0024948211234197,0,-14.37560627127628
6.282757997112448,0.0002531483028968,1,137.6853875277145
-3.791213546500667,-0.0032788857490459,1,-7.043095250764501
-3.707571768743243,0.0018874277311712,0,94.64265495377003
-2.7854157646814137,0.0018249149890228,0,75.06351894717514
0.0429054374250448,0.0028441600625152,0,98.56425910314974
8.762697333668395,0.0020357022671863,1,104.49136787210261
-1.79899106527108,0.0024908208268628,0,103.26636414084223
5.7276464376921705,-0.0015296641786035,0,118.30389197587107
0.1360386546433716,-0.0019493324767822,1,35.86741120394788
-0.6284302788438456,-0.0007304322687008,0,0.06041425963329433
-4.568812759425232,0.001106551440881,1,158.35504234670378
-5.33534960201804,-0.0032506676533148,1,-11.380924775678512
-5.163654431688891,-0.001070775509789,0,-4.86869005075958
1.6168682222465236,-0.0015221062595179,0,42.06340240100166
-6.123927374346961,0.0003397220811634,0,48.86908875111804
8.983696664187278,0.0005537729792114,1,251.82040384498993
-7.386892319939831,-0.0015310021608493,0,1.4383708244710895
-2.285379649521479,0.0012914014433693,0,40.218952953050774
8.825486817200009,-0.0005041877705869,0,98.75324753861275
2.9933916582227926,0.0003486377954135,0,7.046206770204743
0.3566711322910123,0.0007019901701329,0,5.007905275067201
1.1547630552623644,0.0020269901454699,1,24.39134958043135
-3.2836083719201614,-0.0026143900121324,0,4.014199286131926
-9.614206451735692,-0.0004840913781729,0,78.75764175921734
-2.7955916175571254,-0.0014535134373767,1,-5.27479484735562
8.131497793227389,0.0017773920375638,1,100.11488668893142
-2.5320319272391885,0.002857134943614,0,146.45886880085496
-4.720152812804628,-0.003144539733629,1,-11.898547643679686
-3.363714775384727,-0.0016648381543176,1,-4.963303714296262
-2.4368740408396183,0.0012194487869051,0,38.73748074836854
4.110226981422736,0.0021109134181263,1,5.469309882525387
-5.268296724118644,0.0024121040053047,0,169.67900794941417
-7.047742861378308,-0.0021509999865829,1,47.15132939826482
-1.073614114216463,0.00046734820903,0,5.246508544051822
8.890475862646994,0.0004033647935142,1,262.4757217540356
-6.075279217207063,0.0022861988171018,0,179.38724093501142
-2.083451641454042,-0.0033347451482041,1,22.862787799735344
-2.825861881492539,0.0013205349733461,1,98.14681653932166
8.738372919029292,-0.0011999881486369,0,153.72153591760716
5.309519111198425,-0.001291449881624,1,215.3429982677487
7.238113300339407,0.0015999578514991,1,80.84333354821098
-3.5084250428902646,0.0001575058583958,1,51.69337120738388
3.841060904417791,0.0024279418583342,0,29.512707741444938
-8.821867473737191,-0.0052856323864877,1,-9.631706919302394
-1.1783555398361756,0.0026634345073288,0,105.34171084565372
2.5450235463587045,-0.0008696757133224,0,31.29362758972155
-2.229611488448686,0.0003679848010286,0,8.361458821084385
-2.9752509646145464,0.000362392867301,1,46.82083105908015
-0.4134951993077074,-0.0008241600807866,1,0.9692288042536423
-9.553478316804387,-0.0028352074286327,0,-7.2566828544642785
-1.5756192656493884,0.0016250547546827,1,73.4702124312509
-9.658633021945626,-0.0013559256689649,0,39.79130316526982
-7.370293889150783,-0.0015132856712362,0,1.697776607573716
5.027105746667766,0.0024506154488306,0,20.152417195198684
7.782995953976361,-0.0005553154060461,0,87.5688436795545
4.564672644106523,0.0014954144760047,0,5.234340015276224
3.1749539750441294,0.0019067629454575,0,17.862706681363782
-7.191831234672897,-0.0015805013848445,1,81.35721840059279
8.34671678906939,-0.0023190480981269,0,252.77906552384758
3.4711686236126216,0.0037648113839369,1,45.86614484884296
0.5203384704872143,-0.0022250717277599,0,51.42153857387004
5.973399213580388,0.0019131595686927,0,3.776683861849988
7.733604045871392,0.0012767011960543,0,4.67082182846266
6.420502152862266,0.0027193696452885,1,13.110685152866763
1.022316240364301,-0.0029735397289606,0,98.38007717810004
7.080592922195812,0.0035341372315613,1,2.3424609808353374
0.0958895259182455,-0.002481944529611,0,53.90431071448303
-6.216187917682426,5.588400967832293e-05,0,37.75360234317423
0.0018818076725306,0.0009446967754862,0,10.67783773546574
-8.416582828379752,0.0003296096097691,0,94.82225513063315
8.024906298517621,0.0006050176367606,1,192.7871791105344
3.399083733480886,0.0010640281001499,1,14.145144510109816
-4.389961688250724,-0.0004734989869968,0,2.0009032831710227
-9.853818053693326,0.0006252580859746,0,154.65219021113185
5.258921264411264,0.0009771133061571,0,6.524014773621787
-3.2573142875242382,-0.0025858487292036,1,-7.5702698235196015
-8.106555313776251,-0.0028031070192265,1,51.34931723070324
1.7333080122207498,0.0001359087587694,0,4.060855691080721
-1.0462270738234345,-0.000799714209552,1,-2.816612661245099
9.681364025674252,0.0040618406349836,1,9.970854840736507
-7.946000035849643,-0.0017994000911577,1,98.90121535023349
-9.05444930575647,-0.0050255832391583,1,-0.07017673090987603
-6.273415927414677,0.0019669618739802,0,156.88200812656117
-5.955950885918773,-0.0003961685986029,1,105.68997898883606
1.2503156474506802,-0.0009599378614255,1,30.14403224489387
-0.9080252430338208,0.0001518420114702,1,3.9593849782784165
-7.929913270728144,-0.0002546589099531,0,53.294782573278496
-3.828888711151519,0.0008556338986961,0,39.27688637376494
-2.7558523787452494,0.0013298964120096,0,47.6482018206138
2.9485505178643905,-0.0012367556565534,1,96.05419414681435
-3.2776065683588262,-0.0003519183254251,0,-1.067133615428043
7.733051953962303,-0.0017196901070886,0,178.18739252999927
1.615786996769497,0.0023348626134071,1,26.779186809458214
-7.860709351697417,-0.0010820672337095,1,144.24889715838145
6.283674919469469,-0.0029544631109681,0,253.26962755448983
-4.308345299691938,-0.0013809237537313,1,10.74863859860639
8.169311198220605,-0.0017612815458138,0,192.42781361951305
-2.509877066304462,-0.0030264736866481,1,6.672338711505665
8.63377898479881,0.002654708995339,0,-6.0639472684214635
0.1770217786584851,0.0001165220715361,1,-0.001362120511456677
4.583200751030335,-0.0015578302460381,1,196.81127545845428
6.069870685156037,0.0028544522320572,1,7.210349765127406
4.457498923761264,0.0009292180537037,1,36.99225846922409
-8.700397475554382,-0.0004292720294837,0,60.62615263386593
7.698096089071647,0.0001108381599514,0,47.233174288074125
-8.25705664502146,0.0028219613356223,0,303.6443054129442
0.6499890424329955,-0.0004177419623441,0,4.106833000075804
9.215462195421068,-0.0014316467751437,0,184.931309574652
-7.402587508629709,-0.0024773405639809,0,-15.051612130050447
1.7401858261689789,-0.0018860253379927,0,59.3704485953722
-1.1649917072088574,0.0013532921697304,0,31.32188185289793
7.09989588819424,0.0004581300957731,0,27.09694966745375
6.027979897038943,-0.000673454668346,0,69.5418747874721
4.6392724652952815,0.0002515680440595,0,17.540053594259383
6.617978417389267,0.0021249052996308,0,2.598386489954948
8.089400454439485,-0.0018792174680073,0,201.64552777844784
4.25334846816539,0.0034233653814027,1,17.324467324400697
4.992385218516018,-0.0009959860650514,1,173.03884057830786
-4.567081243170907,-0.0034845819234554,1,-11.549976510664266
0.0453405613102031,0.0014708323049985,0,25.46530766525997
-3.0455501197435764,-0.0001308835763334,1,27.438286688037394
7.408747110036529,-0.001214696773171,0,128.9550872936028
3.7892203993985,0.0033673903955974,1,23.109911599740084
-1.50392528484395,-0.0021123187666962,1,5.950012441562321
8.432682296433342,-0.0023522745653857,0,258.7955013380554
7.076299153475894,-0.0003598847969425,0,65.9753815231964
0.8001759110691857,0.0007996780499903,1,2.755049552317735
6.551768810960887,0.0018574372022161,0,1.1422955802534935
6.120820679520019,0.0005262167277884,0,18.971753590318855
2.041124669146164,-0.0008682704856611,0,25.33308953433592
-5.446943910633946,-0.0021028026145082,0,-14.017378096426754
0.486237065147213,0.0023157750522029,1,51.121881142602135
-9.23611528000799,0.0010016284399752,0,163.52517717289737
-2.5051831459090064,-0.0009929103178128,0,-6.451034719050726
7.101564434384386,0.0036756589439128,1,0.769674238912111
-0.5543947714366908,-0.0014866272730368,0,12.293112092809116
1.8312373832355355,0.0026641603089012,1,35.043358142044056
-0.5182346144483603,0.0023055345822678,1,80.87630025649162
4.765628048149413,0.0034424211480854,1,11.07705146525647
3.579188903144958,-0.0003567295913802,1,70.65124242938495
9.76266773197734,-0.0003541738017249,0,99.92050510501187
-0.7724454355697006,0.0010794806337768,0,18.59697219439908
-4.775393071271308,-0.0008420578656073,1,40.036358570741506
-5.646483565645037,0.0009026343237956,0,69.3753823993097
-2.1319235123664075,-0.0017989630129995,0,2.274916605550549
-0.7033028241208505,-0.0018537886112473,1,14.1670948639199
-5.540756370896132,0.0015794325406659,0,109.74668982854979
-0.3824728277674261,0.0008672720227181,1,13.476964703962558
-5.304012616892518,-0.0012808604364239,1,35.30517685404753
-4.810885234106288,-0.001665822937104,1,11.288445013249207
-4.764635377723927,0.0009740387453248,1,156.57828226979382
0.2633979974930582,-0.0006733296457555,0,4.872500646659284
-2.6346917104261784,-0.0015675898329447,0,-4.4074608919632485
-7.3222254054381475,-0.0021530757254708,0,-10.981701526931335
-2.053668208842156,-0.0029704623557936,1,14.112143095941322
-8.30342804539196,-0.0013820434889813,1,144.00899213804962
-2.854556803264876,-0.0008236713103539,0,-6.63637734641893
-7.350970261279648,-0.0003214236718553,1,179.28933059634343
1.3196864903407717,0.0001332709302544,1,6.126070684766607
-5.724989755249352,-0.0001912500919569,0,21.736063455339224
2.1481138113238174,0.0027127188458612,0,60.65775642845069
9.84751238328446,-0.0025749244690367,0,327.19126548817223
-2.6071419747290303,0.0004369464501621,0,12.463605730082909
-3.221491383681341,0.0028214904873324,0,158.08330046898706
-4.020931919483735,0.002959731471993,0,189.78418286891116
-6.789964608382446,-0.0022730037843359,0,-14.50736981907973
6.511619530052599,0.0001889445171828,0,33.38478276635548
9.590090620842515,0.0017173530369833,1,166.65169793985396
-4.47218122847395,0.0017812867293506,0,101.83575998685427
5.208498322590689,-0.0013678478115531,0,97.16733990732354
-1.7207491911760968,-0.0022484504227588,0,16.02233977999977
-7.619722285140885,-0.0029389001133444,1,31.118404191619536
-2.2541934538562947,-0.0023517130272573,1,-0.5344928411710124
-2.046150562038516,0.0002135494040671,1,20.007852324710672
2.649003598980915,-4.385401206757904e-05,0,10.955315401230385
-7.916374635393142,6.522872035438287e-05,1,249.95180627145254
5.591501749212416,0.002302335710683,0,11.927446168311132
0.3759485400425575,0.0016655316070979,1,25.794592197032017
-6.848377125705081,0.0005363553049941,0,71.98943874689871
9.612548458491869,-0.0017123733056303,0,222.30210364331214
-6.157703669539867,-0.0028163660469072,1,3.6654425912014243
4.194152466203235,0.0031433221759417,1,11.638849135434945
-0.1213131796823407,0.0029883094545142,0,112.07086737047024
-8.872915333681208,-0.0019972927766155,0,5.842264483997098
-6.793746651024415,0.0026982039967944,0,240.45884495298154
-6.470342939803714,-0.0035285821216985,1,-6.611416749758665
8.541612406697649,0.000452822264499,1,236.38538725580207
-9.457078043457248,0.0003131021372089,0,121.2102449620198
-3.83938672924776,-0.0005454683890634,1,29.11328617396021
5.846103307684025,0.0003376392504667,0,23.068316844593323
3.3018845210666115,-0.0012167598240309,0,55.609014484173095
6.520726333750961,-4.6044549750040014e-05,0,43.587710053137066
-1.919790576432394,0.0018136875769371,1,98.06827687335348
7.378930485081685,-0.0025060789874111,0,243.47542507527308
1.2192169151886674,-0.001135376242875,1,35.32836128074876
2.546360735139878,0.00293270871801,0,68.42337259319052
5.427688843438613,-0.0012058467188688,0,91.12999365100782
-0.038790304440317,0.0021357185503249,0,55.41587283069639
7.664091682604511,-0.0005925874710972,0,88.34414593835834
1.803850980867329,0.0007968967422348,0,4.035525868891502
1.7174380181209798,0.0021543354590554,0,37.743318507097676
1.4284761920289455,0.0010886031004659,1,3.251557433259074
4.810927034764955,0.002903916194503,0,39.48723003609731
-2.85305236899553,-0.002037951022921,1,-7.3019621768743574
1.6939686505220577,-0.0012711837891245,1,53.82880819151871
-2.7385326036882134,-0.0019804064468895,1,-6.978327446476571
-1.9516755669668804,-0.0008078841828001,1,-2.4348547189398957
-2.034103509812879,0.0010887767225932,1,57.08866138872089
-6.905850005236189,-0.000365997546972,0,31.14753671173151
-7.474499665313859,-0.0013800347414179,1,105.21456561673216
-9.798350240828366,-0.0003077838203983,1,341.5374369880984
1.0773658167232814,-0.0006589458245186,1,17.90418052918689
0.9301908761554784,0.002268307853616,1,38.065086867576476
6.111744092887996,0.0031055403572818,1,4.103281356544839
6.719160166235014,-0.0011353178231281,0,110.04405510121148
-0.4494313672256407,-0.0018821497249043,1,19.909346196117433
-5.573375930074143,-0.0026343803193659,0,-14.671610449899532
-6.9065413316368,-0.0034508620450477,1,0.6015049463699816
-9.004911224355016,-0.0003331206138975,1,280.87331133894475
-1.0016545174214215,-0.0011888965608693,1,-0.626768741872821
1.0612113363804347,0.0025675969462199,1,48.74785684672828
-6.137580121031732,-0.0020617890882938,1,25.856829435576618
5.478976387990127,-0.0004928690139368,0,52.774620320009326
-4.346595042596622,-0.0025405211301252,0,-7.52899990732735
5.756929200361981,0.0026701477755288,1,8.028598281142779
-2.283014203066478,-0.001893230371177,1,-5.013497636319381
4.062954047133921,0.0019668550382285,1,6.398925675720949
2.299897814588625,-0.0026474213096408,0,111.94879179477309
-6.256969264240031,-0.0020406824411452,0,-13.362488173541719
1.1699264593531955,0.0002916082848334,0,1.8936206186634936
7.46635839774466,-0.0023587181480414,0,231.41150012686802
4.214117279034559,0.0010012549226861,0,4.944416054666132
2.2133148148096105,0.0004532563775423,1,11.046740914151025
-2.095042274958248,-0.0012584117128666,0,-3.727732423523718
-2.8762192068580124,0.0012203572868402,1,93.16755764729305
6.000966088274918,-0.0004468636766754,0,57.10247058790723
3.620485348913984,-0.0017128927435321,1,157.67670732640914
1.005519915077036,0.000397669264451,0,1.8418211456996425
-6.686193632011022,-0.0029823529708115,0,-18.803549663077007
-0.2228567544856261,-0.0015510298811007,0,17.60898286892516
5.47311371881926,-0.0002355234432855,1,137.76935997667923
6.6670058915010095,-0.0009642741184288,0,97.38838949025183
1.4229014062843746,0.0026538931142469,0,66.34532764303037
9.651348672818369,0.0016081432251968,1,180.0835637979208
4.282859233092552,0.0025487423137034,1,4.688112131801724
-1.2481214938345904,-0.0021049672059814,1,9.955157585048855
-4.924029821201814,-0.0027971949111593,0,-9.803656552003577
7.423263750517965,0.0049322385686729,1,6.068729315649282
2.0530513965752224,-0.0020517012259077,0,73.30190771748892
6.990271807182278,-0.0015744148535829,0,148.80821047378433
2.465073264315457,0.0012482415623486,1,4.144829411793122
1.9801775508113373,-0.0012071282474898,0,35.68778564495881
-9.376964195071745,0.0015483676606591,0,213.72976601594797
2.982921963303728,-0.0023195216257007,0,108.68901580439353
0.959215273266956,0.0001556099214298,1,2.9347201964390184
-1.6508980961027575,0.0025343837257159,0,103.89995969203224
-0.93325708339896,0.0010879207700938,0,19.981587381655675
-4.206099912278156,0.0006882765133894,0,36.78664830168366
6.893360880330612,0.0022114790131895,1,38.514839396160916
-1.4754143948711889,0.0022936987409261,1,116.06437425997419
2.278310947317124,-0.0017930547438259,0,64.9976649196498
-6.023576379617904,-0.0039649137460142,1,-14.566097329986771
4.898598744117713,0.0029139338381094,0,38.956400976281216
2.843576998981165,2.707863743580802e-05,0,10.9231631203187
1.9081102163194965,-0.0021054833723902,1,103.95290757867272
9.666896185254313,0.0032260927346899,1,51.63152843482889
-3.8045350601877943,0.0006053765566045,1,87.08655687804242
-1.4614279031658484,-0.0009318550317944,1,-3.788858817804005
-2.569458312752544,0.0019190557820341,1,133.03574225926795
-9.721588251796543,0.0023388656372098,0,305.1914645509774
-5.83325189866261,-0.0018177439628994,0,-12.070551724165055
4.2139033051989045,-9.643265914026978e-05,0,23.945013505477494
0.7538109870763225,-0.0022424222980386,0,56.56107595527624
7.888571748483262,-0.0012421775924492,0,140.54566425683717
3.910630220720936,0.0018901028425977,1,6.306986519607015
-7.697035151175449,-0.0025997666714343,1,47.31035771314729
8.608584690489781,0.0035190837669486,1,16.189119670215103
-3.64157842949232,0.0022753989637842,0,121.43353373665184
-8.458199754893647,-0.0024308247675399,1,82.95853675779176
2.2913428923289008,0.0029230604378296,0,71.21326660369286
7.657573396232642,0.0020257379614851,0,-3.2599421998018525
6.086424766612776,0.0016515074562745,1,44.982198052967256
3.011021027115328,-0.0019492468043799,1,144.21309094801816
7.943451149827673,0.0050235360187022,1,0.01420955471327201
-8.850335508216604,0.0010355067763543,0,154.35270843370253
-1.8483433538707936,-0.0023459764239019,1,4.860079599128232
-0.6558302099596229,0.0004465714058028,0,3.6255263779679616
-7.209361293000946,-0.0022896296096261,1,45.92247910095419
1.7033873614055397,0.0027081199710169,0,65.95133885917829
-9.72810508389818,-0.0025373980884504,0,2.0708516100107044
5.135354895716603,-0.0012273338552749,0,87.17780335624764
-0.5711180597573104,-0.0021093686389471,0,28.721868766104226
9.505174216311982,0.0057096104416095,1,-12.218596629831227
1.5585606069586433,0.0011805247516996,1,3.5640004671536865
-0.3388088879753539,-0.0019514614284916,0,27.311830165863647
3.338731714036092,0.0003418875285637,1,33.51215099716401
-9.101692429093672,-0.0023765111705397,1,113.98131148352101
2.054761087907229,0.0015045266995896,1,4.538403844740912
2.4587758947108806,-0.0029630701130599,0,136.17710976250416
3.7375262506266456,-0.0006774995202667,1,94.1003767431437
2.5551244267070867,0.0030814188621999,1,36.71373206031703
-2.0589309603524804,-0.0035472728149921,1,29.710430064989417
-8.772640089331798,0.0011278424436391,0,159.10584051945895
1.5747019002954854,-5.969975740480114e-05,0,5.121694180244285
6.103573769460574,-0.0005514871988536,0,63.91405965932206
-1.1282261482779727,0.0007949237633442,1,22.936776495136314
-7.140221112790693,7.01320336494622e-06,1,196.9143900938543
6.948483796934944,0.0005372344752763,1,145.70651965111117
-9.37135279747294,0.0027850397362851,0,342.22096838052914
6.107758599349854,-0.001050980549164,1,240.68171943260197
3.0993658950440324,-0.0011306782436615,1,95.83831684465483
3.7772204260642894,0.0004153379757915,0,9.510172198703845
-7.313262269727621,0.0016105652635368,0,155.34901424320424
-0.5891528488502686,0.0019381945850241,1,61.05537210940641
-6.226815767066718,0.000907748800234,0,80.70627093131674
3.486515244625465,-0.0008012388826985,0,40.60271935947345
4.772818982458492,0.001027928108621,1,40.369165736959
-2.1954921909500547,-0.002607564474218,1,4.121904562484089
-8.734569955398197,-0.0005166447744794,0,57.21399831142126
5.976123195798346,0.0013161917892309,1,58.30476736015302
2.460198576051468,0.0015249029784792,1,3.9300229141025316
-6.275644109273316,-0.0003309606790346,1,124.36413334309799
-7.873600554772084,-0.0028842004890583,1,40.52067551043606
-6.582862030656362,-0.0005025910434317,1,125.8810472603981
-9.394365330468622,-0.0049397924871287,1,9.19448069603393
1.4161368918670352,0.0004815686008595,1,3.4194167752367743
3.0571636643181943,9.219244956005313e-05,1,36.04038010109345
-8.444794883840427,0.0010865722828096,0,146.34995200003866
-1.916479972635564,0.0015999854324098,1,83.46659107650422
9.507610325353117,-0.000254249738809,0,89.18459210074772
4.479855700217879,0.0027911891097733,0,38.05761097832013
-4.487515834317071,-8.877305288408909e-05,0,12.25080965512766
9.655055951361714,-0.0007861362666734,0,133.98611347417813
0.5622975518267381,-0.0008402718358047,0,9.875427534824453
6.331255238045191,-0.0021000060690239,0,176.61599078032387
-6.976058171710672,-2.8494752901395263e-05,1,184.4318050968601
8.265092960460944,-0.0023342084059073,0,252.01101989268096
-7.189953861739353,0.0018346130024542,0,170.4600267924605
-5.505765341498807,-4.403867665849036e-06,0,25.689923707303528
-4.6699124125268,-0.0018732463004999,1,3.8271742425189226
-9.502703670092332,-0.0004741662954778,1,300.7216728538851
-3.195323415783724,0.0021394919211579,0,102.76133008114212
2.587672560044476,0.0036603290666272,1,64.98828118222212
-1.7240412612261515,-0.0028796607707091,0,34.12552452257352
-5.903727405021602,-0.0007599738688529,0,6.608584697007023
8.692370379196763,0.0020902529920384,1,97.85494117767368
-2.4540951307393266,0.0001716774108876,0,5.138537643274962
-6.9244347798253525,3.333543515416585e-05,1,187.11993445463952
5.492177867191872,0.0016385997611309,0,3.730939786380681
-8.654684187823003,-0.0011189910930473,1,183.75435363584535
-4.5838989627106885,0.0027503534200434,0,183.63574725005736
6.415147862540721,0.0038592653661893,1,2.040340692240013
3.9578763817869222,0.0024198443771415,1,4.901927194458412
6.618753720437876,-0.0002066654043647,1,192.21538412535824
3.2672554576558728,-0.0009642763305677,0,44.18783602917196
4.097976887025084,-0.0014266371637535,1,160.59739804564344
-9.873711106391896,-0.0049816046315941,1,19.61176253319294
-8.563413920896961,0.0027350456568833,0,304.99978781583786
-6.673336757586781,-3.117878003760131e-05,0,41.154856276443674
-5.877929484693343,-0.0029590795467427,1,-3.200046320380729
3.775718552717549,0.0022566343235863,0,24.055957165371662
3.5610304063721028,0.0024986728270846,0,34.870040546899595
2.2320784668499307,-0.0002051533296326,0,11.075206230980033
-7.80232681862411,0.0011922743835577,0,136.39357972674722
8.525355188611371,0.0018033585777488,0,-5.403816947250769
-4.516290025446265,-0.0012300023722905,1,19.09583942112049
-8.14427184816547,-0.0021376255107907,0,-5.100776378411739
4.109308733561532,0.0006309340717003,0,7.807629429548367
2.755121471306147,0.000663189804805,0,4.2116055302081765
-7.098408118158732,0.0013255183143586,0,127.87059017160615
8.728210164123325,-0.000238104692383,0,78.71297524513233
9.40540992958519,0.0026083765321124,0,-13.627431073413675
1.9532444402833136,0.0019343836374061,1,11.085998890474684
-5.107649762092699,0.0004657123908111,0,39.17583110276159
-6.637449187919251,-0.0029651019349427,1,8.033259274674833
9.263232292488691,0.0053064225675935,1,-12.781048213049445
-5.627197194666129,0.0016420267970019,0,116.09097411261996
7.140204469667243,0.0044569931059929,1,1.5452153865903027
-0.1768518861756884,-0.0002259278202331,1,-0.8183514785581438
-5.683345591693505,-0.0004095311761275,1,93.63344205149204
3.549570370476083,-0.0016965485529137,1,152.92907256145398
4.535351697117285,-0.0007244837909429,0,51.23365964837653
4.359487522709598,-0.0015631217526246,1,184.92203286229034
-3.781527164870191,-0.0015634993112302,1,-0.33137392474574073
9.248234606503424,-0.0002597785784098,0,86.46353029819451
-5.226373610018873,-0.0039026772809116,1,-13.731193528362809
-7.7698616478277955,-0.0044371955367255,1,-7.421683088973076
8.097079107471345,-0.0008753355451401,0,115.35572513514106
-8.07597266674268,0.0029354707420667,0,310.2032547664529
3.866136795384076,-0.001906083094624,0,103.33373716676223
7.839078554174183,-0.0021662208160094,0,222.92698588422155
-5.06589593417096,-0.0026397256338262,0,-11.909824177098137
3.705053003214914,-0.0008915174008478,1,105.79242403320342
6.059727789243283,0.0006463578464708,1,100.41805587476532
6.499822448136353,-0.0005241632607835,1,214.38725951326464
-3.46451796594903,-0.0017301468849273,0,-7.967534470577922
-4.032839454759345,0.0007279168107581,0,36.307078824528986
2.8752602648767933,0.0028093628015937,0,57.176679140915404
-2.5902409682022824,-0.0023382855783067,0,6.997386532405171
-4.044025736239309,-0.0018870847540869,1,-3.3083776566512952
0.1928982626606341,-7.459236139656116e-05,1,0.12539555598941377
6.633160801759544,-0.0014884959506294,0,134.31767910811251
7.149848671313222,-0.0005220470133434,0,76.53669261238551
5.07107035713576,-0.0002153206837638,1,118.62860809748588
6.07489349072668,0.0015377748179625,1,49.99784570862428
9.994644219780856,0.0042421025506077,1,6.816875845140749
3.2301884898674142,0.001682783881371,1,4.852240674733344
1.3558393848220351,0.0030118320061081,1,64.35093281595402
7.933353156068016,-1.2818095374970948e-05,1,248.4294268006038
-5.671101123035722,-0.0003925618092835,0,14.618296079203208
2.372236398934636,-0.0015174580075425,1,89.40235585735962
-7.778358420893101,-0.0019502427939245,0,-4.29972950922919
3.2443521297625395,0.001537129334264,0,9.583723297030563
-0.7359209356963348,-0.0002447824359079,1,-1.2494075085384937
-3.57537159467806,-0.0017054646960811,0,-8.613844488509285
-9.712528622130268,-0.0023971119550724,1,142.4866359670821
2.001031159913504,0.002752899262755,1,35.063762948424525
-7.869118001467936,-0.0012594939074075,1,131.54344667894935
-6.023912611413921,0.000733253733383,0,66.9606376454505
1.4031506737210826,-0.0018520816870439,0,51.83955259547815
-1.7559284708889606,0.0012011605929692,0,30.890171814586036
-5.8081874579456505,6.372235231110864e-06,1,128.0967244275323
-4.606083220216317,-0.0020614897584831,1,-0.8672099325564322
3.0783168572709645,0.0016534218281773,1,4.538305038001073
8.222801862933217,0.001932404138552,1,92.411404579248
-9.756071473549664,-0.0027398792330757,0,-2.819215776322657
1.0745835597767002,0.0009169937361296,1,2.9020138839527814
4.790013431537034,-0.0013405153930416,1,190.26764992931157
1.2542863419473598,0.0017839485036849,0,27.21450064467262
-4.04450668090859,0.0001448216552477,1,67.60496247372203
-5.513837841426044,0.0008260661182836,0,62.87016677356305
-5.696985677566444,0.0005733709821112,1,169.0862814451255
7.389368020024463,-0.0011523990380147,0,123.79708140601755
3.029358123031116,-0.0015100369802915,1,116.00024158514995
9.620640257391322,-0.0009408227344965,0,147.07167467872523
-9.106493712284042,-0.0029223481168112,1,82.01715402564167
8.03289456366618,-0.0028623545025096,0,301.8588373922006
9.035339408579889,-0.0009634277361632,0,138.73473336436942
-2.4313777447741263,-0.0034637984263993,1,18.118753129296852
-8.430954003432259,0.0019471580781883,0,218.42310244831202
9.520432908083064,0.0044448432702515,1,-3.958217267072516
0.8218653595652796,0.0007966139408901,1,2.665809209163159
-6.777723014067918,0.0029145822838573,0,263.228733600802
-8.330814574378705,-0.0039717134529265,1,13.787586144265891
0.4899103172789907,0.001339204723612,0,18.192887591592015
-6.290274596936996,-0.0044818613336728,1,-16.863111855378452
-3.6069036319200514,-7.376147953905075e-05,0,6.0569687019274605
4.9092825747878965,0.0002607688855906,0,19.066157447114257
-3.12738236070947,0.0003098521092419,1,48.450358625067096
3.579369597274315,0.0037929071876755,1,44.470031445371355
-5.025375264613155,0.0011379579721482,0,71.56224838108818
-9.809890088816369,-0.0036942570124801,1,69.94066113346739
1.5251546197574868,-0.0014254624191243,0,37.08855793156296
-9.609593413476352,-0.0016327397216673,0,28.39912334128252
-7.069013081606867,0.0011646957377181,0,115.73161182582695
3.318109376359139,-4.871814883540904e-05,0,15.60393980681423
-2.3818212815392563,0.002462315424061,0,111.49518792134597
1.9892750219369013,0.0002268505322652,1,12.4268666977471
-9.494499950088516,-0.0031985263556739,1,82.89712490521427
-5.9695092550616895,0.0009040077127179,1,215.43668917531278
-7.190739823071999,-0.0031977765333248,1,12.234725506738558
-7.947438166025367,-0.0027782363113724,1,47.32796315275708
9.572523548553804,0.0003992185288349,0,46.593945566790914
3.0728973002523894,-0.0002834978926771,1,51.53506195116573
-8.756915181348955,-0.0054017897937005,1,-12.687492811430298
9.823898735671754,0.0002701356163646,1,339.0239475163657
-4.074904743265211,0.0025466807725902,0,152.9591847095287
5.926140473784511,-0.0023042298039017,0,183.1700620338248
-5.792854585993441,-0.0006269822902085,1,84.26626171879522
7.54322009900703,-0.0002214348547498,1,246.21711726306003
-1.162905689038908,0.0021260989420447,0,69.31803450322724
-4.014956869411135,0.0007877723623205,0,38.65545698902385
-1.923499907899755,0.0002940349532254,0,5.232990069209883
-3.080873053763016,0.0012739329230724,1,104.86180645495435
-8.673438341820606,-0.0050539754699052,1,-7.075639074834049
0.7048736390220647,0.001635759213921,1,19.349046618542857
4.901713218544083,-0.0005286058708377,1,133.16039803131906
-1.108377147410156,0.002476557378793,0,90.8743966894665
-2.514715195384736,-0.0005514657907627,0,-4.908015805270944
-9.465586038202968,-0.005499288261068,1,-4.0693392547167315
-5.558731652194173,0.0012793374290815,1,229.57891512197244
6.273272812256025,0.0016721554220033,1,48.653755161741316
6.634033612163368,0.0002492947588899,0,31.942830368217855
1.1089612491475052,0.0026662041101609,0,71.17153217553974
4.1807369996866655,-0.0015718329555247,0,89.68086573490194
1.3324531321471174,-0.0012619544780805,1,42.97196923751908
-8.769582297540982,-0.0026933173068222,1,80.93497715136817
5.674018300250449,-0.0029837928984672,0,236.03551212238986
8.44361582990944,0.0014728853201472,1,136.17186448313254
3.115637169488714,0.0011297387139564,1,9.689045869614056
8.419250274480742,0.0005238203381252,1,222.13820297249478
8.059504523894297,-0.0010322874675345,0,126.8835621412787
0.940594906763053,0.0011993463870715,1,6.8097704102863945
4.875800564318126,0.0036144199224389,1,13.335978246936515
-0.0985559132235707,-0.0007017653010433,1,2.5253598929671583
7.587883732947397,0.0047148028329663,1,-0.08525951979025825
7.1050867117124525,0.0028944244990888,0,14.277825353794373
-2.3270341018115808,0.0029499916802888,0,150.35366658179547
2.17697949738824,-0.0005939473389022,1,39.914989121995845
6.750915200755976,-0.0004208114372914,1,219.0912885532985
9.524375549505653,-0.0001605426706145,0,82.57180259632537
-4.387032640618365,-7.027021235672104e-05,0,11.913003728168432
7.304138591586117,0.0022085292888503,0,-0.5926111879324406
3.090288689261788,0.0033376031690664,1,35.68742512264259
-3.038249030154696,-0.0026153176537851,1,-5.772695501402515
-9.614470000490476,-0.0042617846457768,1,38.080951884655676
-9.54790935798745,-0.0010234126928961,1,247.11735847432902
0.7356868773100231,-0.0015226729107352,1,36.62752548372298
-5.330985004005622,-0.0017185493230098,0,-11.934273606955285
-4.524444839217012,0.0003627260683806,1,98.65813938264145
4.217214464390091,-0.0002381716952702,0,28.438484601868293
4.819797575097436,0.0035454645563044,1,12.534872537099586
-0.4523331008431093,0.0029833432479742,0,117.37880803295104
6.552149635793626,0.0027015727757962,0,14.13047873955122
9.241611654715836,0.0038274517299449,1,13.278519733224998
2.692249104937257,-0.0005983741247234,0,24.397228705726512
1.6465983250612108,-0.0013896842473399,0,37.556647738887946
4.500409781272943,0.0039597200864439,1,30.330955798922457
-3.017681919886233,-5.032355651761737e-05,1,29.92150160787632
-4.035503159953338,0.0020324399736225,0,111.07321379168988
6.479326457505543,0.0018887270158429,1,43.589441268315035
0.6269536399451443,0.0008476630607272,1,3.9389522500270644
-7.000848451304609,-0.0013246823924239,1,88.9567799768952
-3.01301303558078,-0.0028865439523505,1,-2.8322023927013342
-3.758216718845455,-6.791842057592075e-05,0,7.182136997055023
6.050511235451339,0.0015697034287702,0,2.381328962980091
9.39038060772107,0.0020292786589954,0,-11.788146663288444
6.354753421990246,-0.0001604355082897,1,174.4162161181468
-0.2747614345813076,-0.0012115022210554,0,9.42719385395919
0.8953576037376116,-0.0017957666302512,1,51.67048193785369
9.454993013996376,0.0021603229949026,1,121.49476096113656
-6.950138113538791,-0.0006520300048613,1,132.05461905895368
9.589488004530857,0.0005882020962558,1,285.347402775285
9.370598812091998,0.0026724996384591,1,79.30549556481532
-0.2993085222565472,-0.0025927024520676,1,47.13787609439388
-7.551162795672985,-0.003574461834203,1,8.80314100105317
-4.782053426603374,-0.0034669050476042,1,-12.46943419286555
-4.8807544089764265,0.0029747476906498,0,213.55232027603202
-4.236858549868446,-0.0010872492042414,0,-7.925876272487817
5.37833645571115,-0.001517419972371,0,110.25688839826049
6.228331887231903,0.0018173632379596,0,2.1792621434327515
1.942983609836148,-0.0026788380119226,0,104.87220839887897
6.252673462489664,0.0012661518661183,1,69.16490347152052
-5.5545336258593325,-0.0003943914897786,0,13.36202885291234
-0.4644466819414674,-0.0012040692578056,1,5.193226357230666
0.0600326305171901,0.0019029585801576,1,41.98667810108128
-9.357178064793205,-0.0012139224628629,0,39.59353008184078
-1.730155369537265,-0.0017770945555667,0,5.7855846025034
7.163982196012288,0.0018629492283082,1,62.88296697434413
9.41668904646454,0.0026661444163164,1,81.239897953714
9.10435960778672,0.000748800601831,0,25.776013528355495
2.150992827753928,0.0005733630152824,1,8.370272716796853
1.6127976151566583,0.0018337953138086,0,26.23265593654491
-0.9331388644816768,-0.0021950881145897,1,18.042756460265444
-8.355222251959397,-0.0020006654134504,0,-0.0893884056192098
9.013599708021722,0.0013648835376803,0,2.6844906416988397
-3.8145032375678314,0.0007750215152924,1,98.7929142201572
-0.2648320986919454,0.0017426386775194,1,42.458786036984684
-7.654667409772349,0.0029999587146617,0,302.59489591969964
2.6273398804562635,0.0031680500587399,1,38.80675747380351
-1.4191816651079137,0.0028952307320676,0,127.74165371790838
-8.371145093735425,-0.0006090694538624,0,45.86778407966288
-9.311418522670609,0.0013032747968203,0,190.2479440986996
-2.245411666491184,-0.0001961382584473,0,-1.6996467447579817
7.35834974379857,0.0035871805877704,1,2.681950753059775
-1.239267718240857,-0.0002466241491095,1,0.4367933661813741
5.449343163132426,0.0027142500509538,1,5.652931907691963
-3.931426925888144,-0.0008683414611439,0,-6.209611735727449
-9.379914692274498,-7.249791623053704e-05,0,95.45971359311116
-8.198044755250057,-0.0014448333897295,1,134.16455451455232
8.523362357813166,0.0047302557363614,1,-7.948430173718929
7.425311636117382,-0.001242585906411,0,131.44998925778995
1.2659848057075571,0.0019393698327111,1,19.82704857383218
-0.299456487889941,-0.0028552943299959,0,61.542981032176385
-5.648058497435516,-0.0034082616024963,1,-11.436913423195413
-3.635187124859387,0.0014724963622958,1,144.59323036162334
8.253242728664365,0.0025254609703443,1,55.76256421085854
5.239963417332923,0.0019763285387934,0,7.938095669270201
5.636885846389397,0.0028190513817299,0,27.030863707082986
8.48083190425032,0.0046838877124165,1,-7.64451840178104
1.2279555455349964,-0.0008353731282927,0,15.870344967224796
-5.345258247905489,0.0003071082266481,1,129.80079424471336
4.614026803708491,0.0034963081820329,1,14.090158942804038
2.1291989871262924,-0.0022306081629528,0,84.1605834285746
7.764865550042792,0.0020778819152163,1,68.06381670262391
-7.651468443302301,0.0009601181051652,0,116.04319999705615
3.0212552301845115,0.0029969912746441,0,66.0537805686773
0.8432226433954426,0.0013488865122815,0,16.392552136156013
6.608564292601027,0.0021740210357301,0,3.193535347613887
7.335619120998707,0.0048871620967428,1,6.460694107903113
7.750815624799635,-0.00299192678203,0,306.6645484204104
-1.360037610181223,-0.0022023128689768,1,10.0517220732098
-5.968998174457234,-0.0013727598676695,0,-5.790569473747932
8.940885610144232,0.0033203255377622,1,30.160518458227813
-4.748815297232099,-0.0023968333746832,0,-11.322960664649063
-8.748715579419223,-0.0053441225908179,1,-11.73248099192641
-3.7693812147358514,-0.0039495711350651,1,1.8482283802862431
-3.257909066318972,0.0020864782221555,0,100.16038430481606
6.923659243435168,0.0011262908202503,0,6.9653253689237555
-6.915581056922866,-0.0016823046585121,1,65.59609912928079
0.2998682710802232,0.0018410727372417,0,37.67709029076153
4.213480086183719,0.0032598769237443,1,13.859884924115752
-1.834369157683458,-0.0004567572059956,1,1.342409174956141
-0.0972936440947709,-0.0014693505732532,0,17.04053803941224
5.15592500213284,0.0017946964376033,1,21.092788048646774
6.520181384621857,0.003218785874827,1,4.32891404680519
1.8096635476325105,0.0020177707342898,1,14.494923995558354
3.8815124205425056,-0.002278944575816,0,127.89800208153645
3.034022705086251,-0.0029809775569118,0,153.85684487080596
5.6472762311480125,0.0033240186353544,1,3.3026477197233417
-0.3177567848001388,0.0004280108545017,0,2.6406209169165225
1.6158927244380925,0.000440264635248,0,2.6466528329823396
-0.7590506326073729,-0.0028786619619026,1,44.058921999325776
-6.81753159912609,0.0024380900632657,0,214.81788576938632
-9.062042152935684,-0.0046458192685297,1,10.259655365081922
-3.336650555346104,0.0019195905487175,0,90.18386828066585
-9.446242897935251,-0.0055540075632609,1,-5.691912390537118
4.439481684911641,0.0012610032342458,1,25.102001861778277
9.861760615477174,0.0022343239381026,1,131.90328336993855
6.4313495476148255,0.0025091230083055,0,10.261705982765449
9.90118877593795,0.001130336235602,0,11.313856577017646
3.661740987452557,-0.0004819677366913,1,80.15246940994933
1.312444722832918,0.0027540368076992,1,51.55802889361642
-5.144232343761308,-0.0013096453004993,1,30.134573385278244
8.929325217757121,-0.0008716126829821,0,129.1668783871026
-1.3621170287956978,0.0003146142800472,1,12.269059051125884
8.524726374900602,-0.0002042600766465,0,74.07991867031646
2.5482931573463503,0.0017961456710111,0,18.69117984455932
8.538503575913559,-0.0009658326356139,0,130.13158016026634
9.24928297352034,-0.0025578909063295,0,306.4351251120827
-1.951790670828517,0.0011966272457828,1,60.48589957580342
2.461245091954181,-0.0008861464404105,1,60.366381979538765
-5.845274592816711,-0.0039922914634217,1,-14.958868360328024
-6.425881900665827,-0.004150044641973,1,-14.707705624812938
-7.872479963003855,0.0005527750073217,1,300.4076638917383
-2.8376727817382363,0.0011172676712024,0,38.820055705004464
-7.561442203192601,-0.0008074715997031,1,150.2733911627862
-3.901779908452891,-5.581358506745886e-05,0,8.48723299799745
5.8482967910995605,-0.0023097993236327,0,181.5201494729112
-5.285694060478708,-0.0038599489384821,1,-13.957389574490891
-3.09865435699445,-8.718175585325426e-05,0,2.9446564242009874
-0.5711615256202869,0.0024726838816336,0,82.41265743187878
-5.083357901464276,0.001650352358729,0,105.05459914827799
0.3850731071033326,0.0008159659015904,0,6.722463668696206
7.663919809280575,-0.0027435764052942,0,276.8432796593542
-3.671309946202255,-0.0026896981026141,0,0.8482989141193085
6.135946816056283,-0.0021175981748358,0,173.0361264254455
-3.4116652346974563,0.0013586274343972,1,125.11186890258969
0.457166704343809,0.0018747935461127,1,31.995317460882596
2.07723290207689,-0.0019854350982882,0,70.48925150370422
-7.3599300503937375,0.0016921639726251,0,163.28967630995948
7.150727789346277,0.0015134616693326,0,1.0303231652839302
-4.181299306160122,-0.0013683974702823,0,-9.998261431220362
-7.728248747650987,-0.0008658150114583,0,25.007326485748074
-2.9129281165165537,0.0002280604687545,1,39.020938657162496
8.529562599687605,0.0029099257790068,0,-0.6126913765869625
8.421834039683777,0.0035632295634647,1,12.185165293523218
7.136049805830453,0.0006449549846156,0,20.57873814009313
7.183239551235701,-0.0013626955823779,0,136.01546801555196
-4.049408030278611,0.0028936322703821,0,184.0732243522737
-6.850082514878116,-0.0050003049449935,1,-19.092050436052087
-4.219592177897027,0.0009341158432623,0,48.0925323942866
3.0431849110662785,0.00142343614667,0,8.515361919904786
-7.197591187736645,0.0019851672726512,0,183.75328595522677
-2.0891992641288866,-0.0001936633412083,0,-1.946147492916391
4.384958291423464,0.0041933503987151,1,43.07944678606683
-9.03280329198919,0.0005026775550744,0,121.76372193854453
-1.3054527450988331,-0.0029131794313329,0,43.160712203191906
0.0628617278582783,0.001560583513588,0,28.560223105990456
-4.332102953061298,-0.0002980600009888,1,53.027353934459654
-1.9185976752610931,0.0017627952760059,0,58.98597545066113
-1.4231399465736594,0.0013385355223409,1,52.79926791716617
-8.752724544206991,-0.0008194216185352,1,215.99569182835558
3.858645084900168,0.0020141433737085,0,16.43354737988316
-9.6265535926905,-0.0019835899998891,1,168.37400538565527
-7.449378154591971,0.0001066771328264,0,61.36260327571492
7.154651828298942,-0.0005372680708624,0,77.53770253993045
5.619326032600146,0.0006602804855324,1,83.5149587985045
-8.81726676983609,-0.0054569446592611,1,-12.945214633566975
0.5755122893130142,-0.0008994942436825,1,14.858907229516307
5.209438746777884,-0.0001533973509315,1,120.24572545262532
-7.925504085454495,-0.0001658722350573,0,57.389162111580255
8.439354589440715,-0.0002130422653217,0,73.64869656593399
8.38806300992788,-0.0006121039708232,0,100.35575056556775
4.93143879066678,0.0020123262927348,0,10.157541501001056
4.431622212020121,0.0005640721258562,1,51.68394303477067
9.747696131917536,0.000557157561693,0,38.6854726119011
-8.991976076400876,-0.0039190655910648,1,32.56920765606344
7.984496980855525,0.001552127939771,0,-0.588291247418853
9.629198849466013,0.0039072732073681,1,15.558279358680227
0.8579976680094763,0.0011611264087982,1,6.820573448806502
4.757593936254917,-0.0019696584625067,0,127.6769676724094
5.195402814603451,-0.0017941175957683,0,125.37886751853594
3.5582635784056507,-0.0018661866292835,0,94.32338326055961
-6.879380166139784,-0.0006841730484727,0,19.45577653761357
7.435130696179776,-1.868614193676342e-05,0,51.39089975326605
7.068340048150354,-0.0026655661022182,0,249.9290972982145
3.756433134797092,0.0009558289809814,0,4.729244451558379
-7.911350701459947,-0.005273217971873,1,-18.484726240906426
9.161042982941666,0.0037210473892915,1,16.337257778277014
8.686862449631718,0.0030045297156504,1,40.47226622982031
-9.340741126601984,0.0014513696509283,0,203.91004088716733
4.871142513895778,0.000698920104508,1,57.66568894385856
-3.96821572203804,0.0019146655808125,0,101.36160169514275
1.3171971319856368,0.0021753956991242,0,42.560258476666675
-0.9246596699256492,-0.0016959430439604,0,12.833447066380014
8.851739030036104,-0.0013875929224681,0,172.98448399432442
8.631456160711522,0.0007853890088111,1,207.81488368037557
-3.766915662103578,0.0012728331270135,1,134.12345551741512
4.794750160282977,0.0001676596882813,0,20.84148472537766
3.3384801486110938,-0.001603075123867,0,75.26381206976512
2.882251506927126,0.0012228175654634,1,6.50425948696898
-0.145963266085312,0.0009444457029833,0,11.353252596580536
4.270252209181338,0.0031275099298093,1,10.537723439934597
0.7388270767000389,-0.0003156971650781,1,6.201130885001151
-2.310170872521131,0.0019232939823111,0,73.74361535340611
-1.6552096082863503,0.000698655443692,1,29.705358826892073
0.1331317576356667,-0.0022312938425924,0,44.623137445176646
-6.603213916341595,0.0023567671740191,0,200.66053326733834
8.132170491073015,-9.588923510993344e-05,0,62.95454120221281
-5.723779809505604,-0.0006792808176701,1,78.55073570814076
-0.1538473999128626,0.0015363774689368,1,31.233443163071147
8.154733786551937,-0.0005804688359204,0,94.65821726270158
5.164790477906124,0.000425080075666,0,16.376806918575816
3.8648268606852376,0.0015235694602503,0,7.322333656921821
-2.433093578705721,0.0011697035317671,1,74.17169038857719
-9.21305226471453,0.0008042998577562,0,147.9851139015896
1.0234614179643753,0.0024145984012152,1,42.40584265319339
-2.60548086655227,-9.144754060854848e-05,1,20.09693839627614
5.080114296921511,-0.0020005300769905,0,137.52172113106508
8.576988843743155,-0.0028601962043062,0,319.8557398302036
8.833679293165588,0.0026766814343477,0,-7.66105948883815
-6.546096644950071,2.755505156713522e-06,1,164.0196947339456
5.893524838812933,0.0021267781777638,0,6.703188010129851
-5.085843236882528,-0.0015488484008637,0,-10.85344082248193
9.407290992907429,0.0005505287921547,0,37.112543536722775
0.4612182143615833,0.0021852335874346,1,45.35783653421869
7.13251200198874,0.0029592529955885,1,15.053131858073948
9.612918621610874,0.0011782611285877,1,221.59980876209298
-4.177534967221894,0.0002270332502985,1,76.94911979011994
-3.041032625416477,0.0029641730746494,0,167.0890940361092
-0.0589896303093553,0.0029746344386837,0,109.96367101601294
-4.554069575796103,-0.0025272238257716,0,-9.219763477979653
9.334900411582169,0.0006296284725209,0,32.61133439706373
-0.1297781068786605,0.0024385955735768,1,76.36520765827689
3.875465656328405,-0.0006066010153729,0,37.89791148733684
-4.601869639718599,-0.0026648077996838,1,-9.210776309623727
-3.5875418051756114,0.0024651315382203,0,135.40947351219683
3.252265872031195,0.0036725483143972,1,46.98577514059803
6.167808883938399,0.0009063741275881,1,87.68933275560516
8.324474375295292,0.000458758769724,0,35.03076550350161
-5.697728976736636,-0.0008824140191971,0,1.9711387087723038
8.945772842043063,0.0038407418943038,1,9.103820487880562
-0.7441663976316963,0.0012984550372607,0,25.61278311689442
-2.045068622455924,3.2418256743415645e-05,1,14.464827384082268
-6.168991130225319,-0.0009273855692806,0,4.772892815999918
-9.693983514330792,-0.0031387552718686,1,94.60835110606376
-9.941748821754658,0.000582494045725,0,154.32430924691258
0.1637246435506973,0.0014998495622588,1,23.88323325483202
0.9654961588277508,0.0031775382519,1,87.52286553620613
2.724746064851544,-0.002428746004028,0,109.16866444136039
5.786396525069353,3.110234741619799e-05,0,33.40930386955968
9.119241869203808,0.0019514368986408,1,125.11516369040137
6.908730384202404,0.0017657466436281,1,60.95277554405253
3.757142217658876,-0.0007694753973486,1,100.3880160435532
5.621243287293861,0.0040614715203804,1,13.409348598694546
-8.154092294064363,0.0014728661921417,0,168.1127026711788
5.5161118108411245,0.0021999773714,0,10.27452408329127
-3.652421133329682,0.001701534903784,1,165.6100794452723
8.36291636297618,0.0039478715467934,1,1.1236197652180349
-6.670525825688753,-0.003703276518033,1,-7.384334737304498
-8.759865374032126,-0.0017266221284817,0,12.014583208694043
-8.996003995777098,-0.0030541610829745,1,70.76711425857886
9.1941942064,0.0009074268206134,0,19.126368103565294
1.2091341899291468,0.0005561839003816,0,2.6400949458079057
-6.505539123228585,-0.0033241511185823,1,-2.429722915212514
2.813697296106664,-0.001436777020856,0,57.750047668995684
-5.036930537827091,6.941215815039333e-05,1,99.33107111176616
-2.898645637525883,-0.0029667569957946,0,16.81781228477561
-9.615788443696564,-0.0003133049883253,1,327.07867208721257
6.308188791042863,-0.0016202219161949,0,137.37130607510812
0.2550375712152597,-0.0022740993762057,1,51.57826826386043
1.951243409519508,0.0020121325515882,0,29.992172692929238
9.926189953330926,0.0030266605925701,1,71.94193268573312
-2.5258236807866385,0.002897279211153,0,149.8474645727417
-9.524610360787229,0.0018939209400099,0,251.4326430178464
1.6114724575574275,-0.0021583745872343,1,94.68142635556515
5.520328781868354,-0.0002425036175061,1,140.45373878029795
-9.918743002256807,-5.978370395669077e-05,0,110.79003027640672
2.410271085015543,-0.0029831937392667,0,136.14232469441157
6.5214930163582565,0.0011580015588096,0,5.870848030362779
2.635005220873792,0.0033620972255166,1,47.60310790152259
9.33052651067553,0.0025702763074631,0,-13.162737701897797
-1.4936782987432018,0.0012087518117826,1,48.19991368570925
3.7334471248913577,0.0033658038651142,1,24.031134399807012
5.525681227474946,0.0017753721317745,1,28.01608876774011
-0.7988753148473666,-0.0020309087969929,0,23.016159175289264
-1.8056541750553483,0.000142486706375,0,2.034078893421607
-6.8549302763433335,0.0018496529563743,0,162.47890254092778
5.638498279009028,0.0040789300789928,1,13.579663710221956
-2.5271469083910763,4.193482388848842e-06,1,21.84175710217407
2.498034575521828,-0.0020795069492948,0,83.94781388245735
-5.489616069276044,-0.0005873730784995,0,7.391114222279625
4.751346433902434,0.0010084415946369,0,5.454294745879279
3.6129073349414433,0.0028478439454747,1,12.127779314953814
1.1414212952963112,0.0023884780867942,0,54.965365115228735
-5.8431037543174185,-0.0025312425490252,0,-15.71875829890998
-9.573990323314538,-0.0019564233726897,0,16.84406813429393
2.7916689419317784,0.002593730648797,1,16.21314707619401
2.7173322873917005,-0.0007785295794086,1,63.4460565042085
2.3568663104448504,-0.0013644686918595,1,80.55718736300375
-7.418961149512611,-0.0013016260616192,0,7.524074753288354
-4.398628144438181,0.0001681803013104,1,81.26385996931643
-6.047428986368932,-0.0010891313928583,0,0.07489163988667208
-9.946171642895443,-0.003188032836612,1,102.9185101169918
-1.0990798894575722,-0.0008705174264188,1,-2.8910993217285736
-5.39766046153362,0.00275624695386,0,205.54740600340605
-5.015884501261891,-0.000700188558884,0,1.1470012092343849
-2.1718511782490912,-0.0024440680048045,1,1.811118458708464
4.341038866346604,0.0033911892576118,1,15.262292544406607
8.698515110993931,0.0011401182565062,0,9.319243903511834
9.57788411625868,0.0022702441712219,0,-15.053492186970518
-2.3038239185149623,-0.0015429031449412,0,-2.4585360773822873
0.445081184859541,0.0019946376036263,1,37.156982184882985
-9.106127711286693,-0.0052967823378389,1,-5.5444463797094965
-3.6650010532003545,2.300700495754992e-05,0,8.820276487998958
4.246181799981359,0.0012048670077676,1,23.402320887515828
3.613648116137252,-4.187226073884932e-05,0,17.6265377608236
1.7509401914294551,-0.0012634016604061,0,34.525478588800596
0.1492793536199208,0.0029267697568805,0,102.91592119775697
-5.1888857186744985,0.0018913865597736,0,124.80638947797081
-0.480444313415699,0.0023847400410321,0,75.49269229150795
-3.355849698481716,-0.002717162208798,0,5.0298583648430535
9.499146295700315,0.0021332443219025,1,125.54514158277826
9.74363960273372,-5.98931459308453e-05,1,374.87976638286113
9.8149835741124,0.0051026720742486,1,-15.685141892128618
-8.034826900810877,0.0019630292026997,0,207.09970619089893
9.013029130679342,0.0014262331595368,1,166.19039642468695
0.2420564331189201,0.000650498430769,1,3.567381096833553
-0.5813067548312425,-0.0016998286401348,0,17.01015897264589
-3.7109500741911328,0.002393302248623,0,132.16579740735457
-6.1630599930204655,0.0003997279207266,0,52.36525436126684
4.670543253998234,-0.0001924210580939,0,31.25185175063326
3.756100748135365,0.001213094521113,1,15.631748595708927
-8.127784531447134,-0.0003510068915231,1,221.78740581654273
0.934436171845638,-0.0022681432942571,1,74.31083337361378
-0.7248513694097554,-0.0017614135795163,1,11.696919492456859
-2.137066094557536,-0.0004711078675575,1,3.7000253358099044
8.864848143049851,0.0043677947936016,1,-4.999445523744151
2.3648439140455797,0.0002879749290845,0,5.216858737928381
-4.395754558249793,-0.0028794696567418,0,-4.144652617133648
4.877559893568449,0.0034811884782848,1,10.556551332512688
1.5750167253310448,0.0009811585363981,0,6.213518938502205
-8.891339828109377,-0.0003876777895212,0,66.79220032850216
-8.848293159545076,-0.0016299081463269,0,16.20062277441155
8.8050132860024,0.001560301380531,1,144.65440963466312
7.929124607863788,0.0007218713639688,0,21.64444738070559
-2.775237431450625,-0.0003527187827578,0,-2.5558498142932002
7.849031814588177,-0.0022636986600622,0,232.88475587092304
-1.8031038551209717,-0.0026770516910154,1,12.28843179018317
7.496538935646843,0.0004639874559082,1,178.38146176521852
-9.884992125939291,-0.0050087594664839,1,19.01555230272103
4.579045841366598,-0.0024461704866416,0,157.98804252036763
9.567666532396672,0.0012526477619109,0,6.327258713469324
-4.691625753009669,-0.0021060976782744,0,-12.075709042278916
-9.200245979542728,-0.0007731311943973,0,55.1911234465446
3.723073346645357,-0.0025657428529257,0,143.7084150017981
5.328428771685406,-0.0017666093695711,0,126.41108204209394
5.244023472604999,-0.0029540895729971,0,219.44426383617017
4.68148793746124,-0.0020135306299289,0,128.95957341578628
8.994718088291346,-0.0024619095822704,0,287.56277452811054
7.937067111111112,-0.0007581255919267,0,104.02155395640048
-8.44317681867393,-0.0018276236503056,0,5.193148323236753
-2.3657645083688683,0.0001967094679156,1,25.46520925249148
2.6943766347859857,-0.0024433279871907,0,109.31982158145837
-8.526055430861458,-0.0008045400822781,1,203.6960741942715
-8.757591926482322,0.0009141343348764,0,142.59758535281745
2.438064323880578,-0.0008814542205813,0,30.39299266889014
9.369535735904364,0.0009773018134505,1,229.1304157786362
-4.486301662208154,0.0009629484170167,1,142.13218710610295
7.904045363216912,0.0023956555844162,0,-2.930386071472684
9.064725374923238,0.0044230753902971,1,-5.4544797590311145
1.7305576785824783,0.000333748006491,1,7.519836539767685
-5.918062826315877,0.0011165277433409,0,87.10925712795213
-5.909230249360437,-0.0026018080544881,0,-15.970373700183623
8.75799411291337,-0.0014235501617081,0,174.3157791503561
-5.481790013376444,-0.0003151235130005,0,15.005787810621491
6.641112871315038,0.0024690700347821,1,23.561058647843243
-0.6457733290263583,0.0018522032494109,0,48.010547764593284
-4.2927200737123,-0.0002983239900081,1,51.84535933791695
-6.31151193041676,-0.0001150234934967,0,32.223173801451175
-0.996003151945864,-0.0007883430330401,1,-2.6686526409239018
-1.7089474572785068,-0.0029767885735823,1,21.846945926309797
9.0532081477315,-0.0006668483391618,0,114.56630722039901
-8.46570069377454,0.0016215364798161,0,190.13672835902003
-3.5889085189986547,-0.0033865528506108,1,-3.7153930648707143
1.8916189794733975,0.0001239919558703,0,4.7809971738590935
-1.9628185242097176,0.0012341422166866,0,34.27481284240554
-4.707282484715394,-0.0003858652129753,0,6.139540227625708
-2.0819957954538264,-0.0026866581588826,1,7.4185331178727285
-5.439946372766167,-0.0007064402774093,0,4.034428949790417
-2.226289825031915,0.0005211797629218,0,12.214692808232895
-7.929875927933603,-0.0024141752887766,0,-11.743341729969554
-6.116426762211036,0.0001729691023482,0,41.23167341777204
5.215787294962039,-0.0002417843278053,1,126.7144177260881
-9.765093093259388,0.0016883775577598,0,240.45150590424325
-4.69506577101108,0.0005033620107601,0,35.24286916323004
-5.825663321320103,-0.004655732657485,1,-15.223195889500078
4.618471627781,-0.0003510831802737,0,36.569134407237485
1.76840555116695,-0.0004770980334025,1,26.37153791551819
-1.8734078012084936,-0.0026863359888872,1,11.157055764384856
8.800720295708338,-0.0026460172657487,0,302.50370417010265
3.949649151871588,-0.0004903386158663,0,34.417828214479215
-3.575430671289414,-0.0006145098821252,0,-3.9699355844067923
-7.856176799273924,-0.0008159494789816,0,28.74770317744875
-5.293775986657156,0.0002780951626543,0,33.84602302975525
-2.675159114652139,0.0019901736051401,0,83.64186899696506
-3.663515179028298,0.0001247037442777,0,11.521375657904018
-2.707880789949712,-0.0020153840549557,0,0.2358584180137676
-7.773488051530418,-0.0032279841842436,1,24.621787708320497
9.387588469988614,-0.0022421758751287,0,274.2530099894415
1.1243120648460714,0.0029404511072968,0,88.7820441097266
-8.93888522265513,-0.0024785853366658,1,100.32089850847544
4.2841299562588535,0.0006091864593254,1,45.78051209445972
-1.2060699775517565,-0.0027778188422428,1,28.279243596595542
-9.517900777680197,-0.0055683703195407,1,-4.782112153608748
5.739933821224181,0.0006009884919463,0,14.999503122341759
-3.23120201025618,0.0002625520342027,0,12.08795476558556
-9.1881447321483,-0.004520415117459,1,17.027070689321807
-2.442599879554585,0.0023892646162602,0,107.16167607332557
-9.47180531407996,-0.0037587064906574,1,54.48665615576252
-4.31367985431428,-0.0019168431391731,0,-11.019484327154391
-7.114489640306607,0.0002714294448955,0,63.182233112815496
8.09500862833573,0.0029525696006557,1,30.601840311730886
-1.551455285710583,-0.0003966339453204,0,-3.653544285140054
-0.1000514164497463,0.0017959758909976,0,39.60751146913738
9.887213136523844,-0.0004085160703189,0,105.83509418672378
4.913074696940843,0.0015725683091576,1,23.759729319001313
-3.17763539243487,-0.0027971929681258,1,-5.488663089772493
-9.604557667547615,-0.0020424388986552,1,162.65788082657272
-8.129725030219719,-0.0010249766981096,1,162.62510823593306
9.743208905325536,0.0029951685181349,0,-12.934512957586819
-1.5839716003231563,0.0002605445803742,1,13.94859126715113
3.7717361432903314,0.0003187368493066,0,11.064287491127985
3.173633588456564,0.0026099620584681,0,43.66979975293922
-0.5809042556810198,0.0025212024218612,1,97.81362320771328
6.727427838732989,-9.19752897895579e-06,1,180.5925123335012
3.1376215948669426,-6.601444076500457e-05,1,44.1337744348074
-9.196687953797197,-0.0018191903030233,1,157.57707528316394
-0.3851685837740177,-9.009260539244692e-05,0,-1.1831930929760213
-5.115855185576024,-0.0020466516251519,1,6.1899215858351075
-2.1774371902734195,-0.0036250306343677,1,28.90591734293509
7.912886777126125,0.0001881852053737,0,45.19533547710212
1.146617228816444,0.0014460722430017,0,17.309937608993117
7.786016158048781,0.0046842681050882,1,-2.5274039378896056
9.340459387225264,0.0052599320047348,1,-13.643001250601882
7.0367924852752886,0.0047802575809246,1,8.802930228335457
-2.5760093262756323,2.940813397835266e-05,0,2.849298348059315
-3.118676446730264,0.0014140944950415,1,116.80906877068239
-5.930320528520943,0.0010840223526924,0,85.35929840584922
0.5012565723055964,-0.0014526439518413,1,28.488954159963868
9.655195881920765,0.0005971789739041,0,35.98773165211607
8.963084031569025,-0.0018102538218422,0,216.6177989386889
2.989237448027895,0.0034746932891637,1,44.11322790648721
-7.595953006889209,0.0009524766581049,0,114.1413758119242
-7.813968163612794,-0.0011925631780787,1,133.72662422689967
-8.935868053136229,-0.0049292566071663,1,0.1098925108449933
6.596963775397434,0.0002371528174029,0,32.136776774933374
4.395024916825765,0.0039290262781632,1,31.37890255308028
8.579791605107324,0.0008762856501894,0,18.37358259164455
6.911413973328152,0.0028730791044774,0,15.658563642852819
-9.76439850638931,-0.002247178389989,1,155.99778205712974
-5.095493917773871,-0.0023473669161052,0,-13.201797461150434
-0.2592279865983737,-0.0023398093776148,0,41.71901053649323
9.0479934375584,0.0016766058877267,1,145.3876009616014
-9.299710859033778,-0.0020530873965993,0,9.867324593378598
1.7297144856812672,-0.0012804111353966,0,34.8285354908703
0.631700261215089,-0.0005466009307416,0,5.613649557019183
2.597975153974094,-0.001365153930793,1,89.66345493593585
2.0069022607502878,-0.002295410076479,0,84.95059175571276
-4.138089871561348,-0.0041022333862262,1,-1.6778729903986596
6.582535708102487,-0.0022896755300655,0,199.93000876066588
-7.373281004667833,-0.0009172283327047,1,132.62967571970796
9.905447262079022,-0.0020152401206282,0,262.80938794165183
8.427485499796191,-0.0010994629088891,0,139.13483824936327
-9.334832338445931,-0.0045697454081802,1,19.121510635607795
-5.519703966169239,-0.0016337419060134,0,-10.912670147294495
-5.467767539543824,-0.003620704374632,1,-13.530600353622518
8.738056125039751,0.001339226438217,1,161.0173340019486
-6.994511203614032,-0.0009697550296763,0,12.016427412269264
3.483465459411425,0.0019333378217555,1,4.643270214421022
-0.6082994690301717,-0.0012083983222973,0,6.330862640051221
-1.001359448508163,0.0020823293659766,1,82.95243957360125
6.954621071411573,0.0007471819910062,0,16.486641939523956
2.80578838910343,-0.0014630774290261,1,103.6188978984724
9.257741421105113,0.0038992328931118,1,10.776841846771855
0.2739056042774983,-0.0002699703274156,0,0.9866540473058418
6.444910073714055,0.0011684662529675,1,81.08202957703853
3.5887815422408806,-0.0005916512141313,0,33.98717323997172
4.866707511042456,-8.385747917195665e-05,1,101.60456919014388
-7.182924694653616,0.000375228233307,1,235.2905250016798
-4.13589860628303,0.0014760383516813,1,169.55433927197876
-7.8307224440286305,-0.0016656068635541,0,2.5853240961790047
-8.042437245176522,-0.0024794439160691,0,-12.148317293683437
8.308888865052133,0.0025440536773453,0,-4.541216832139736
-7.22291840810567,-0.0018396744190091,1,68.2146042351261
-6.958061976060841,-0.0049602788726726,1,-18.94061750786763
-0.5786267078136476,0.0010864457516585,0,17.52157774354529
7.386159250719814,-0.00277207800872,0,270.8870173673721
8.988184560442846,0.0018505751644795,0,-7.661897738671685
4.587027906856537,-0.000520244818534,0,42.986011293110415
-6.860858008722193,0.0023347537563438,0,206.1019267510213
1.9986891264229487,-0.0008403021221293,0,24.03262928884111
-3.784784926663665,-0.0002097338510646,0,4.055980886104362
-1.2776532232633355,0.0005707835152196,0,8.17407520688595
3.5644542593486683,0.0040439257897402,1,57.823836377184946
-2.8133431887625164,-0.0002876869629511,1,17.518199765463024
0.5926738042406043,-9.329697230171848e-05,1,2.3820334743065175
-1.2971443900344006,-0.0015437190627098,0,5.861418958307472
-1.4669978328473086,0.0025434140356966,0,101.43076257816216
8.58149741247433,-0.0027879240455208,0,311.6696952838463
0.0741815117455644,-0.0014864360423149,1,20.12394680890192
4.414820409315389,-0.0015745385949826,1,188.86157497345457
5.4434441312427655,0.000319993255388,1,98.15185718535582
-9.321947782324813,-0.0001163232565293,0,91.4645584707838
-9.167565420189216,-0.0005138299532444,0,66.73228671457895
-5.889451893919679,-0.0023125802887045,0,-15.301247466163787
0.0379897410301381,0.0007042246224497,0,5.860650586174467
-0.8514726659723557,0.0006232064309324,1,13.395998622511282
9.994932030146252,0.0013637395313479,0,2.3308792952077786
9.203280779060275,0.0007098832364352,1,248.05246134584067
-2.367651417483092,-0.0026525356347688,1,2.3154968589103344
5.321743254844948,0.0013326302327594,1,40.68168298660889
9.619343674690622,0.000487963259336,0,41.806958924532765
3.617239201196792,0.0039581932594748,1,51.715473910950905
5.32476649653413,0.0004273196998995,0,17.228881681909233
-0.7372658322102836,0.0022838254931713,0,72.87618215329323
4.305254429178142,0.0006213076057516,1,45.80599625798867
8.492235930155822,-0.0017131456837918,0,195.59774960580714
6.17470659098672,0.0009412439320986,1,85.76689466584813
-4.868153351750191,-0.0014347791242903,1,19.448695054751173
-6.351382171612714,-2.3829396799380342e-05,1,151.83867798249383
0.1405410876794803,0.0023307742911806,1,61.55246403345867
8.378378583410012,-0.0002752266558081,0,76.94860291983218
-1.7903561020786365,0.0025280285066005,0,105.84286785051506
-7.830311770479847,-0.0007276893763163,0,31.632113860903587
7.448345662214155,-0.0013996183435396,0,144.4525816967943
-2.2401663958102302,-0.0023210297523602,1,-0.7601525302405829
4.161629762379189,0.0012022024660323,1,22.043902093690456
8.199673336890793,0.0016104847756455,0,-1.8607684512695133
2.804350701316761,0.0012452479669121,1,5.7832087831558034
8.473424630205816,-0.0026337140739967,0,290.7281365466393
0.4945734821005345,-3.879556848267059e-05,0,0.7654538702648488
3.920104409095998,0.0014057704477146,0,5.991690780406144
2.737417983506472,-0.0018236980825626,1,122.99999463907679
-9.980312361282524,-0.000664648512399,1,314.54102823451865
-7.375584036731775,-0.0004238497729131,1,171.82537749382118
-5.191890727242583,0.0012773665980588,0,82.84868867865154
4.675115285237439,-0.0009696992119162,0,65.1462214105571
8.390953720727563,0.0017368043988413,1,112.97720978243754
-0.223852722203862,0.0007569046307977,0,7.668801855000835
-0.1063806618389406,0.0020672557213807,1,54.293778457721935
-2.100429463756461,0.0002776160942639,1,23.156659632242047
4.07501103333443,0.0018638128012394,0,11.828204848329218
-0.1248120123750418,0.0003163414706857,0,1.196696194212822
3.0503958613987496,-0.0018722575104744,0,84.13119820181421
8.951083326058388,0.0001947160199302,0,53.75483736836822
-5.978044213652661,-0.0047227648137381,1,-15.976068787612128
-2.745062259747537,0.0008273590557477,1,64.28285913223877
-4.808917999498032,0.0003323520780392,0,29.800450724555724
9.87239547839345,0.0055546518432634,1,-18.038993467340426
1.983739615501424,0.0015005905342993,1,4.746323872681184
6.056548398845408,0.0005875288443674,1,104.21050089059653
7.807029317150864,-0.0019174158499749,0,198.15131208098452
-1.7481998847116298,-1.2096597892724371e-05,0,-0.355467027264478
5.184467870685946,0.0005226065677405,0,14.162029995364536
-2.197647693077405,0.0015808247661063,1,92.34504445232278
-0.8287181072769378,0.002084503915486,0,62.433465220387
-9.608522645020612,-0.0018255203301627,1,179.8179183136463
-3.2034419447920426,0.0007308451447753,1,73.61140425390468
-1.2921650528303823,-0.0029527136156403,1,31.53842295943177
0.1685695246737957,0.0005275488857939,1,2.510328829836149
-3.709672764386964,-0.0014544358101302,1,0.9478489176468923
-2.579095712219896,-0.0010590532359758,1,-2.1305617439647353
-6.080641188757667,-0.0021231056556132,0,-14.294808656676945
6.322761098015732,0.0011069633973818,1,80.70734742956185
-5.606891583146282,-0.0003594709091698,1,93.82521477693203
-6.858901439605074,0.0018325307692178,0,161.15754174605647
-6.310981886386875,-0.0017402457175579,0,-9.72199326655992
-4.920457906594811,-0.0020350069902854,0,-12.859324350265464
-9.499952069536144,-0.0020724107965917,0,12.137207354044767
-7.814933802045882,0.0009131140285867,0,116.9751078745567
-9.187295072611729,-0.002328371398975,0,0.9623705186926843
6.563806015035681,-4.172645036135562e-05,1,174.99794542238897
4.945391362038068,-0.0002287394733917,1,114.25372274197835
-4.648147390507004,-0.0010356666711751,0,-6.357748663205948
-6.114120395388549,-0.0041024594735949,1,-15.231863951837019
-8.858502650801075,-0.0003090903199416,1,273.3666988741221
-5.448868942053753,0.0004707269892688,1,147.76989845207444
-8.497667578159035,-0.0021612697383956,1,100.35304188235114
9.66559558953342,0.0016220385305861,0,-5.13624621236282
7.00249218519312,-0.0001752179322385,0,54.9928752851451
-9.835868924545792,0.0027306861886269,0,354.84314101836395
-4.528879186718444,-0.0018523893022376,1,2.425297718620557
4.076706988713783,-0.0003335191407649,0,30.248784904389336
9.49214002357616,0.0037929460218259,1,18.37234081147254
1.6204232088268569,0.0018489526743309,0,26.702749512723813
-1.8121947632003632,0.0008159546409374,0,17.855281464200033
-7.000139475817225,0.0015625840304914,0,143.19134095918864
5.149236753339297,0.0008260950868889,1,59.424398847041815
-7.583825801132615,-0.0004379593776465,1,182.02098463805214
-3.0674862768906923,-0.0013836054088409,1,-3.2949358293219757
4.901490062313656,0.0020621469212697,1,11.421038200855353
-7.328765065683416,-0.001811972990655,0,-5.0582564367432035
-6.617613520689631,-0.0049838516860203,1,-18.624809798842143
-7.887530748793643,-0.0048883653401726,1,-13.649362449597533
-0.9058976721750298,0.0025312243441063,0,91.44008544645243
-4.108068218761433,-0.0024112704065312,0,-6.895670097880028
4.39684210038272,0.0040984980982162,1,38.426450407730904
-6.493403672006018,0.0028926623548301,0,251.80672968122883
-3.852993454087283,0.000863831943353,0,39.9427932126733
7.460570981918973,0.0011905854010587,0,6.321149709474171
-9.240929126452569,0.001255396340325,0,183.9527286025428
-6.265475630835715,-0.0021455291030748,0,-14.279015197052155
2.5141706933699943,0.0016991689983097,1,4.60166091510336
8.509087033513968,0.0050707898865999,1,-6.482811823044398
-4.879257054041188,0.0013827826583541,0,83.49902881959179
-3.1690428277742644,-0.0013669794800569,1,-2.395892809072486
-8.316605820379552,-0.0004946268055694,0,49.84057451811696
-7.689906879301162,-0.0052852119770345,1,-19.684380183088173
-4.418094349795052,0.0001137938204181,0,17.76092520100231
9.863602965428496,0.001646590379338,1,186.912795355087
2.5413804993197715,0.001024033163663,1,6.143278719144853
-4.0579209583702935,0.0017214285507695,0,89.98116374232137
3.0663854472934062,0.0016223881210442,0,11.840028072175217
-6.646113209970199,-0.0002501635289066,1,148.27588084713838
5.03354524497022,-0.0025201729229506,0,176.32081368213287
0.7124278389419949,0.0023197239151668,1,45.52637272088343
-8.826836193028978,0.0010577532563969,0,155.34352514082613
-4.842086556100536,-0.0029773783825278,1,-10.887526050891486
-6.575789420527968,0.0028336025819005,0,248.0082715059008
7.930112234529464,0.0009228626290181,1,159.42126639137535
-8.107584146665525,-0.0027085761399423,0,-15.326200644041716
-1.697461021128026,-0.0031202252244334,1,26.231103427159972
-2.0418765982288534,0.0019148938505137,0,69.28340140660976
5.292622133798924,0.0009701313133964,1,56.39134501532936
5.160783500466145,0.0012144154507062,1,41.843086307054094
-7.839804679269255,0.0005921645172814,1,302.6717204582494
-6.337414535969764,-0.0005962955876113,1,108.29790031989342
-9.099563975307849,-0.0046393313230214,1,11.293417537647603
-1.306151216272326,-6.580633292856354e-05,1,3.5260100998211272
9.17861809701672,-0.0001103167242471,0,75.2407815664524
-6.751230927612144,0.0028793972674119,0,258.5110030808437
-2.7112145067955744,-0.0033965350638681,1,10.561302885440465
-3.3206151296976767,0.0006645506591489,1,73.61179022992008
-4.501531795413641,-0.0005914069907074,1,43.824213343479485
3.669459380712347,-0.0011746929665329,1,122.45040070464196
-1.184456216020962,0.0013675050740077,1,47.82495660373479
7.899651413229481,0.0010426909236297,0,10.826759437044435
-5.728918301861279,0.0026980854921985,0,208.93852664509774
1.4252622974042437,-0.0023441244239747,0,74.87013800714658
3.124217694974384,-0.0001699867415237,1,48.084311074132586
0.6702065531436503,0.0003111987342596,1,0.9622707704892839
4.77885730438625,-0.0008657132371689,0,61.4395783529768
9.555360377137704,0.0022846485558147,0,-14.974956531954637
7.505417039307236,-0.0015040866619394,0,154.30491536823908
-6.815586707540511,-0.0031030065706021,1,7.6020388290883325
0.5578377204460523,-0.0009078645383759,1,14.748893615442498
-5.423176421928071,-0.0030986299415775,1,-9.40613858383195
-0.8555717413932946,-0.0031201705655436,1,50.24758140446961
9.62122395516226,-0.0018774383594282,0,240.15517767726982
-4.306922394433325,-0.0016781751637398,1,3.368593409117955
-9.226068644041856,0.0026219556539689,0,317.3842029553314
-8.651706017908278,0.0003979318654229,1,338.80496863020517
-6.569700998431742,0.0013370939121883,0,115.86250956727832
9.33565285922191,0.0027480600271959,1,73.01507885054798
5.941263010896824,0.0028103624767715,0,23.581048652053955
-5.475254544325314,-0.0008359313967296,1,61.183079258163566
4.554416931982354,-0.0008619383042941,0,57.95408052964127
4.053661145552267,-0.0004388458711962,0,33.69931070839668
9.615005193654664,0.000761836559934,1,267.12078528997995
2.902593553019408,-0.0021279285991197,0,95.41832996509072
6.6087586169201415,-0.0023144596453274,0,202.89684359199947
-5.368530652820183,-0.0018975437416502,1,14.701196515111544
5.476493586858041,-0.00015364861636,1,131.9065233896423
-5.4309430454405945,0.0028076600169595,0,211.60904540019283
6.865683615492863,-4.686709579629458e-05,1,191.1575400179554
-3.278008411555604,-0.0014021696294466,1,-2.1003132467107513
1.6981972252450177,-0.0011373309514398,0,29.583444413280112
-3.598078342261049,-0.0027582751889494,1,-8.817391219968071
-4.998049043778847,-0.0035490527185997,1,-13.06554255962611
5.448941768422969,-0.0004808451871417,0,51.82530588428718
8.935916789805283,0.0004938348932843,0,37.23346470376486
3.157305090287341,0.0035466255036528,1,43.34965503883203
-3.932493678131888,0.0016906724574013,1,179.01707275890797
-1.698949302205648,0.0012685713902557,1,56.93923342909266
8.62768469207035,0.0017233238812646,1,123.51589662957736
1.3532382209581897,-0.0007102357833307,0,14.20713715855498
-9.40177624109872,-0.002536365578748,1,117.78315501703446
6.740563346219837,-0.002478491512077,0,221.83813280277374
-2.1686224911294865,0.0026514595319882,0,122.14812604026648
-4.394712913329721,-0.0002534657678169,1,57.20470419101694
0.977146720477247,-0.0029539375625003,0,96.17176799363475
9.31810994106954,-0.0018712285775834,0,231.81693767622747
6.424444721093089,-0.0022045127364573,0,188.07003832049037
0.5927656824373102,0.0010751750426615,0,10.978354540542913
-8.17314957617046,-0.0021775853436026,0,-5.679608045137913
-8.582164722018542,-0.0002326145951246,1,262.74821948933214
-1.6707701879101915,-0.0002730608341705,0,-3.0259554242183597
9.289945975377384,0.0045216136577004,1,-6.703330224717185
8.1587161307501,0.0050190071580188,1,-2.9263424636694357
1.1869243940391954,0.0020562677395442,0,38.52627371889297
2.318016075931366,-0.002584854479874,0,108.6308653542986
3.786427539461791,0.002329157884958,0,26.419277342555148
3.9286859825634313,0.0010223836195461,1,23.24871538375286
5.212221496579408,-0.0003343380434498,1,133.1870025994894
-8.022004601016617,-0.002489717475331,0,-12.43267850215858
-6.9208063140657305,0.0029826805290921,0,275.5037511010623
0.6601153589664612,-0.0029492431517361,0,88.0651150020831
-0.5708331863410514,0.0018251217418664,1,54.435387253547994
-4.6208643068849575,0.001253625592389,0,71.18893988340187
-0.5481142819214995,0.00054354338695,1,7.939946379302329
9.23318964567556,-9.227346762171636e-05,0,74.61032756026717
4.392456161846841,-0.0005615145402833,0,42.340198257693054
-5.760668746657225,-0.0001531300163414,0,23.492997168833572
7.127212505908961,0.0016364058600877,1,74.99026478339141
7.059219469995593,0.0017882565301607,0,-0.6185106522581301
-1.612901539902721,-0.0034685311869672,1,39.72845043532504
6.403201004571521,0.0045656311695857,1,13.920963585730831
-8.721859367353101,-0.0003775122860243,0,63.587837064403374
7.233684235303727,0.0041642362458091,1,-1.3240427591210553
5.231475238516769,-0.0002320893771715,0,38.41686165119711
0.0139448229370984,0.0003636164705364,1,1.495226545173705
9.512424777711123,0.0015434831173246,0,-2.7500987723795323
-8.030517393475805,-0.0016326748465229,0,5.569548817178204
-0.2282012685549439,-0.0009416325364046,1,4.171901965558151
-9.224823946276246,-0.002221939413389,0,4.180928885618615
-4.413957704539994,-0.0027668875630964,0,-5.70790290320484
8.217437602412751,0.0044431704951719,1,-5.7295475933374105
4.519941339024356,-0.0009669186079703,0,62.6117129677011
5.886121809474778,0.0006183815215936,0,15.25438942798523
-1.3109802301312392,-0.0002816069727835,0,-2.9393148406442275
3.2932568107539204,-0.0026441637911553,0,137.63153861620185
-0.0969805363486067,-0.0009828113240882,1,6.3836725073758815
0.6832575219114307,0.0016176943081119,1,19.142210117868675
-6.898078859142583,-0.0036408500345229,1,-3.5311295094059854
3.334582459811937,-0.000863391047044,0,41.06098321622346
3.527567169298377,0.0009744618962762,1,17.999876413841527
-1.6328850261737229,0.0019066783208311,1,93.78528453520883
-1.7210624702659558,0.0001151513423855,1,11.992545378427453
6.174712489145207,-0.0017647502016151,0,145.5055996247676
-9.519228024046525,-0.0051038599539411,1,7.283747468963645
-4.182053553411889,0.0005256016493258,1,96.185186690396
7.389237733638204,0.0047480278653777,1,2.898142527870744
6.143948079176354,0.0012170918034648,0,4.721612650389661
4.349533846133397,9.383367585756354e-05,1,72.51423865174723
-7.098487199189418,0.0015627032345294,0,145.78010721905014
9.34833492646248,0.0047380560670266,1,-10.330169203274584
-7.319076478099689,-0.0002825724787006,1,180.9228927897615
-7.093548781878991,-0.0005879962841131,0,25.648448319693586
-9.836972844250646,0.001860270569059,0,259.7691140566475
1.413295397918386,-0.0007248324798142,1,26.37236576730032
2.061775202698474,0.0019442133105889,1,10.234609654099717
8.665027595984448,-0.0014827564193217,0,177.79124052810317
6.789154261119595,0.0041643616611991,1,1.6783627256603268
3.983147338052607,-0.0013470290739852,1,149.0078077059871
-2.4908890737977423,-0.0034661818157318,1,16.83440024364666
9.082999787221333,0.00263588437,0,-10.43265798023418
-1.1973145486162462,-0.0011049761520473,1,-2.561621905942943
-5.878531763222115,-0.0007968287462369,1,77.34703938982196
-5.68915283277957,-0.0013684410434737,0,-7.081731270881397
5.670530834442115,-0.0026017687600764,0,201.52850586070883
5.233435778407426,-0.0013146238788323,1,212.98413863074938
-1.6681021468389794,-0.0009693573981222,1,-4.051645983431611
-8.235908644454952,-0.003837343073959,1,15.733286676949803
-8.199508863165912,-0.0021332603828527,0,-4.533426199023031
5.942657482756156,0.0027130672452926,0,20.25653431099593
8.180056414776239,-0.0021152531637737,0,227.14651240272025
8.82678328102881,-0.0028409058683867,0,325.9918942532018
7.223031472311622,-0.00180559683387,0,173.61239720887988
-3.0470212464805986,0.0004441724874553,1,52.86633364058517
9.839616167698304,0.000195306361452,1,349.453761699838
-6.042726220162695,-3.9514635251655927e-05,1,135.5309583671938
-1.338318734777836,-0.0014351544839886,1,-1.2687089087980596
5.675586400644761,0.000897934377474,0,8.577452091936465
-6.018469901342749,0.0016751156975355,0,127.46290755443161
8.560869968075345,0.0018549883148151,1,110.54578159472143
-3.737591125053614,0.0003264537752368,1,67.80122200995237
-7.758088344039935,-0.0030270819593194,1,31.539971411100744
3.87320604603306,0.0033694238109163,1,21.749357752191596
-5.961891084698388,-0.0014273488524801,1,47.24860891315621
-9.314915870468386,-0.001074360236759,0,44.4544466785558
-6.982080755269098,-0.0030738512938451,1,11.599956103042175
-5.401502943583127,-0.0036566163463937,1,-13.729131788166427
-3.2211230075499646,-0.0010641694461594,1,3.3359188106801727
9.703927867525351,0.0032562179199347,1,50.74690622073602
4.478180349676473,0.0006455318602036,0,8.867953068922974
2.913267771677585,0.0009284541524152,0,4.407235360658595
7.322382219052642,-0.000479481210255,1,258.9544587068493
-1.4641733520429074,-8.513423171207995e-05,1,4.560907469429818
-8.57277753710559,0.0028069742309667,0,313.6360336821878
-8.746623620830732,0.0001927592208655,0,94.8439650762949
-9.335484959999508,-0.0023075056879234,1,129.6822816171096
6.754331150286443,0.0044019225009533,1,5.123482207098018
-1.6706491128488938,0.0013152042263127,0,34.67007050475603
-5.959522407161664,-0.0002499630591854,0,22.550044097851732
4.966966754028498,0.0035416140638404,1,10.693029803513454
6.482892492253857,-0.0005590673197514,0,69.51010689086854
5.929534724851642,0.0013043947121732,1,57.5959481702459
7.325541935241322,0.0026958357901116,0,6.766790808182956
0.7412343974290199,0.0001336790992445,0,1.1011242298055572
9.834735813103045,0.0011092793738005,0,12.102950755538723
8.636493955584932,0.0018657340913818,1,112.65325566495883
-2.571536629828664,-0.0014645290042057,1,-5.816341666799359
1.0967469325306567,-0.0008447107987044,0,14.817616918982868
-2.9016244540159324,-0.0027218571874147,0,11.036988655467447
0.2893567063036038,0.0012054703540906,1,13.405415489666732
2.0713200617732106,-0.0017949191730786,0,61.270793126073954
6.779849967030199,0.0027519854122454,1,16.599134825327365
5.045855870395384,-0.0013603622548685,0,93.61175173601163
-6.499792326941276,-0.0020785421678249,0,-13.193146688665276
-9.434845481789404,-0.0038210992166234,1,50.459953824448185
-6.412498564913975,-0.0026090917733794,1,13.814644362574372
-3.638510807905901,0.0015217267649206,1,148.96155691165796
0.2967883420092558,-0.002135185330969,0,43.83958631578149
2.134847018302059,-0.0004042126687546,1,32.08885168628867
-1.7272494200277002,0.0013117530865412,0,35.10020873304297
9.184386851248078,0.0051666696418153,1,-12.46995972606996
0.4136019840102456,-0.0016132507488573,1,31.56423352759678
7.469531997581122,-0.0006514665433705,1,286.31013267181515
7.584864129072546,-0.0013842136446424,0,146.03938196595527
6.021117024861354,0.0039516423974799,1,6.242983832587192
-6.195179582308197,-0.0038756909121667,1,-13.259264533133265
1.2471634437024657,-0.0019033274083554,1,67.92380593252079
-0.0509117940722703,0.0022743864599255,0,63.163827659748584
0.0938163005342573,0.0009759232848772,0,10.967120910001361
9.92382828689876,0.0045026110125194,1,-2.9415243539987395
-3.912509363926646,-0.0004805329070786,0,-0.656352476802071
0.0753082480933073,-0.0010663563309333,0,9.875801508092737
-1.136973268082432,-4.680160955029187e-05,1,2.5348489784947623
4.629502817540793,0.0003173083546825,1,69.73941457672052
7.479367873942554,0.0003789110152219,1,185.12459191617316
9.297802358009704,-0.0007365412830151,0,124.03679836109688
-7.749225309843184,-0.0003478244316785,1,199.467023115491
-3.513012204550572,-9.03156049746412e-05,0,5.103612641721273
3.0866556459012333,0.0010455217426514,0,4.801162461430335
9.701882195057353,0.0010404056004335,0,14.776513467545481
-8.34767676297181,-0.0012760783545391,0,20.214813107720747
8.566076224359861,0.0043998937516626,1,-5.866065679371939
-3.9493747424979855,0.0017268058359879,0,88.37247228488829
6.538797257660857,0.0005813622388249,0,19.560781074406453
-0.4610997260579967,0.0016203395391437,1,41.60155466211102
-0.339645073489681,-0.0023676456604751,1,37.65772779015001
-5.882954289095594,-0.0014818450558443,1,42.482367002326406
-5.593207060265599,0.0023074390289708,0,168.62697595797698
5.535954282936032,0.0019919852879859,0,6.6794500891307385
0.6725793743569461,0.002526837004309,1,57.07679552918717
-8.202548000921153,-0.0024575325394893,0,-10.776312345282006
-0.0415439173548186,0.0006310522898634,0,4.903937946421198
0.8776118110046038,0.0004560349654585,0,2.0283891544830084
5.171692498459928,0.001897628576053,0,7.139732609278693
6.428313281740877,0.0003360716129999,0,27.125941880836468
-8.022979211349515,-0.0049384733781505,1,-13.09085287138241
9.472640542598228,0.0034742448705367,1,33.17454311104781
0.1416215835896999,-0.0022072486874479,0,43.857837041705906
2.1407622142802456,0.0007180035495061,0,3.6061285583219003
-4.444170865726617,-0.001852971550986,1,1.3640470725910563
-0.6358888999033141,-0.0012572893548053,0,6.934161823234647
-5.095115083827951,-0.0027133759132432,1,-6.841266425099511
0.6512016017406843,-0.0001119216014283,0,1.5669890955964219
-1.463687733371552,-0.0003660917844409,0,-3.4417448280080927
-7.560080771366993,0.000495375221397,0,84.64584104100419
8.951101171450087,0.0016816626090474,1,140.67411743229084
-4.623407265419508,0.0009923287000871,0,56.98091198648145
-3.63246002760953,-0.0012318584763193,1,4.6501922269997396
7.608114815807482,0.0006947888879097,0,21.145005918878784
-0.6733291230822065,9.54199688511967e-05,1,1.6111303760906064
-6.063172450458534,-0.0025707079768082,1,8.304138875083527
8.483960189562513,0.0020096702346409,0,-7.134515218194699
-7.273429411495735,-0.0025707873663229,0,-16.452116761406668
0.6683058655796579,0.0018765903416839,0,35.73363291283573
-2.5459789489707045,0.0016620077350653,0,62.05657047228103
-2.010396170840645,-0.0021686888276787,0,10.454445781875032
-2.0900745962152385,-0.0034958339180137,1,27.337009804757358
3.1487489687429164,0.0035931850377643,1,45.77123794231635
-7.757477623495241,-0.0042970857883487,1,-4.869017325574895
9.281066951380597,-0.0002129736414382,0,83.51502591678988
1.062397351709958,-0.0004600042744501,0,7.259832786580428
5.996270652415943,0.0009446479251458,0,8.569903803205158
1.722108858921947,-0.0007229190093311,0,17.983078812307706
-0.1327656238402763,-0.0005768360949646,1,1.0251252045524737
-1.75589046026424,-0.0018831577508051,1,-0.6625102840549342
3.427621216557021,-0.0024443503184137,0,127.63338815384822
6.0524918718636265,0.0026697564466341,0,17.856995544528328
8.955997663076175,0.0009415877811847,0,17.015226968165557
6.20683723186556,0.0037475786385044,1,2.6057040498148525
5.959307246360934,0.0015257290298055,1,47.62035616774431
9.954105199859931,0.0047621284493061,1,-9.786989493646672
-8.683342003771596,-0.0013658864498829,1,165.1342416692627
-2.485982643258975,-0.003722541873262,1,23.743970422503825
0.5364415936495863,0.0014899601811496,1,17.6202888889136
-2.4848865991846942,0.0005486100786661,1,42.64563819384824
-3.78422428091058,-0.0018434746463386,0,-8.985637523886226
2.0626534188258745,-0.0010508824609857,1,55.452889401485
7.691853429107706,0.0012316254841596,0,5.63560598893046
-8.902165925638073,-0.0029716754482623,1,71.40301925747207
8.25511430369302,0.0030357913699553,1,30.000474821888734
-5.607443554261835,0.0025762578118473,0,193.72178035149503
5.975057182986305,-0.0009733448452917,0,86.30547897673185
7.1109161161369485,-0.0023115650570864,0,216.71869338710138
3.5866555400616456,-0.0012624557538802,0,62.35618518201953
6.785302141819724,0.0028178341759645,0,15.256961750814051
-3.188763717532675,-0.0037497200075181,1,8.673656597037835
-4.724448032156657,0.0012552242288943,1,179.830669606787
9.983569835734848,0.0016298058494702,0,-6.121742578374723
-8.329922341595688,-0.0008327626540399,1,189.76093878604607
1.237444071979862,0.002737274518617,1,52.69520696512643
-5.114866932099893,-0.0015041315338508,1,22.303856069443942
9.915750676791784,0.0029908505773879,1,74.13308467235103
-8.823747339342404,0.0029705607975033,0,342.7410384258039
-7.842334585603248,-0.00255921700129,0,-14.401456265497915
7.321628488494426,-0.0016448239459336,0,162.09132771470104
-5.704610298249133,0.0005617894385013,0,52.61490176137208
-1.4517729546143077,0.0009809078692758,1,36.71503136178222
1.666529631675381,-0.0008591590685769,0,20.949316021099367
6.659555732822142,6.298061028065511e-05,0,39.99636188815866
-8.165878945375836,-0.0005319528783049,1,207.0950021073278
-4.92106352413616,-0.0024371744419215,0,-12.081316968266313
-8.205053183624766,-0.0018451663693995,1,107.28896577392723
2.970024787334779,0.0027937699099004,0,55.19609943001255
-0.8770653790565781,-0.002912857553592,0,51.73965760855773
-0.7798673774250275,-0.0006469746753137,1,-2.1581639651025766
-2.65734888053095,-0.0017847407190328,1,-6.821896079345115
8.415297145647568,0.005335654334484,1,-1.4272102293714002
9.167319436362156,-0.0023147994636083,0,276.0963723319946
-3.890677013455941,0.001878258845822,0,97.3899960357642
-7.328381586198239,0.0014109361369177,0,140.14616465818546
2.909697823960615,-0.0011267546096043,1,88.27311884568601
-9.060053850892253,-0.0016124948916485,0,19.94792664972783
6.828032298319304,0.0029726594452626,0,19.854727180247153
5.0610936865448615,-0.001157384871157,0,81.74766815482118
-9.277148157264453,-0.003160964005132,1,76.15475563325947
-4.986355757179024,-0.0020461339323822,1,4.27262107948967
2.857079848315632,-0.0018322309709642,0,78.085483397135
-6.384122120463442,-0.0015148485790443,1,56.20164297800816
-7.797891961338752,0.0019239427555652,0,196.14896554906198
9.152914904201287,0.0030303297948561,1,50.178832151242354
4.542221927548344,0.003697283513162,1,20.526581416335297
7.134827137547532,-2.406062612753064e-05,1,203.60639126321317
-3.4702701736010777,-0.0007765654522792,1,13.984059432420532
7.133079290428416,-0.0029198840209128,0,277.98819317502625
1.5558793748735145,0.0015619365062179,1,7.922222638232121
-6.595890717006374,0.0001729381970353,1,181.53125003181856
-9.789568649387624,-0.0020009688031464,0,18.84110467336125
5.084928133306519,0.0036059762104689,1,10.570678728022605
9.196613645971023,0.0003217183259901,1,290.85363670619955
-0.2956294058355073,0.0001130523623296,1,0.31395473199115653
0.396790483150804,-0.0005242644561266,0,3.8418318352305354
2.0507144296818254,0.0020814424280697,1,13.138666680949441
3.8117880567911087,0.0004318525912493,0,9.41260271059885
-7.15392187225413,0.0008284637262164,0,95.60546112450083
-3.289074551126281,-0.0028202686456237,1,-6.294488292964711
0.1234770948437269,-0.0006075365676543,0,3.148384187182823
8.166913304612066,0.0021403935265372,0,-5.878205583525652
1.2882274027523444,0.0022263654936411,1,28.97222294725666
-8.84947088747837,-0.0046567932295576,1,5.428486606556631
-7.084589413900311,-0.0026253093235186,1,28.72950945403484
-0.2871114840169682,-0.0029867588599032,0,67.58523283333025
-6.55514191876722,0.0002991608818941,0,54.252001805412895
-9.674677529232596,-2.2322924315250516e-05,0,106.27626969947914
-8.535087737463098,-0.001535379671943,0,14.669508673449814
9.378345932743336,0.0055001861497684,1,-12.793371092984227
-1.9539889097847496,-0.0005509394969523,1,0.7865624521318706
4.505076889598399,0.0021329509933575,1,7.164141281367338
-9.859470282506935,0.0006917467167806,0,159.7305840726617
-6.940531316341341,0.0001255782123503,1,196.4767744396532
-7.009958711071325,-0.0002500347551581,0,37.34955271779059
-1.6677780679041714,-0.0030785073298744,1,25.74289972480119
-8.197735616143529,-0.0016015027109585,1,123.12188371752296
3.8256132812889,0.0018394661017148,0,12.606174225885889
8.513894594698364,-0.0024701577679795,0,273.92924892782685
-1.060410022347206,-0.00038077979363,1,-1.5526581682442062
-8.195177532144847,0.0004651588469792,0,97.60208410533357
-3.592953927409268,0.0003902958630574,1,66.69825971399652
-4.202718128119583,-0.0008145058604488,1,27.06751350327904
9.721707681347931,-0.0024989712037218,0,314.06865073696986
5.168521554470356,-0.0001468844005466,1,118.06049560022299
6.323626844361179,0.0011947275800196,0,5.131540672251114
8.797286729683044,0.0054089634155176,1,-6.02547869977046
-0.7110486201969302,0.0021225013129129,0,63.04572012066432
-6.068974327856527,0.0003640662051676,1,170.18312328901442
-4.653782214113651,-0.0005853961226414,1,48.41125034382826
-4.5569543755845965,-0.0026987780259388,1,-9.665635530630672
-9.93746151768959,0.0025181463650335,0,334.0877560301883
6.314229768581139,0.0048632928422982,1,25.443063778922962
-5.530564774929198,-0.0001996901745841,0,19.20317734634018
6.927106011703614,0.0035390972924831,1,1.8365914398679566
4.6688362437526685,0.003419210107676,1,11.734407080724967
1.2611723131745212,0.0027614821196056,0,75.02731970262022
3.3532408538742224,0.0024970565203202,0,36.80444750111388
2.633928166337988,-0.0029996891159822,0,143.59286929346854
-3.8586241190395647,0.0001361379211298,0,13.403527548729937
2.2051111380170987,-0.0010956007352277,0,34.7653047375391
-8.438352602489863,0.0008093317653682,0,126.2242686891125
9.243922624930391,0.003762493998547,1,15.87923991281026
-5.892013121896267,-0.0004470672864249,0,15.312545705098245
9.467170294229618,0.0001295400647584,1,331.57867669708077
-9.87734255718368,-0.0025619505721575,1,139.48788069524812
-2.472296922491348,0.0007483603685932,0,20.900136957792167
1.5410048614306753,0.0017803570335207,1,12.173987108117782
1.6332567353317806,0.0017456045732525,0,23.139130655311092
3.619887287683048,0.0002997274212902,1,41.73431089949724
7.860987421832849,-0.0028946578845603,0,299.672643361742
2.324554986522529,-0.0004115142880585,1,36.84286077237771
-1.1162006650586438,0.0020506010504842,1,84.87144502860056
7.739924100097156,-0.0023301753590118,0,236.44413061841044
-4.430116451615231,0.0029783572292855,0,201.99265207862274
5.516216592019838,-0.0003617784970673,0,47.12328380096042
-0.920917094469365,-0.0032262508958198,1,52.294579428578366
4.250400147734041,0.0002368748469596,1,61.99931695635159
-0.5659242062964953,-0.0013586813165633,0,9.497036010580418
-1.7497678325040322,0.0013851870563494,1,64.88445308497032
0.0966428545639423,0.0029541127342857,0,105.81884075036001
3.681960042391408,0.0009298217681452,0,4.728195718637841
6.8989664377364015,-0.0004033188820952,0,66.19951259166066
-0.4331622767989724,-0.0003274193629128,0,-1.2921548285125715
9.299967800906073,0.0049133706779725,1,-12.241559682878911
1.7132648321251125,-0.0010117155830695,0,25.84064001341515
-8.142488513608603,0.00169545353582,0,186.50047795477076
8.014228339080965,0.0017781120010201,0,-3.5070940686053063
-3.5631058836456635,-0.0025115270782128,1,-9.168334583987567
-1.7656859349009115,0.0003797941831233,0,6.300302514869962
5.870912863191176,-0.0008119304485123,1,204.9195553550502
-9.416837233404785,-0.0032852133604654,1,75.22029673115998
-1.7014209075054954,0.0021164262880978,0,76.46817577496435
6.958591235629314,-0.0006093395209939,0,79.19649430735026
-1.4796632048084373,0.0003805236674869,0,5.116917614436241
8.238250434605877,0.0021259150176869,1,79.80961001291189
9.045313667353335,-0.0005253872296463,0,103.44789511145996
5.6864237586682265,0.0042573966530901,1,17.60326678731253
9.616067645396576,0.0041663019509753,1,5.320813744730989
0.0645242246730877,0.0020809477367889,0,51.37617017328132
-3.29832302790539,-0.0006314604765911,1,15.371788657436168
7.874426423410213,0.0020950620691373,1,70.32797507444036
-4.395228248189358,-0.003743308103586,1,-8.904567358970963
-8.7602195725821,-0.0007648617750514,1,221.53151673632024
-9.752979303114858,-0.003907235871286,1,57.73295185934852
-5.342012986340199,-0.0001661310192972,1,95.88186607664852
8.596773780959307,0.0031321995308068,1,32.27015381142233
-9.089229595554633,-0.0011701867473252,1,204.68523219852068
1.8175009264328352,0.0001919637740983,0,3.9731004797089504
-4.431635807956744,0.0012149423691485,1,161.03097677103887
-4.38520499675735,-0.0022837279269287,1,-6.2789862983479425
0.4566719200473343,-0.0008960844925865,0,10.018624428064378
9.947999643442948,-0.0017862174166705,0,238.368618091051
-2.779492376322345,0.0004232404415222,1,44.47342138814947
9.032695007868952,0.0018264551320111,1,131.90531649850078
-5.276340448915597,-0.0038635340556683,1,-13.928937951766274
6.315372087293884,-0.0021543855057885,0,180.834934343363
-2.8436512360417643,-0.0003494760383627,0,-2.3509534521012334
-7.984759220089195,-0.0017984122026528,1,100.62149673119325
1.7625890053697368,-0.0019075417485758,1,87.03404182140835
-8.429644420931858,-0.0053397057932151,1,-15.276509937459624
0.7564551631028742,0.0015166018347224,1,15.30343109864383
0.3924482663294544,0.0025848140623524,1,68.62981778309597
-1.1609400511125043,0.0007314438983588,1,21.39572589627741
-5.689891538097993,0.0010458031221628,1,213.31293180662144
6.270262465219922,0.0009936323163413,1,85.85201139857304
-0.9907260832319018,0.0012547502939902,1,37.855686919058606
-8.231226622018156,-0.0004290319684178,0,51.13301528159631
8.752485041079044,0.0021728473594615,1,93.99497708264803
-5.470849668858227,0.0009288483051119,0,67.68166666833412
-9.324339872759662,-0.0057137790716675,1,-11.11304730695613
-2.290639480834137,-0.002718554242566,1,4.586658731704267
2.7510343929321976,0.0015321586688771,1,4.125030747241489
4.190881901852544,-0.002858969294621,0,178.90437121759464
-1.9595664150330112,-0.0023956751419555,1,4.049878063531293
8.81982927264395,0.0002838541697771,1,271.1996579066313
-5.8225486367522405,-0.0004021747071105,1,99.73520331890802
-8.911328452607194,-0.0019662506862477,1,132.24740408875914
-9.796432646889484,0.0002017754463344,0,123.73258461949425
-6.658994844204513,-0.0021120832169983,0,-13.121363281186637
4.58496736560965,-0.000398914585806,0,38.0557493543591
-0.7471740428323166,-0.0008855397833143,0,0.8474263545021339
-2.791701079945712,0.0021382218978169,1,162.6182501106319
-5.093001983774304,-0.0006597475290461,1,58.033805239869714
-4.237365902276737,-0.002988454596857,0,-0.8860686353136469
-8.042439019206178,-0.0006650677922009,1,187.97919948408529
-5.50858748231438,-0.0041380044687653,1,-14.622017849590952
9.942968683181393,-0.0014833586783673,0,205.96480072074047
4.381790290722407,-0.002099583784708,0,127.81008550836162
-5.728584265702558,0.0007333806537954,1,185.27070862944578
-2.2528888764880257,-0.0001092520505217,0,-0.5324094689067257
-0.3193661067061946,-0.0016844010796575,0,19.89462367764627
1.7577970358208788,0.0027491516545686,0,67.68012412826491
0.6617394410498729,0.0028197930850096,1,74.41653999642887
-5.468740248739623,-0.0011032307212652,1,47.70420370070699
3.9752856561750143,-0.0003993910368018,0,31.46396586341089
7.972537159407818,0.002729486068466,0,1.3754514068508978
5.47716517151011,0.0043744196568577,1,25.404669114233556
4.40797717657386,0.000919974028028,0,5.644108229142219
1.4418234818562237,0.000878364764567,0,5.19881045627593
8.563569713259266,0.0029419028641967,1,40.913046012748275
-4.637838178803437,-0.000629616354046,0,0.27475997105046057
-5.410292123673257,0.0022217293944694,0,156.58948953684688
3.884106272280265,-0.001483541377893,1,154.08808684852758
4.0003227207134415,0.0013933468570704,1,14.841695579301398
6.632677296888573,0.0044077431344563,1,6.774176367932408
6.861426917207716,0.0029576372708806,0,18.964947685167594
-8.343317078339538,-0.0002242216881772,0,63.05741986936443
-7.225529633638626,0.0026764817033335,0,251.9170887898996
-5.732112161979126,0.0011591102757604,0,86.0207813464657
-1.2779774402485842,0.0009953579069994,1,33.41225829744393
7.014009846955535,0.0014093828303747,1,85.37543848814275
-1.716349311849875,0.0003700871691088,0,5.880926260681552
9.568477606410358,-0.00144964581918,0,194.34570783590462
9.839312700591467,0.0024633537401194,0,-17.78654810610463
0.361649391836,0.0009708848851667,1,7.610299143154311
0.6888950887318952,0.0002972727785295,0,1.2252897216537115
8.620634487647834,0.0035666582567167,1,14.615260157255753
8.890507251098693,0.0026466217631842,0,-8.53841342850207
-0.4370748020079915,-0.0022025286778896,1,29.580740757505723
-3.645047801040146,-0.0040564761733458,1,6.005557460867041
-7.04737392888672,-0.0025698930587194,0,-16.843747476894055
8.25671610666367,-0.0011457879698429,0,139.75621405701935
2.052876533135997,0.0005181518680719,1,8.17294475090836
-2.9137395378785325,0.0004041793096521,1,47.15915121330912
2.348779413282852,0.0030044392226407,1,38.02037911697985
8.222457726504025,0.0048244523001178,1,-5.5326523288438825
2.4582987626896227,0.0013709391199611,1,3.8146523470222666
3.4343181276455343,0.0033404627566022,1,28.694730645234767
-1.9923522823482127,-2.1214539573972685e-05,0,0.06135200961449694
7.341559553911871,-0.0006914061846064,1,282.20901707602894
5.839765869800598,0.0005427386861059,0,17.001203856419792
5.299126958451538,-0.0002143553944976,1,128.4246534218809
5.05944479577912,-0.0006827397862575,0,56.406493185552605
7.132528151221568,0.0023212769144276,0,1.676716755771876
-4.307953345708753,0.0003209623220466,1,87.5321561242645
-6.112174052553396,-0.004752474698933,1,-16.642985307029786
-5.10013824594181,-0.0021479883901074,1,3.5343954135557083
7.542124605086052,0.0031064191125058,1,15.824602210781062
-7.1180335831897406,0.0010644349186606,0,110.0707338994662
-6.994056052508377,-0.0036167477901708,1,-1.7122965820678617
-3.440228427837779,0.0017468550024406,0,80.8305708116134
-9.416256668230574,0.0020960831596112,0,267.6880094246502
2.706824067854864,-0.0004303262154235,1,47.534772066458466
6.965688168292303,-0.0006539238136184,1,254.51342907095284
1.0149173537490537,0.002896799611357,0,87.4027270584624
5.00164687078351,-0.000774907207677,1,156.160491682691
-5.421388555204381,-0.0019214571282469,0,-13.21174011804353
-0.2407638246026593,0.0014557653505717,1,29.88080479509129
6.881517287080662,0.0008224298314313,0,14.042685638226795
7.310269528568522,-0.0003653108388928,1,246.64463449586515
-3.948039851329053,-0.0038399725026469,1,-2.5961972937629207
-0.3887037166911273,-0.0009325832937286,1,2.3431790345091597
4.227473824553417,0.0028528755845556,0,43.668494715131615
-7.614686249290717,-0.0024042634704423,1,53.57323471378253
-5.318472355805309,0.0003310289894177,0,36.36271818927991
8.85214125365713,0.0038627666795187,1,7.363275614748708
6.888232761598804,0.0003628962859088,0,29.35055045647597
-8.155211715300918,0.0006271369297881,0,106.72663589213721
-6.664395789979983,-0.0033060976291751,1,0.17229524596007928
-3.423835239106348,5.618745844615118e-05,1,44.44041656932768
-3.5478727390332088,-5.329740660247696e-05,0,6.166893468743598
4.0744253627729705,-0.0009728944072414,1,126.94261184001235
0.077601072752639,-0.0013254232254943,1,16.072538774273937
-9.228366040022951,-0.0023764176907717,1,119.92607992946245
-7.723363690339862,0.0004856890739316,1,282.4209296700308
-6.295055888778254,-0.0028884435063886,0,-17.40836417253171
-4.576540884367923,-0.0005470458054326,1,48.01361664345901
9.950032676848975,0.0038649998499225,1,22.712058312474987
9.161614389205226,0.0016079296892124,1,156.6382993487797
0.3517481578728016,-0.0012403775704405,1,19.149728406058593
-3.3401707912319605,-0.0006960844303518,0,-5.437147169955997
-9.319397406728934,0.0009281884588393,0,160.48376452493204
7.213230154619488,0.0045890583882368,1,2.548783458921787
-8.75083467083617,0.0011150654760633,0,157.4653088895337
9.72618823608308,0.0052128414069388,1,-16.251139759914786
9.617297541599145,0.0015962469062769,0,-4.356275140537516
-7.338045883761133,3.703005579615806e-05,0,55.8154361052355
1.7690831112036047,-0.0019325826077713,1,88.63195645878761
-1.1292363098079523,-0.0011495116060082,1,-1.8851870815907625
6.340983097741486,0.003800890522773,1,2.139557863210791
4.601586131715962,0.0025529842217126,0,27.26653369292502
-9.52657737644484,0.0010199624204098,0,174.18693527555354
-6.6102819423850185,-0.0040684142667343,1,-12.962635736803371
-0.7231175513617476,0.0025667683155247,1,106.62075767330063
-6.620756696429321,0.0005193056088896,1,215.58179755525055
8.499025167369783,0.0049430227079659,1,-7.33101247285147
7.417371088392439,0.0024428421682951,1,39.58990042214981
-1.8479427152677597,-0.0014641974994385,0,-0.04683603804165953
-8.891818647584946,-0.0026971487091573,1,85.66349160106526
1.082118657469394,0.0001991151537792,0,1.791131608981447
-2.569771883252196,0.000443513299448,0,12.38804011661968
4.382572218353154,0.000586455033385,1,49.35008205606968
-8.385296300886822,-0.0007309647579058,1,201.9872247978623
-0.4659985301559395,0.0002271567902126,0,0.6115415090056731
-0.1710647533401257,-0.0019821520138244,0,30.793245121961302
8.12110336314856,0.0035791866553923,1,8.378965218732585
-8.574120938826242,-0.0004899922574735,0,55.151695595305235
9.13404067732257,0.0055890343949284,1,-8.311953646102609
3.336154442686926,-0.0003190394947802,1,60.98214036968118
9.999500230985674,0.0059855645597789,1,-16.18882234257945
3.645582011652493,0.0004451172814951,0,8.513713470219374
-8.03388193984002,-0.0004052501038413,0,48.43927656547201
-7.566329253862758,0.0002511973426794,0,71.18919293260373
8.982289724966954,0.0021135469570445,1,106.80634139444899
7.246244594761567,-0.0007252649325066,1,279.59036465912897
9.550116364691604,0.0021204055115188,0,-13.674837476409605
5.02362100731964,-0.0010476768151266,1,178.84291616116997
3.6345949855715114,-0.0006312114218531,0,35.96001186932548
-3.95285127664075,-0.0012360308554348,0,-9.236812112341134
-8.434646433924073,0.0003442182900879,1,316.3413562055244
-3.736038335326402,0.0005589524068831,1,81.6385108222533
2.9579506689687136,-8.507311955761351e-07,1,37.10673727715351
4.306560743408651,0.0003499450013611,1,58.161284351547984
-6.321760293976242,-0.0021210639308538,0,-13.985954862569008
9.849094616986472,0.0040163729062766,1,14.140137783193305
1.7008034911506869,0.0002293986020501,0,3.3653996501668586
4.580511442686921,-0.0001905062640636,0,30.315408271183312
-4.810344646133058,-0.0001921129001987,0,12.149134037032516
-8.800267084155953,-0.0051279105138369,1,-6.714813327750664
4.54681023010728,0.0027562722345316,0,35.829602695365345
-8.485077793193593,-0.004541212545121,1,1.3944348452251487
8.236512375597695,-0.0015919742856357,0,178.28895818284258
2.0482389360798514,0.0016785014066077,1,6.282581852005491
-7.858582255322492,0.0010506370033896,0,127.6456664317956
6.219223843790147,-0.0006129446537015,0,68.87986995294207
-4.214802796867132,0.0007149626465942,1,110.78308476423265
-8.937254413392644,-0.0044855249923164,1,12.149351400306868
6.49448880230619,0.0029663314548948,1,8.327706230756755
-1.39102057552339,-0.0007925056244936,0,-3.1461055328569425
-3.8841105660593023,0.0005978754228967,1,89.56785214172291
-5.16320608258257,0.0014635936134431,0,94.08586874345573
-7.553787534702979,-0.0030540056408178,1,25.181801609440715
-5.595830454769493,-0.004343952756724,1,-14.708539928394613
6.693989364289994,0.0021047933444559,0,1.9879717077663286
3.282039428570032,-0.0028621629223955,0,152.56624172275767
0.5112974454082604,-0.0026390417261173,1,76.69120899925218
4.347236888668135,-0.0001551367225666,0,26.94802914115912
8.440169369838472,0.0019275630681506,1,100.57250053968363
-4.420216773842364,2.314543618554456e-06,0,14.321694955842421
2.0793887341388526,-0.0017299420022994,0,58.44188893127566
2.3907882887787157,0.0030634060874198,1,39.632170665551115
7.045118983330852,-0.0008094967957653,1,275.3805808311505
4.023329192697995,-0.0003564810713327,1,86.13228196441116
4.525904981069406,-7.402836978023359e-05,1,88.09047501498517
7.182763864153792,0.0024560321189105,0,3.2702954081207904
3.587361650138508,0.0023091973277181,0,27.373380842050285
-5.6248593726896505,0.0012096253723055,1,226.25220756689046
-5.341336677147464,-0.0016949629126771,0,-11.741988314857554
-8.272327761515498,0.0001926322891318,0,83.46387721796907
-6.909819703933966,-0.0029035168667444,1,15.18008685121751
-5.296327580393198,0.0018070328729448,0,120.85545449160307
-5.582518566841841,0.001438812567116,0,100.97801605747438
2.3566117375531768,-0.0004683033236921,1,39.75256880883688
6.577547504306047,0.0023619240514991,0,6.154371951896234
-7.318638114811138,-0.004432434306203,1,-12.228842908085882
6.7308113692636375,-0.0005103749573375,1,226.38980492226906
-4.915972493583052,-0.0007975485557095,1,45.939689729279145
-4.619224415408166,0.0026798702617357,0,177.88701081281707
2.521951579434172,0.0004612670727837,1,15.03779883938935
-6.245793201162575,-0.0028515390296356,0,-17.21618443080103
1.7002212170786422,-0.0010204460914161,1,43.68441984665546
3.713236846789058,0.0006595640862378,0,6.310072754695826
-0.5670839092873425,0.000285909772998,0,1.3204808852552288
-3.098265809794995,0.0028181054956226,0,155.07396362191548
-0.8237132352876753,0.0027058040754352,1,121.52260562436729
-6.096049010392548,-0.0044190961683213,1,-16.46220606712521
-1.5650276281542634,-0.0015973359344198,0,4.266602690755215
0.0624176736114261,0.0024552019009849,0,72.32516065634991
-6.855528842443775,0.0017832306912359,0,156.99177994689498
5.089897152527405,0.0021140658034937,1,12.328556850782327
7.926419251968152,0.0002657743784114,1,219.9821539738732
-3.776224788776332,0.0002656968038376,0,16.60169714547457
5.7595262320455465,0.0017236737618066,1,34.53843038531291
5.860418990697525,-0.0005513410620279,1,181.82226814581145
3.1096754771135604,0.0004867389013484,0,6.068470272986868
-8.501624701682466,-0.002721606835839,1,69.11308112524185
-6.4880187514583065,-1.9929750247652152e-05,0,38.71468770143642
6.498277327465267,0.0028216660855788,0,18.288920114033086
5.582780947838222,0.000512578335482,0,16.444657014176514
5.7213032322286885,0.0012731949806442,0,4.06033588474479
-3.409151986655152,0.0012585740200379,0,52.76353378071462
3.778687577503234,0.0004600857309471,0,8.856797627464411
5.438128166780654,-0.0003375604059601,0,45.138394980970354
0.3788846584507332,-0.0024439582881375,0,57.89820337518363
-8.240960261897946,-0.0033770865567918,1,31.635054076501163
9.514266186874988,0.0008505937538517,0,22.6863067709013
6.949056973114164,-0.0005569751430879,0,75.86689175363279
-2.595736192462647,-0.0021260754501785,0,3.063318664502202
8.27368344107192,0.0028891171049638,0,1.6976770039346891
2.3268773617482488,-0.0012514159819662,1,73.63386140491039
-4.051320067098239,-0.0025595591570531,0,-4.812337926138057
-7.504728257486972,-0.0021350607371482,0,-9.678247555851522
-7.831876694530258,0.001969532786714,0,201.34063023761402
1.437623676664849,-0.0015844831318242,1,59.590169381646895
-0.0567256211149604,0.0028680593780051,0,101.90637506750048
1.9283120847533564,-0.0005494571861408,1,32.24114402940293
-4.378715607038006,-0.0035859317213765,1,-9.868610956486831
3.0833506681829768,-0.0011817884504281,1,98.20047181788189
-2.8459683192465013,-0.0012240133712046,1,-2.618221756748034
-4.476979225033859,-0.0031341943798245,1,-11.596072502505677
2.0535485087394907,-0.0011827735066475,0,35.822671608028074
6.306998038609407,0.0011335518426021,1,78.5844177066401
-2.344322482325934,-0.001167338468529,0,-5.487756035687079
7.656900631579507,-0.0027260761666617,0,274.76197547446344
6.305886040982188,0.0028805890952758,0,22.280897897192293
7.038670454194033,0.0025614678467081,0,6.383500848289003
7.677385881931325,-0.0003085860926576,0,70.43881420817237
-7.420097582691174,-0.0020895532153679,0,-9.429472131991739
-7.857181767267378,0.0010867627662848,0,130.18572684526347
-3.6454200132255954,-0.0014630939533904,0,-9.387800100335898
-6.363013641609041,0.0009758189350231,0,87.5678267324688
-8.913484774039768,-0.002526501768287,0,-6.517589675264087
2.032862901367096,0.0020465448607572,1,12.57387167076094
0.2069702461761444,-0.0006137104924531,1,4.524107467264756
-0.3714892046202518,-0.0013545805898906,0,11.375748195617891
-0.2725512706558426,-0.0008015101564866,1,1.9892657226657828
3.5298265338543,0.003226222569733,1,23.05749214731814
-3.66217405727578,-0.0001725148233711,1,40.30218282327301
5.457757339588154,0.0037879795413508,1,9.686285430238442
-1.4655199606100506,-0.0018938903579873,0,10.977365399048983
-9.80385767767258,4.573383543562195e-05,0,114.03830493653749
0.9358046499385412,0.0023232121851095,0,53.90636053638667
8.781086340043103,0.0015786031890306,1,142.02458611044977
5.786858662994231,-0.0001252573263904,1,143.91373237989106
7.508667397024386,0.0047805850411149,1,1.8640876512671416
-2.4521825193854045,-0.0023011359996949,0,7.896574262461224
9.28208161868152,0.0004045135346051,1,286.8646509526034
-8.070440184585737,-0.0007264841168332,1,184.2296551317096
2.5780359372133006,-0.0028673237166191,0,133.1791260332235
1.583859196679381,0.0027818302873148,0,71.94443067935251
8.719124650894472,0.0038082237930045,1,7.687037245262507
8.994509675697032,0.0004336966510206,0,40.74345555164911
-9.012810937517024,0.0003696869765429,0,112.57885815099661
-3.29990557568161,0.000467606868816,0,18.811387843563736
5.764616071596553,0.0041289397033206,1,12.919541541336958
5.500256461650768,0.0040452603925234,1,14.829359155320024
9.207151013223957,0.003127736261286,1,45.9489641741566
3.0389135344226226,0.0032120190483399,1,31.736663677253823
6.137352694235908,0.0020245866044994,1,30.57589492424476
-4.31212797474884,-0.0004873702526329,0,1.2600917747021978
-0.5792096789310044,0.0023055852367244,0,72.00377038463841
-6.578957225523969,-0.0005226861257659,0,20.988620792246802
-2.1626314393164403,-0.0021288296360907,0,7.826058546656403
6.026945582713562,0.0026748884981584,1,10.13657902519329
-7.044597533600825,-0.002730577002947,0,-18.113479704412086
6.815466611568365,0.0019188758572495,0,0.29083375702995606
4.107492904195825,0.0004209317266911,1,49.292192582891595
6.41416710018737,0.0004416594237916,1,129.25569208016103
9.40890806979428,-0.0016917563905536,0,215.29499169523814
-8.904532987965583,-0.0032789109948432,1,56.54167570888773
6.209993323225245,0.0012724042292243,1,67.50608523117464
-2.488080918537044,-0.0007976772127294,1,1.0707498339268602
-0.3831241435310755,0.0023928900296183,0,74.63246494541502
-9.52371369079539,-0.0011477248343236,0,45.58892065228935
6.999859974858786,0.0038183903549452,1,-0.2140992203578346
0.5013648129052939,-0.0018510249580229,0,36.788459368862696
-0.8552796435313184,-0.0018761099015714,1,11.913954762144332
6.396605345002527,0.0019063212736953,1,40.875450943347666
3.4543179031504696,0.0029935391779271,0,60.27485314
7.986596839527898,-0.0011598718752219,0,135.74439899962707
6.077561173444508,0.001400256482389,0,3.0413820252036707
8.226030097797825,0.0015767129790582,0,-1.360748210351915
-9.04282012935418,-0.0022631335803495,1,118.55500855271922
8.960404367340946,0.0001082278125736,1,299.9614846248249
-7.242394911267016,0.0001987444746709,0,61.961271804652895
-7.996100379413318,-0.0002892100973266,0,52.97189790725484
0.690213565425374,-0.0008123374313369,1,14.809119379543873
3.783852755073728,-0.001365769254184,1,140.74952370462066
2.930948778760902,-0.0004846915512741,1,56.362501017983696
-0.2244229754662701,-0.0016882135005565,1,19.402902045400108
3.1579545788183605,9.589069981468444e-05,0,11.60466061805046
2.978720457484737,0.002193930999085,1,7.065982934498815
2.5403402208125065,-0.0004353394068947,1,43.24025636845616
-0.3232022636205514,0.0022710618768579,1,72.27410197631352
8.510410264354494,7.05126007756109e-05,0,57.02407512820609
2.7506930409216395,0.0018244300987125,1,4.7714099157839325
5.038878768743061,0.0039482571606308,1,19.632466927864357
-6.34538166399413,-0.0027104203038499,1,9.598988226607057
5.5667451997795645,0.0009685752982787,0,7.224413122945617
0.3820576914423075,0.0006009814210748,0,3.6223127684739875
2.876826695704187,0.0024916371498718,0,41.2939393431133
-3.3241641921380687,-0.0018662055857636,0,-6.25306971643761
-1.0734252084426323,-0.0028558344607064,0,45.60535982732545
9.144504704105389,0.0004551388860562,0,40.59390712699825
9.47703017558523,0.0030159782415672,1,59.61288815652155
4.60369048768162,0.0024011279842662,1,5.20874792699895
1.0847647670209746,0.0026323397281806,0,69.43888221904987
1.777539062180484,0.0005230123026557,0,2.9160084587657584
3.854950491637389,0.0034695104758082,1,25.30203453114636
5.129637739339209,-0.0006327548347896,0,54.940561475963285
-5.139210745237417,-0.0029491180992796,1,-9.420520982925826
-3.03366900044701,0.0011085497815808,0,40.74512440537853
-4.405397096672157,0.0009376100423318,1,136.2734647712867
-6.794209546051516,-0.0049878200316094,1,-18.989527476224488
8.3470645448987,-0.0002365987838703,1,298.63713514693796
-1.791823119755378,0.0027830455204753,0,125.5893325025219
-1.3304112657707066,0.0019597481004248,1,86.4086657265114
3.802140449979987,-2.233254253544461e-05,1,61.026989318024
-7.546504029720906,-0.0047705178796624,1,-14.908708126311739
0.6331844377445215,0.0028243590844593,0,88.09992216422512
9.384476581016884,0.0042516574645199,1,0.42260970822783206
-3.4575910589360337,0.0007000156491537,0,28.565346138579223
-3.993605148747303,0.0013254577043141,1,149.1298748041413
7.715876341433638,0.00056309631253,0,26.72336050512933
4.034211028691237,-0.0006965948568707,1,107.06564688906278
-7.241197540208926,-0.0006072426972989,0,27.07931550253954
-0.7548236688475978,0.0015924270137854,0,37.23816517296559
-9.117285947258988,0.0006529486191133,0,134.3632533651809
-4.598741485799374,5.447456721466016e-05,1,81.53954358397391
1.7326945953348891,-0.0013314801438429,1,57.67406653056984
-1.2197168431254557,-0.001868224907401,0,13.304606992938558
7.896891646669061,-0.0016571376917282,0,176.40202857696835
-5.651629857361414,-0.0040274078110813,1,-14.959729865538783
3.743723023550153,0.0005439748201429,1,35.32081337951587
-2.7053926421619927,0.0014773397900592,0,54.37211264409141
7.510260165616575,0.0040493035557772,1,-2.0757023555988905
6.152859041868169,0.0031819049753798,1,3.4945091039177423
3.6467416922691847,-0.001761908470501,0,90.07646937512908
-0.7377531739191827,-0.0026810730438289,1,37.573771766267406
-4.372780850374401,-0.0004106774441703,1,48.68575849032464
8.121213594184415,0.0015848013805814,0,-1.3176462937584354
0.2404812492710348,-0.0023716982815303,1,55.15457747740247
-8.584195284690379,-0.0012472769687478,0,24.805348023275965
2.019987423760893,-0.000902538432237,1,47.86475892245363
0.561864436838027,0.0016895665308732,0,29.272014222251585
-5.667897851205614,0.0017932660854592,0,128.2131983538889
5.987852673929563,0.0025226363107732,0,14.247009006532735
0.7041952506669276,-0.000662401024754,1,11.780672952385636
-6.580291906646371,-0.0014509508528329,1,66.06962745408353
-4.81895773201392,-0.003652108806212,1,-12.369506195788217
3.865162909501503,0.0025234733221773,0,32.98606015038964
-8.729847992576774,0.002142028923992,0,247.5063871479906
-0.6575890928669548,0.0021544297863582,0,64.16129796458364
1.5947069794482776,-0.0011788742632084,1,47.041311375367805
-5.455015058495595,-0.0010329045963416,1,50.63481444551147
1.6948729789299204,0.0002759439906204,0,3.1350922062869175
-1.7722846603410858,-0.0004313112173892,1,1.2739671545667588
7.378347267116908,0.0014578549494651,1,95.00150437727098
6.24306702273924,0.0009095997970717,1,90.16009995059974
-4.405802671428405,0.0029964070377052,0,203.18031063839027
-2.692689154337007,-0.0015384251474933,1,-6.0727947964195845
-3.229515479841747,7.777203241783683e-05,0,7.294491073700213
0.1909909353218815,-0.000113290812096,1,0.23057456765711892
7.818338496803918,0.0005995374508201,1,182.586034469892
-0.5971471973675442,-0.0019392543474458,0,23.243833030964087
-9.871269812513011,-0.0029564062850007,0,-6.834124176136763
-9.46562558695666,-0.0041306138777912,1,38.619863740037715
4.079869308428323,-0.0010347173172205,0,59.18829328593545
-1.3181182110246414,0.0022403450495765,1,105.67083647729402
-0.0338487765530732,-0.0015508235659134,1,19.644064850673143
-6.680002493723201,0.0006850475292733,0,76.9121330359688
-3.7510798560903176,-0.0026094323514778,1,-9.663344042419137
-1.0115473527374856,-0.0027894251923178,0,44.3531880370015
-4.182779687751019,-0.0024742683802628,1,-9.096914439902076
7.905333281033901,0.001597676858815,0,-1.1349275934923364
-2.949536531500332,0.0002002485293768,1,38.70847498712995
2.5611852979613765,0.0002166245511433,0,6.7105067149302124
6.480889979576144,-0.0009453984232347,1,253.39929691374905
-0.4260910388872201,-0.0022732955840522,0,36.457199272036476
-9.315636211779925,-0.0015288712102224,0,26.979560025342323
9.081931279623682,-0.0010638819433354,0,148.299656670503
-2.830201851752692,-0.0010696699503028,1,-0.5202743292004626
-0.1435538670380935,-9.444237234613842e-05,1,-0.7150402793018201
-8.738589483442,-0.0004093680786196,0,62.39816063666882
-0.5917384729778714,-0.0028439437642552,1,47.84969869780363
-9.688994144783589,-8.270240800166905e-05,1,359.974008168533
8.084919066800296,-0.0004554980172188,0,85.09286713277947
2.639671580701375,-0.0012459693482739,1,84.6791863476821
-2.265306353844525,0.0017529455969434,1,107.17092900735628
3.824693855758577,-0.0007128465727888,0,41.42705320951238
-5.084954101983579,-0.0028557021059177,1,-8.702181067666356
3.5571788502691923,0.0020413353140751,0,19.099407018644477
4.655553494712565,-0.0015589242467387,1,200.96524899366187
6.9892650187438825,-0.0015794270105084,0,149.19218925194536
-2.943489770622323,-0.0002716325820195,1,20.398060557859324
-1.67574216379972,0.0023600304058315,0,91.96864059004338
-4.763320026293281,-0.0037990295872697,1,-11.533953021443912
9.103450561116984,0.0013672871081816,1,176.06722945238636
7.066864089699941,-0.0009434825569368,0,102.79453189593193
9.747564577126308,0.000290018721962,0,54.46021128544891
-2.4830290790202287,0.0007318745657999,0,20.442611595070723
-0.6368254950947296,0.0025422108893896,1,101.45453721057726
-8.172863971512053,-0.0021248055396969,0,-4.587523608392428
-0.4499855026242443,-0.0004676265467692,0,-0.8602488858377935
3.4411658866813983,0.0037435076910698,1,45.601176407519326
-6.71000032932219,-0.001918040227075,1,47.333064770660336
-4.211009525917251,-0.0009976246019389,1,20.71616662721331
8.565848697242899,-0.0018012453360427,0,205.92563450412737
3.0387983506997926,0.0024947756840219,0,39.80448666161818
6.216158341080789,-0.0026422627979529,0,221.47990018110517
3.4397464320393425,0.0040154123780258,1,59.88956085840563
7.353950879391764,0.0029911462190896,0,14.593884426835118
2.0760984440208823,0.0036197014212521,1,78.83980234919841
-1.9024950013275357,0.0021850773433204,1,125.47566510540915
-0.471049378056092,0.002245778119005,0,66.97651892182301
8.527288776499141,-0.0002423153368986,0,76.59263057279037
6.406167582524013,0.0011798823822938,0,5.414416826504573
-5.770828196432786,-0.0045517689218499,1,-15.18358359088913
-6.673496030433997,-0.0025869536762355,1,20.10897425417392
5.153897692794045,0.0003731650643161,1,84.2785472583559
3.815191553385249,-0.0006687063100296,1,96.5877444293703
-7.581488500758082,0.001807340858639,0,179.36256876864945
4.208857339127206,0.003157302353093,1,11.750884563539959
-7.789912207446028,-0.0007789525787005,1,164.45538057015256
7.573974362228814,0.0041947213326595,1,-2.789016384465729
-5.535942153127231,0.0009608607284529,1,196.14237720580567
5.114224274738891,0.0030416098412551,1,4.137821990764496
-0.4583071615623169,-7.116755024103429e-05,0,-1.2351012643236237
-0.063854435709711,-0.0022033047709142,1,39.44198664430448
9.932090626068518,-0.0014463148116188,0,201.90298610177814
5.363458339619484,0.0020854707935175,0,9.059461040047596
-5.281949916044075,-7.557385692090604e-05,0,20.557948367562904
0.1396905091745655,-0.0028072784113538,0,69.01414911572988
2.617657764874103,0.0016369146453581,0,14.267554707109452
6.381284933341831,-0.0027704560492261,0,238.64361751116073
4.455273733730012,0.0029271506004077,0,44.64218720863377
3.0739449893457014,0.0006808420802987,1,18.264278176878715
-9.887909290323734,-0.0011275632825809,1,259.5780509113023
6.721494840235515,0.0011473628169531,0,6.291438486368964
5.151175226166611,0.0037129140170844,1,11.930560424167796
-0.2187926284867192,0.000176728576224,0,0.12971136897125124
-4.08260250252958,0.0013690862069095,1,157.25899474080495
9.864683980168742,0.0044411390288288,1,-1.4951041361078907
2.5873884842766497,0.0023435789924594,1,12.870451508580253
-8.590849153542512,0.0026294538073341,0,294.09284302111865
-4.4398148918129365,-0.003470427792342,1,-10.884202011183103
-4.153133079924462,-0.0021209743824009,1,-5.753242868527644
3.910132881687328,0.0019972017844355,1,5.478840058764447
-6.823453852425157,4.3393465706736015e-05,0,46.91788823564285
-3.245078014329879,0.0025359196763658,0,134.06909764748994
-0.4965529334438923,0.0020365847263987,0,55.65656770307052
7.837279239010396,-0.0021563805005457,0,221.9098565586001
7.342152169085846,0.0010641080937033,1,121.85776844353364
-9.432135624087932,-0.002585902961033,0,-2.6579039526495762
-9.205287215467878,-0.0024130642578234,1,116.46415829053907
-7.179817730966319,0.0019020581483744,0,175.960583237968
1.3470423473991655,-0.002495405457268,0,80.78542563100007
-6.261667232465271,-0.0004743339706695,1,113.4436099055635
-5.858641754445825,-0.0011951639307838,0,-3.3080641630966183
-7.06057522071029,-0.0019395215106535,1,57.51086255121209
3.491662250046053,0.0028049697191697,1,12.583499377699674
-1.5763000984693143,-0.0008092461350323,1,-3.3946435258939616
-6.818105078352805,-0.0010709786831818,1,97.27649166728358
8.929954859626882,-0.0026510086116323,0,307.19757860550015
7.367175051325798,0.0019008108065593,1,66.66834557671393
9.4838496341357,0.0052054808389247,1,-14.738468240922995
-0.0316474375611548,0.002204293472143,1,59.53828466124263
-3.8515127856814697,0.0002453499083818,1,66.9386384474681
-3.8800833161428567,0.0017291391574789,1,179.91781883638245
-1.686651986591933,0.0024519915380904,0,98.56530936686318
-9.983643859155109,-0.0003779156693622,0,93.9717682833456
6.516495144544702,0.0017232689433577,0,1.1018067443145014
-9.37767973842146,0.0006941568046807,0,144.95071402543908
5.3689664123435765,0.0019307319165185,0,6.668366730657615
-6.46168638714628,0.0013692832209795,0,115.60289414684834
6.333441897128367,-0.0002600592980257,0,51.76201222050856
4.205759000700803,0.002674299089138,0,35.85741164061122
-2.8509554636907968,-0.0022950014394214,0,3.256365846530797
6.997802219641347,-0.0020351817387587,0,188.23174108671066
7.602732198447502,0.0051016375571109,1,7.065362762057807
0.7311735493934535,-0.0022481389441213,1,66.13247625762432
1.4511144180481956,-0.0022083089382775,1,90.96318478179904
2.923740806444645,-0.0020498644379832,1,146.89116173995674
-9.96014545902405,0.0019294254146083,0,271.3960915134621
-8.164545447204093,-0.0037335230634345,1,17.327160943305373
-4.364722240698442,0.0009687187703731,1,136.90859960037423
-7.795308587933876,-0.0007506624082197,0,30.20988446941864
6.481493120459373,0.0006549958088051,0,17.073280255748067
0.9389125856139522,0.0010880963878938,0,9.852582126997888
-4.651486052450036,-0.0030608179934146,1,-11.603719452537806
1.8885482858931208,-0.0024791927807059,0,92.2491473622589
9.169907862142075,-0.0013855168833272,0,179.53289554321836
6.239495047850625,0.001327999070659,1,65.33704126769163
-3.243125625938452,0.0011619505417432,1,103.31235592186206
6.5407193577355685,0.0008839827319707,1,102.85701105862273
0.7889752044526013,-0.0021301528574813,1,62.73639231581074
5.189320198428471,-0.0002408991372647,0,38.32957113277998
-7.842988033829624,-0.001595484917769,0,4.463972768418959
5.373085501196808,0.0022191218620065,1,13.162323173738315
0.9679992607338956,-0.0020974888177321,1,67.36739662589082
9.755129272944988,-0.0020523337595341,0,262.99251268534795
-4.6266731625861,0.0012038856533325,1,169.97279464439077
7.184955560109817,0.001224500616169,0,5.3578704385107345
3.314444746727279,-0.00148793770454,1,127.2691953348594
-9.171197896327968,-0.0015293059503087,1,178.96694260426446
-7.7648277545134,-0.0025164190534446,1,53.28154558728596
4.0332573454102345,-0.0010271327297131,0,58.111494821340365
-4.501247491164023,0.0015645192298733,1,197.49599923860174
-0.8097269108048888,0.0012126605367377,1,32.100828715389156
-6.918674215153051,0.002164671282629,0,191.8684929628913
-3.253540551525771,-0.0039660359830401,1,12.019011069821826
7.535715008406317,0.0045457040371425,1,-1.4008202810627608
1.030768287759793,-0.0027758443278266,0,88.00001045492345
1.548815442459226,0.0005831140066855,0,2.8684523892541027
-9.644204847692242,0.0011091922834984,0,185.2212607585562
-3.3115978185133743,-0.0024637546404746,1,-8.314988502314515
1.2385895625477144,-0.0002205274808216,1,10.811778418539904
3.383981514539084,0.0013366431048434,0,6.527707684770557
-7.874457075271901,-0.0041220345200586,1,0.7680594510081298
1.0882669778997496,-0.0023753585699472,0,69.27968977188394
1.570085527775282,0.0029282803980346,1,53.652670313722645
-6.024775899076622,-0.0020896039094408,1,22.23986896645974
0.8313709716336231,-0.0013401127490585,0,24.84322052562609
9.207851160528527,0.0030928549059708,1,47.94733808697688
-6.30521676923304,-0.0015542154145175,0,-6.972176250962994
-4.323280815571707,0.001552323735471,1,186.57662219670243
-4.4132007644955245,-0.0002452356594314,0,7.432495682578537
0.1614716310007296,-0.0024408792463341,1,55.504135805812254
4.721954521704468,0.0003487316127911,0,15.683132803739714
2.5772839608146807,0.0010806345827291,1,5.836681119602508
-1.60980079394659,0.0024056975404473,1,130.79596986875325
-4.4162087481217664,-0.0028559195001076,0,-4.651980340530622
0.2116088764697998,-0.0024471227781747,0,54.72545549583096
-6.365105268150635,-0.002233846066828,0,-14.875136533448087
2.359005954859392,0.0013071932863149,0,8.892906568348417
7.764808130535037,-0.0020065660208035,0,205.49242438958214
-3.317481973897771,0.0001554999382092,1,46.242037374012945
-8.253424980258039,0.0004283995960505,1,313.08857695103035
6.076915512259365,0.0004494024335484,0,21.031475388142653
-0.7672620591747723,0.000355004665773,0,2.5447893455516297
-3.5208855611595897,-0.0014825613992146,1,-1.368881557016449
0.5809657291112895,-0.0029496029301697,0,86.15636083317352
5.180299290242484,0.0022174258722231,1,11.194454266660513
1.293536852859802,0.0011010310955709,1,3.717784804393033
-4.66228305675174,-0.0009082694962054,1,34.287072441306584
7.953407670299974,-0.0015688191561709,0,169.80109033330865
-9.274166031284556,-0.0054343749325533,1,-5.861356733246107
-4.279759566946675,-0.0026439874413289,1,-9.980001747751116
-7.438426618449434,-4.051698862691038e-06,0,55.73355386558681
6.176098732617181,0.000734505883983,0,13.618626766593435
-3.34579841690773,-0.0004235802031854,1,23.032891419770824
-5.25380089144454,-0.0018432484977483,1,14.148562559190779
-3.946993857759957,-0.0032832448780112,1,-8.388741683149192
-1.8957442555241213,0.0009462844843299,0,22.75517246667913
-3.603238323625586,-0.000613314434485,1,21.61043043968311
-9.857099992988266,-0.0021328511269256,1,169.67577990742913
7.418743204845651,0.0025738157516293,0,3.4139141499350405
6.959061204786256,0.0007759227289887,0,15.656107964335447
-4.761685785001921,0.0014983174380641,0,88.57379443638726
0.4170903368623673,-0.0025171284059701,0,61.864904876616876
-3.0002109384226667,0.0010576289300335,1,86.92073964845628
-6.7155504644042345,-0.0007848205054526,0,14.275293878921062
3.337468877142633,0.0001520710317827,0,11.648328830449396
-4.958342230525079,-0.0023954315637881,0,-12.439998857899853
9.244024299203058,0.0015212654504604,0,-1.7414082193534601
8.808007131180414,0.0001312138144264,1,287.43189529313634
6.8212618624610215,0.0037273688216437,1,0.3944092784589408
2.286929467040199,0.0011424800329379,1,3.9387931874037188
-8.892653982102088,-0.0045919296158444,1,8.101225828310215
0.5968198952970187,-0.0006908514019258,1,10.744449413605347
-8.202686159022608,-0.0041559195573877,1,5.891961636253795
2.639270907177817,0.0003102895475333,1,20.59451752764012
6.608022922866816,-0.0026893306956045,0,237.9444080749196
0.8328437620869362,-0.002391773501104,1,76.61294960431027
-2.8162998922544524,0.0017836266003034,0,73.0519996129724
9.943066684216928,0.0010252329504814,0,15.91114462693196
-4.558641193439348,-0.0006319697601325,1,43.54477457029986
5.875205499460547,0.0017324732888893,1,36.6485109474125
-3.1120308094548843,-0.003196492291243,1,0.057311732289068495
-5.32731385612089,-0.0014912300439657,0,-9.873820743698895
3.360945732097772,-0.0015715288283325,0,74.02439998616529
-5.703959082001735,0.0017648565824394,0,126.8935294014764
9.293299676056204,0.0024236723102406,1,94.67182514943471
-3.7872692794915785,-0.0008251330133794,1,18.137876184392418
-7.388447460362231,0.0029390014969528,0,286.27363196570667
-3.8244507667030474,-0.0027070439751331,1,-9.85554609080218
-6.000194710310165,0.0005738107816661,0,58.183798725256985
-7.87419597991641,-0.0002724468458316,0,51.41364474810474
5.95202265621962,7.82924315344217e-05,0,33.04316644279608
-0.0579857877710381,0.0025451127354507,0,79.6459340530167
7.485227521772508,0.0043523838446442,1,-2.2260337730930337
2.9889337252784376,-0.0026410895648102,0,129.33047238406527
9.025281293968014,0.0015990569906762,0,-3.2183261587008967
9.001363618455294,0.0016969677303573,1,141.56197598276768
-5.08072866606891,0.0001486966356865,1,106.57132687674607
-3.2659836705071843,-0.0013304670125029,1,-1.0889897363326193
-9.564036872530668,-0.0005406555606268,0,74.61769901255056
-9.312681201170513,-0.0019701719455442,0,12.499741996925986
9.566294416484311,-0.001925172924871,0,243.93746269638146
3.706376425616668,0.0016271888967209,1,7.83713154409751
2.04715414934177,0.0019401751681957,1,10.295182162109588
-8.905413772687536,-0.0024204726347441,0,-4.257521566507281
-5.137617869178824,-0.0033447742460881,1,-12.524959175110325
-8.317289695098207,-0.0038180773852911,1,18.251991249367187
-1.9247259336445095,0.0012988164833874,1,65.37991002217035
-7.182729294209384,0.0002453121401002,1,222.2119275878685
4.007857572552286,0.0009097054435101,0,5.141476666609905
8.005887709808942,0.0015728948964167,0,-0.942988989287145
0.4915296504843311,0.000941445716753,1,6.065777889332603
6.619954710421826,0.0025543825096063,1,20.402507097899818
-2.0828587364937228,0.0010010342245014,0,26.331329180428074
5.061358308603856,0.0018829724670807,0,7.440921793616231
-4.787514377835098,-0.0044042202792046,1,-6.955921407633783
0.3062978826492823,0.0015638194456116,0,26.72467656107137
-2.634430750562551,0.0018725255242649,0,75.61548998192106
8.913135232012326,-0.0027668006425915,0,320.14843963580483
-9.092754531624877,-0.0047655360988774,1,7.526089751578933
7.816426967558048,0.0001278646532776,1,227.32460437339535
8.677840167368739,0.0004032234847181,1,249.61859941688616
-0.6791267898665492,-0.0017977703231183,0,18.284972599738968
-1.3490287150061526,0.0007134867213837,1,24.185441756283957
1.230497171269075,0.0014332639515545,1,8.390848806596628
3.8991918277226034,0.0021455656768247,0,19.719442678907985
8.963877289154311,0.0029544811407984,0,-4.5310826791684775
-6.238216915972076,-0.0044189871163679,1,-16.619363246035437
-8.34311058555431,0.000251453044461,0,88.47097351987068
2.528277498993269,0.0034044367507264,1,52.547354773797515
-7.759727847748994,-0.0020966321700284,0,-7.315554043031226
-8.374232840219067,-0.0041382024432707,1,9.865176798420926
-8.43224449443737,-0.0030533293213783,1,50.79116697323284
9.254613404653554,0.0057640244911938,1,-7.2432429335747806
3.958956540798253,-0.0027885835621705,0,166.63956584853392
-6.006691154757629,-0.0043809261877287,1,-16.221879805649472
-1.2304915052486294,0.0007879954667475,1,24.577841302370448
4.923078667312595,0.0027485206952619,1,4.252799408704238
9.86269753354862,-0.0001624923749697,0,86.51314448964169
-6.7663640594335135,-0.001960409928071,1,47.13080002925813
9.969053300422257,0.0012934565849461,0,4.909963218479401
1.487859505715024,0.0019647603640099,0,32.05353789760107
-1.2472576870806016,-0.0006263088830209,1,-2.7514651724706254
5.891580998076627,0.0029816341269285,0,30.693370389802798
9.862022987110976,0.0027259534716903,1,91.77937011418658
-7.775548090164692,-0.0045095923703153,1,-8.672267840019854
7.158467110265569,0.0023477211034769,0,1.8409618089127733
-3.478741481879199,0.0028883009916578,0,170.00167161327653
-6.666236623474373,-0.0045167441549921,1,-16.737087157535353
5.421177712747006,-0.001612584611261,0,117.63142812508073
-3.3504302156244776,0.0013551540060497,1,122.17315873076512
4.780549604361573,-0.0005421044434465,1,128.67810713635419
-3.4414576552900256,-0.0026848601600296,0,3.4085975961107127
-9.326367911912312,-0.0029675949387936,0,-12.137623668689969
4.784454083603347,-0.0014683830780064,0,95.25365519328196
-4.510337922663323,0.0028125293567478,0,187.7287327812642
0.2606096146354471,0.0023894401529683,0,65.78056127513125
-2.543230231958205,0.0015207479743942,0,54.456240254079106
-5.354773505569137,0.0011700115280709,1,206.38321257677208
-0.9819662843130956,0.0015371534817498,0,37.12869787242031
-1.1292203972394166,0.0004210689639654,0,4.599684382445183
9.139460306650664,0.0018044229349363,1,138.3399379913393
-9.256500230594744,-0.0014949754552487,0,27.17051466120332
2.887225775448861,0.0006500121695414,1,16.14987180290593
-1.185185455194535,-0.0020510596481004,1,9.913536785103616
8.138798926820371,-0.0023848380631231,0,253.63041883948353
2.776986334703544,0.0011942977880229,1,6.076880251662974
-3.733826812486784,0.0011779787958007,0,53.2379438142818
-7.658023058614738,-0.0011100923356591,1,132.19548731872084
-4.0367381569001,0.000604352888656,0,31.278956267794694
3.190590665480721,-0.0019845018472426,1,155.615183661173
-4.505575019101316,-0.00053688837646,0,1.3741769888852347
-1.6969657600787968,-0.0003272610255114,0,-3.3907389961024825
5.033405142084032,0.001848543088559,0,7.104707055836678
2.866732863965129,0.0029098384122284,1,24.19635430490636
-2.6665734719289507,5.6435291857260125e-05,0,3.776541628549265
5.441986412936492,-0.0019122961334495,0,139.62678226099996
-3.503483949320576,-0.001459806736182,0,-8.982004615410904
-1.5288466979624076,0.0020336977701502,1,98.799613087301
-1.6110269809595774,0.0006767648424294,1,27.960876218531588
6.441021727625,-0.0011878403663273,0,108.56019492218604
3.955536398173063,0.0003486633476722,0,11.476931823731281
8.344181110021122,0.0017894420874821,1,107.19131224806588
-4.828385798120256,0.0014893470831478,0,89.26089533156997
3.455068136789567,-0.0028524871358853,0,156.8316820290677
1.8846682582668883,0.0004137992526618,1,7.958836305896865
-2.226906336515899,0.0014940165817303,0,49.04790533319447
8.0800758921566,0.003171836938955,1,21.338527161386725
3.091416277813007,0.0003051407065048,0,7.993191624402408
9.915346805589746,-0.0026130869987635,0,334.0307315549711
3.3185850150680363,0.0012035444964366,0,5.500759147926845
-1.320091778599796,0.0027493104243167,0,114.30327564550137
-9.981857557092798,-0.0026741712403849,1,137.14264372700345
8.457244094933603,-0.0011969881428889,0,147.95104532097113
-9.604270872609757,-0.0012944641578203,1,225.17894452730707
-2.955610314635706,-0.0001442061260619,0,1.2259948118672024
-5.99361782117354,-0.003723294534196,1,-12.77688303754579
5.02629520492593,0.0033907748387606,1,7.5984057371204985
6.421166133694523,0.0005134867730932,0,21.046138904491304
2.415099004707333,-8.735548164787281e-05,0,10.222933623482666
-2.6313517157363187,0.000963161282055,1,68.4229171517267
-3.440395652390958,-0.0020680784213611,1,-8.006349331231185
1.3451765430328404,-0.0012859995017599,1,44.25888662788628
-9.717494324365855,-0.0020583704278623,0,15.848869909968077
-9.619048292196268,-0.0049576336078581,1,13.916714629469936
-3.941835160714911,-0.0013136110387319,0,-9.601988294974339
8.497818125844123,-0.0025657410988187,0,283.94370577656906
-2.114361405005867,0.0018319028170353,0,65.5117512173112
5.598211800693655,0.000574989776555,1,87.92455023361853
-5.834392833610886,0.0019640266468214,0,145.58346608884762
-6.800058791088812,-0.0011842565190234,1,89.48027827974013
5.750075547475186,0.0018211949703908,0,3.945753824018996
-1.74871202341202,-0.0006688975604362,1,-1.8689818532582045
-9.05028393538819,-0.0044058809558809,1,17.269909105253852
1.0619311692671474,-0.0022327912039586,1,77.26315108686771
5.435754422584996,0.0011686271080093,0,4.80073332572929
-4.013841462267873,0.0011367407830012,1,134.3614752001178
6.67672863480454,0.0006509824587229,0,18.12398006714086
5.0182819559477405,0.0007437276150597,1,59.72204017760899
0.2419850443469169,-0.0011138023058837,1,14.035370723493156
1.053628828361175,-0.0014844696306911,1,43.818015509918276
-3.2580646697772853,-0.0020053343004763,1,-7.853287379167435
6.1073900651757,-0.0018981456171498,0,154.41992001637797
9.07886527924806,0.0009699282712989,1,213.71171555966507
5.95657648959881,-0.0001020045930976,1,150.07723559074128
-7.63078589425316,-0.0002920384048765,1,197.69188915481212
-0.2824412113480719,-0.0024996633606283,1,44.09582977473775
9.976636710341996,0.0001690774126681,1,362.5339121017514
-5.938272194557648,-0.0005972430027362,0,11.34334906924018
-6.633529167909593,-0.0026560195404808,0,-17.544231963758836
2.8392077158667544,-0.0017473745366038,1,122.69624953556496
3.585680484216473,-0.001321439731328,0,65.24038494768703
-0.9645819144196786,0.0002122565679073,0,1.045081967827989
5.313309381627002,0.0045225172207787,1,34.95088195300247
1.0822227180538064,-0.0026892558002362,0,84.71006227710453
-6.750847592099303,-0.0027948138641234,0,-18.323400814023344
-9.16182303044624,-0.0006165944300275,1,261.95035873887815
4.670512570736987,0.0034335785694077,1,12.007169058502818
6.484463549423104,-0.0016645958822051,0,144.72993815952086
-0.8655799059411748,-0.0028720039143136,1,40.66785387091304
7.903054187362656,7.07193568516063e-05,1,238.09316565717322
-6.152267909045861,-0.0014710815900625,1,50.981751102423836
9.230350505981736,0.0014222884125694,0,0.9492162987766075
-1.1872667664748011,0.0013039027622199,0,29.60228216083204
1.6066963384728332,-0.0010275173134895,0,25.054296095809974
2.469696229816716,-0.0013333447729178,0,47.69582238342153
5.429585456075747,0.0016996269170148,0,4.220214622702611
8.918462032767355,-0.0002691852293084,0,83.12767684255459
-3.1060470520493637,-0.0034092767751567,1,3.6230034953564276
-1.261161028087967,0.0014061755397089,0,34.37502235027548
-2.978298066865543,-0.0038381058657427,1,15.05886561489994
8.578367287374189,-0.0025791431188421,0,287.93871149214345
-4.681148796778476,0.0013932318002656,1,190.628780065296
6.518063770843593,-0.0017758919610762,0,154.36999742428515
2.435880328463904,-0.0012906400346282,0,45.428681453549636
-4.561103262474151,0.0006545577483513,0,39.94620772542386
0.0519636718640654,-0.001573615795948,1,22.0526913689586
-5.607752748305719,-2.3971058484541945e-05,0,26.242632093867957
1.824437146537072,-0.0028896646617808,0,114.30931156158809
6.21875421285489,-0.0001405644382562,1,165.90639732919803
0.9041072594918996,-0.0005538382520916,1,12.590620175198515
-9.926540773641973,-0.0011466693486403,0,54.15960484818254
0.1085425079775639,0.0029496028763414,1,102.85326832564172
5.113495262034791,0.0013503030118252,0,3.9980109321307378
7.680638439058416,-0.0027630551643268,0,279.45615575273325
-7.053327244016625,-0.0048417451041501,1,-18.076725355568676
7.3140363826881725,-0.0001860534142395,0,59.06314659349396
1.3603973536105318,-7.619089830080245e-05,0,4.263823211174703
0.0461256867240997,-0.0017266137735055,1,26.386972527014795
-3.799072809597064,-0.0026668431689584,1,-9.792473433456054
-9.980281340213054,0.0010670501734023,0,193.15049427135298
9.50959738906683,0.0010540749478504,0,13.83662988441831
-7.619512002630639,-0.0018987276267251,0,-4.538812037453301
5.771372108539133,0.0009746276255014,1,70.42838451176385
-0.4036348267508849,0.0013584610773655,0,25.019784817376305
1.1029876264221468,0.0005789187229574,0,2.7838692358725066
-8.105555257432549,0.0002770812254589,1,285.35830587872584
-6.868526389064371,-0.0034999563436616,1,-1.042866015470676
7.526422186494738,-0.001928814255349,0,192.1166368443153
-4.955212630208004,-0.0022674447736083,1,-0.8511752344919806
-2.671093532684868,-0.0024831102726478,0,8.94480067124037
-0.0655082973368195,-0.0008474268553648,1,4.70981824793654
-0.4372522604584539,0.0015831810545505,0,33.808801827171294
4.366461197045846,0.0035078710466979,1,17.905362146429564
-8.396670828899264,-0.0016646444111379,1,128.2190293102232
8.310713074679256,0.0047699658079669,1,-6.524753545065363
7.649582717400179,-0.0024784473856226,0,248.79541491023082
9.404111427966171,0.0007702567828293,0,26.033733945667485
-9.274337673199442,-0.0020672333619502,0,9.110789317753174
-6.417604992086972,-0.0026566281589396,0,-17.284285366182637
1.7223719039182477,-0.0005562622880143,1,27.836011406683678
-5.208377004350826,-0.0029065092311892,0,-11.153102825465226
5.22198608207097,-0.0015888685089584,0,111.82585084989259
-7.761009185222925,-0.0032136635228858,1,24.807107130841693
-9.592518860837592,-0.0035040004343,1,70.97670593326711
-8.680091745255204,-0.0007341265059536,1,219.46337728047433
-5.318015416110398,-0.0015959652550803,0,-10.930282968590385
4.755667315485443,0.0027545994385803,0,33.586944246934344
-5.056212614442375,-0.0020893260295903,0,-13.24345523515872
0.6897499001876621,0.0030518389084155,1,88.66732922550418
1.8449568020196447,0.0023804536791407,1,24.29543121240346
2.176190553601975,0.0010761523093433,1,3.802456046857545
0.7345238717281806,-0.0015668045296094,0,30.598803072876642
4.483308853070929,-0.0009998161276051,1,147.86022157615506
-3.4217253834594974,-0.0002058965308157,0,2.1652804611788263
8.821360456577207,0.0015927888124801,1,142.58786505293259
2.64931564558168,-0.0025156631185745,0,112.64314791130352
-6.363951643457213,0.0009576284085301,0,86.47827071184253
5.225643022251553,0.0028412357243668,0,32.227061854732575
-1.0680787357330104,0.0006928946279242,0,9.939909463060367
-1.0205281804532529,0.0016831712572777,1,59.62671795325925
-5.89835660216016,-0.0015498502694906,0,-8.78721282572267
8.181124384936684,-0.0007077789172721,0,104.19819455710257
-5.410052562850134,0.002016305690243,0,139.6026827128701
4.604198281595622,0.002625855765898,1,4.443925583632143
7.464177652915652,0.0014934408469479,0,0.9210282306430315
-6.160486055716918,-4.978047109317284e-05,0,32.64196159947721
4.181895972105084,0.0028377284736075,0,43.459204499210344
5.892144027881985,-0.0006324293474059,0,65.36611967219434
-6.992278915240739,-0.0015269440445647,0,-1.903491215762
-8.772629976520507,-0.0045631064530046,1,6.385873693583517
9.664095888761192,0.0004494390048602,1,306.43423463448227
-4.504778226661291,0.0002662749839113,1,91.45915754097015
-9.532101691531818,0.0017082565229774,0,233.86836579858593
-9.299660755541868,-0.0017687959859751,0,18.58674366974725
-9.377601255967114,3.4071281758149885e-05,0,101.65017441632247
0.0361922309187647,0.0019371898173755,0,44.65410587120014
-0.5403268938399961,-0.0008556808465326,1,0.21858627470182956
-1.5924045652614789,-0.0001748600923913,1,4.08628590918155
9.948653912683096,-0.0025697901780785,0,329.7325857956644
-2.695808293140793,0.0020481119860923,0,87.75688558320039
-7.118549985696125,-0.002493800916192,0,-16.007562690731582
-8.997446611514873,-0.0011862438245844,1,197.8207942522
6.576248529541225,-0.0006276895734942,1,228.48353198120859
3.5503840817142933,-0.0008324162818622,1,96.00756258765315
-7.439475156513387,-0.0001337445235598,1,201.15609648483004
2.114748092391661,0.0014821774766141,1,4.216093800542592
3.865520622538085,0.0009463012685446,0,4.841143603105175
-2.3139374664164443,-0.0006689871259898,1,1.7554609824978162
-9.61195582758972,0.0009472816308862,0,171.23683692594878
4.644792144844001,0.0002053587477302,1,76.30865581529011
3.447004194631728,0.0015175435353559,1,7.262857728347956
-1.6073854625930029,-0.0012143710685018,1,-4.1158033081583945
3.2255077086911683,-0.001793674587049,1,143.87155171766958
-4.613803430839704,0.0023820827867301,0,151.19726858361093
-4.6129504691954,0.0003550976685951,0,28.323495907340543
5.21666084133631,0.0024242342358101,1,7.996512727992551
-9.462582980227678,-0.0014909405099723,0,30.931035951157085
1.6201951294648058,0.0022288594001383,1,23.13967147169887
0.0663270922679881,-0.0019350201256956,1,33.55888916774524
-7.639984063238643,0.0021250844344563,0,209.83714703727202
2.3736786662111946,-0.0024203006125938,0,100.26937231042857
-5.968641759157618,-0.0004200740764777,0,17.00754497341003
9.888450427012472,0.0044309964021063,1,-0.9795947918063889
-7.738191051769134,-0.003067450161843,1,29.487460246240094
-9.619855575421818,-0.0052391105407181,1,5.687290675133763
3.041948148136548,-7.534513547404232e-05,0,14.205460566269279
-9.824711017934504,-0.0012425821473029,0,47.81917569152359
1.011572638469996,-0.0007048170513306,0,11.103020015132211
5.493504598859085,0.0010935140393091,1,55.95347115805124
8.483016451201689,-0.0002481524784257,1,309.00687281312736
8.972107188108719,0.0033975826610092,1,27.146850788487864
9.015752475984527,0.0007556478039157,0,25.08519722977191
-5.8429377163806535,-0.0020037742996168,1,21.104884769074133
3.0835953234004325,0.0008307662709541,0,4.36393812513135
-4.177067882563463,0.002936582975111,0,191.4038727442712
-2.4327037261323987,0.0024275587716696,0,109.81956186138302
-1.0796494925685245,-0.0007187926195783,0,-2.198199793966305
-4.740324652524118,0.0009710412131186,1,155.11279367193032
-2.3794763030151334,-0.0002623422451943,0,-2.2505753805519944
-5.578468056840487,0.0005096936576566,1,157.47434597063508
0.4075805605128728,5.6088631258923215e-05,0,0.4196673917389079
0.7946972380540913,0.0023116120016048,1,43.13966722983805
4.531542936566417,-0.0006452149096792,1,124.81774215817876
-2.9313771298687863,-0.0030444633495578,1,0.3452676200580105
-6.812606252967592,0.000824822568925,1,259.29701474652694
-0.6133832058148805,0.0008277251954754,0,10.866013438266098
-5.492992455601793,-0.0019559188331306,0,-13.41007461521627
0.8936649455656536,0.0026090661462107,1,55.327247187573874
-8.457592962667794,-0.0042476992791986,1,8.53827485667696
-4.421613567762444,-0.0029718751103615,0,-3.1826458282598304
-2.8856286781748715,-0.0024929329411289,0,6.491464402680413
-2.110751778631288,-0.0015864512002836,1,-5.304644135615654
-4.122562687745754,-0.0033949371627935,1,-9.056376300976325
-5.297628876427931,-0.000382087835445,0,11.21690407876958
-3.0012053874443883,-0.0014518507788815,0,-7.115358672613792
-7.011765268378152,-0.0015246268673427,1,77.67788316509606
-1.937781701496187,-0.0034489642864657,1,29.934197581353388
7.980930455472677,0.0025333840219921,1,48.328457924194886
-8.40154904652444,-0.0024482972305741,0,-9.197811366149065
-3.142563292354927,-0.000472788135796,0,-3.2359090320125277
3.167100666266629,-0.0017070024884604,0,77.50811925442116
0.8653253162705337,0.0001686648122599,0,1.3435480106623443
0.5976344929210065,0.0023367148419782,0,58.60539798175418
7.304033491513366,0.0001976491776993,0,39.5698531314651
-1.0902091664862006,0.000724787703792,1,19.96940091129785
-9.57555158569084,-0.0041255014616261,1,42.29616893360705
-8.315090594043449,-0.0026799471035851,1,64.3845025709955
4.413509371622709,-0.0005596088413502,1,113.97763115937494
0.2706851794720393,-0.0008681835871662,0,7.936530377937972
-5.342785562726542,-0.0027517303887967,0,-13.038093947702626
0.8993686321702317,0.0014148575538966,0,17.886034057266844
2.413049947153347,0.0010588009400019,1,5.011645007317105
2.2146866646857117,-0.0001903292319832,0,10.691089554910183
-1.5612421503218137,-0.0004614918051385,1,-0.4572214030236844
7.913809031933127,-1.4145657307311635e-05,1,247.38978563042855
4.69016245035772,0.0026312603406851,0,29.342998502892208
-2.5588019550819663,0.0021818099148669,0,94.44511582006021
2.0574221469011604,0.0016618762709661,1,6.036813822804234
-1.1966680477199176,0.0006521816860137,0,9.628830181492543
3.108367234659875,-0.0012692505449179,1,104.44465439193539
6.798196326458324,0.0025823354634412,0,8.87861454053051
0.1298711102440783,-0.0003162587044751,1,0.9114168009962373
1.3589846569625248,-0.0022624604027808,0,69.49999119141853
-0.9227078933447608,0.0006311721087582,0,7.894889861210402
-1.9680227182160976,0.0017072164685518,1,92.47322787686755
6.52555880526868,-0.0005114105996964,1,214.67256404157868
8.139402476466916,0.0052862041224044,1,2.1110023256559733
6.395923985312258,-0.0016469341624781,0,141.36943544233512
0.5594271590108235,0.002777627947853,0,86.01485530871088
3.2801081211614846,5.476843910265426e-05,0,13.149880946723913
5.885780935563016,-0.0027806106657077,0,224.0573792449187
-8.026561520357902,-0.002915841534863,0,-18.360073816615614
5.193989472034858,0.0017890022498657,1,21.860125904696858
9.630273288103664,0.0005459078083874,0,38.642539359004545
-5.07638801436733,-0.0002744924823656,1,78.94681938687754
-2.660566732063014,-0.0010559203897262,1,-1.56671561486309
-0.4833178067549699,-0.0023306384263167,0,37.47978254512844
-9.402639552806756,-0.0041220391453549,1,37.01539056305651
2.5416377814106106,0.0012805826612298,0,7.943654678802224
5.013541903104549,-0.0012002858225398,0,83.41313466752939
8.302357982223544,0.0048971866845584,1,-5.782892921624832
-5.388850108669379,-0.0045600497039375,1,-12.248302867827315
-7.916586442978069,-0.003243737086687,1,27.761876726644196
0.073755989358597,-0.0011022735066765,1,11.017658331555806
8.936864044468521,-0.0013407795584162,0,170.43903453878397
-9.258835134002767,-0.0051525932404032,1,0.6134102475705849
9.431502395966994,0.0033995176793053,1,36.213448081477104
-1.919884298094983,0.0017030705771802,0,55.81282640690928
6.628225553581508,0.001536334116711,0,1.537906862740117
7.845079507473976,-0.0011866820472014,0,135.18808341506283
-0.4754964868286677,0.0011135798571223,0,17.655541966305908
6.769198605898918,-0.0029005872802112,0,263.93998375701455
8.555678997968812,0.0044567125538852,1,-6.4847013922999235
-1.1276768886461674,0.0012778434267546,1,42.14605292547782
3.5489896555919955,0.0023310488459425,0,28.481380625741345
7.796776587079972,0.0025501854031045,1,43.05930254578663
-7.194754843396716,-4.720965859032899e-05,0,49.2503673675802
-8.268563245568622,-0.0006153166110367,0,43.691430926394695
-5.578207138057747,-0.0023244302650191,1,6.526299454635029
-1.2486738448697636,-0.0004797184073702,0,-3.331765458677006
-3.9158850421261855,0.0014444762591043,0,70.46829690761473
-2.587023020266193,0.0027234995245946,0,136.18007541393422
-5.398959466816993,0.0001954405012627,0,31.92659114463457
-0.8786134749677803,0.0020536901023615,0,61.35672294236866
5.302469991287662,0.0004488015467545,1,85.0351526150323
1.706604228689086,-0.0022018776315765,0,73.71438078421625
1.858287414601476,-0.0023674951445434,0,85.50746410740396
5.642054558455044,0.0027248618400327,0,23.560513863469627
5.309126313155566,0.0045863561420581,1,37.88201900094308
5.579921864318402,0.004538950548392,1,29.40605499234528
-0.7446360490704222,-0.0023869240589762,1,27.745300051417566
1.2925156706821834,-0.0014431206937617,0,34.36040454578788
-8.291801254711226,-0.0016322965167068,1,125.44982814267851
-9.429922512906453,0.0007416592563418,0,149.97532767726463
-2.735396941212887,-1.9329168869032376e-06,0,2.9392015598278793
2.265766403243724,-0.0001501458830774,1,26.72439675008648
-6.264160103696888,0.0003907972321124,0,53.65050894351934
-4.063060270185906,-0.0019598283481713,1,-4.229893200891965
-3.661666904393936,0.0018241886281834,0,89.60462694838074
-8.327394164199116,-0.0013196021949737,1,149.93854436612204
9.780537526005538,-0.0021318885003838,0,272.7185152852155
-6.604648147432595,-0.0009984787996119,0,7.0514831095870685
-5.812852370591202,0.0010984230241521,1,225.97431665714652
8.126733284675918,-7.061292724501263e-06,1,259.60254415809896
-0.1089456234357868,-0.0011034024382963,1,8.296300217559823
9.108607557709496,5.23668163042379e-05,1,316.3349300083992
-8.092986350503331,-0.0011315228199278,0,21.2719589435517
7.478215041314094,-0.0007548610867869,1,298.0041149160969
-7.740952977696354,-0.0007884315978209,0,27.969754003635092
-3.9153284314773407,-0.0005923194986512,0,-2.526103626658222
-7.516429238253477,-0.000275048898259,0,44.769722001853
-2.214027810857841,-0.001563960603454,0,-1.5845427862533297
2.539156501812471,-0.0005857543498223,0,22.471503715167387
9.105758281823803,0.0036770063725921,1,17.29626551485931
5.0931621722337646,0.0020375257201167,0,9.726411333240568
9.635358728652058,0.0027233815075093,1,84.30486632396523
-5.180270400954554,0.0010525822144997,0,69.44395099198204
0.0087735286486445,-0.0015208985551604,1,19.713837879433573
0.7748872944209104,-0.0008432291907168,1,17.023910872170635
6.89214431280989,0.003841278591819,1,-0.06594993745614747
-6.566325851941343,-0.0030033193122271,1,5.7762029210608965
9.574820198156598,1.783067283296745e-05,0,70.6716510072998
-5.7328215968014495,-0.0033262775124201,1,-10.075961259637769
-4.817503049631087,-0.0010759194633885,1,31.355897568735543
-0.9546491877137376,0.0015044013640278,0,35.469370345422405
1.2973661422597154,-0.0007896021570309,0,15.475148458535262
-1.7107277896623927,-0.0010462548748124,0,-3.1981063435894472
-2.031512630029506,-0.0008162536649607,1,-2.1766857788562595
7.942009441658406,0.0033494611122773,1,13.225802383764144
-5.601935578629485,-0.0031044134200065,1,-8.21970215007363
2.2248979975253604,-0.0009197005917285,0,29.07613169693363
4.407978531509043,0.0019117254969722,0,11.055510170253903
1.8845868613762773,0.000246915132911,0,3.8511903117949746
-3.127508382674378,-2.2180964925854213e-05,1,33.55406672575078
-0.951668489133354,-0.0022330258603773,0,26.69248199458452
2.163554534813276,-0.0006081752642571,0,19.37114835371416
1.9264525278726907,-0.0023003569161859,0,83.44902816382094
3.5327165216759067,0.0033110810620201,1,25.8033153089036
-8.084263985052809,-0.0019717179380467,0,-2.072440269856939
-1.5598962611032068,0.0013762295323767,1,58.67852409849472
-3.857620982740992,-0.0013393136780354,1,5.12342583673477
-3.5426817060252347,-0.0030645414348358,1,-6.550476018273959
8.409663982482805,0.0018406264852184,0,-5.4335375745119805
-4.71997257314597,0.0004898373231584,0,35.00254049311429
-1.749592374805891,0.0013902410673629,0,38.69998492759351
2.3150015145111453,-0.001208901603821,1,71.0845903336396
4.943572397410843,0.0010493486104649,0,5.3575047602807375
-4.425586133714212,-0.0031431005803461,1,-11.47693412276278
9.92568685610376,0.0048037366160032,1,-10.813100990313359
0.0081377506104196,0.0009288690045601,1,10.245272319735864
4.092251324072237,0.0037652484619932,1,31.403411217341088
-2.930542396543931,-0.0021775071068426,0,0.5407989152841004
-2.520014005620814,-0.0003889544920539,1,10.042551396471353
4.057515863224541,0.0008422942415606,1,31.47713737695828
-0.3270992033751341,0.0021161256457216,0,57.84771161822959
1.9340571239398443,-0.0019717358948275,1,97.37801117574125
1.0303093263243746,-0.0003191163692784,1,9.816961427578155
5.589885313409177,0.002327673169898,1,13.147335958239717
-8.818722940520711,-0.0026965650164055,1,82.72727973008878
5.659229923655724,0.0002521906727763,0,24.5183626640489
-9.704404718667224,-0.0005265944370355,0,78.76096758186111
2.9914458828420507,0.000918457422645,0,4.387272474415036
-7.025122234674031,0.0009468123094121,0,100.1757832591448
-5.088371287888531,-0.0017976631251273,1,12.430190680064925
-9.38298046698206,-0.0034766226299617,1,64.39543560011194
-1.5358652430096082,-0.0026399237371294,0,29.783186157387256
9.024597821245198,-6.779310807630769e-05,1,324.81075538863746
7.559055122960157,1.2401605305310245e-05,0,51.00112115109088
6.115514142240038,0.0019772744374771,1,31.948827897230743
8.898680109094137,-0.0027754683918623,0,320.6895576080811
8.808852669715577,0.0026247895246316,0,-8.021611610500958
6.803563810762704,0.0011193158895299,0,6.922980237249758
-2.05563825141793,-0.0003140510204697,1,6.007139712930472
-2.665464141873035,-0.0034081755320647,1,11.735330649308365
-9.323325123010648,7.693569263156295e-05,0,102.77499911371382
-6.525691225598154,-0.0018173781465565,0,-9.87843470206732
-2.5108611083912,-0.0011491614974491,0,-6.217124279461432
2.259360548400464,-0.001958004094613,1,110.22742109027439
2.783140154685146,0.0004952355300052,1,18.243434535034535
-4.732843093014254,-0.0042718670987633,1,-7.68868571084385
8.084736718205626,-0.0004920820998438,0,87.55734576778477
6.9075245650382655,-0.0029897665347677,0,277.66209581859215
3.4938226617032804,0.0011908217724978,1,12.757431829241982
-7.344481443505528,0.0020237586653412,0,191.50718562530207
-0.5436553877704764,-0.0029220217793258,0,59.126430962905836
3.4440776636199217,-0.0001529111331595,1,56.44159203593876
-9.534716182353018,-0.0036309343429278,1,62.62737461786086
9.624453590087288,-0.0012849265105542,0,179.30886650129932
-2.528808725374545,-0.0006553826748303,1,4.082919867287873
-0.7030737106599325,0.002513394506026,0,87.08861094245208
-2.2071785082283712,0.0014910365356802,0,48.6575618529239
8.56644951259145,0.002909465103996,0,-1.0265226893778694
-5.322579574419477,-0.0039683564847872,1,-14.042432055969234
-7.49386071856496,-0.0007194798021879,1,153.75966711882228
-2.2359737491717717,-0.0014985215920874,0,-2.4537240994220606
2.252630060237122,-0.0012157220780332,1,69.28596228860022
-9.966312885940503,-0.001806894693838,0,28.552988836169174
4.561629013033901,0.0024988132647539,0,25.69994417121222
-1.032486961194806,-0.0017795533504765,1,7.064324893325002
-0.4453024434774875,-0.0023133301902517,0,37.525276196353715
-6.4505414506160985,-0.0043761101692352,1,-16.275338160052385
-8.90219433104382,0.0029659218615593,0,345.2690814235679
-6.976574602321621,-0.0019948937692214,1,52.106592861794596
-4.323138287858872,-0.0022317873503205,1,-6.034621840920105
-6.8717834533606,-0.0043732005773403,1,-14.71148802044985
-8.868843642912436,-0.0002832657187838,0,71.55635453783299
-3.071483701109532,-0.0010337770675543,0,-7.660757616218547
3.428947243773141,0.0001108319665434,1,44.51597149356099
6.886275561410944,0.0040741760029362,1,0.3343013594766283
7.436791247251808,-0.0019027382811924,0,187.4872345628878
-4.71134148787967,-0.0011002520490375,0,-6.9933880946902365
-5.2909025397388,-0.0044547562248852,1,-12.035577992189072
3.26476851737813,-0.001975063722262,0,94.44895815187604
8.75214896983234,0.0013623976374026,0,2.806854509399803
-4.313459759361487,0.000928534218033,1,131.32824806347932
-8.00791453358974,-0.0045264329566135,1,-5.951666331909668
8.254939615403252,0.0013056552724321,1,141.80637376180425
2.764438900345885,0.0020632653809533,0,25.407259397312124
-3.836183181998482,-0.0019122617637626,0,-8.905424297113022
5.5033182894734125,0.0040561897985171,1,15.064554668340296
9.81327102958238,-0.0021265332740647,0,273.00577364950107
7.843138683494438,0.002736278245412,1,35.242415786683154
-8.283448736801521,-0.0003963113350702,0,53.64486237097803
-4.734627789962138,-0.0005821753132288,0,1.835698188616309
-4.871077557811288,8.934686566258333e-05,0,21.63079403371325
-7.827129429534663,-0.001825401390932,0,-1.1924197078117567
-3.173549953371369,-0.0016407250178282,0,-6.974642884169121
6.924395517857917,0.0037733291127805,1,0.07595638803817362
-5.772479474174633,-0.0034003657138444,1,-10.673228380494038
-2.6208327945996786,-0.0036226421063129,1,17.83314278482073
-9.36913954787582,-0.0020641003899711,0,10.513246793490197
-1.6240087432924977,0.000564329502091,0,9.755871692458802
4.257280229039768,0.0021084373417914,1,6.086732285755014
-2.8548160182368454,-0.0026727219146161,0,10.595738950934258
1.784194762807779,0.0026937180377704,0,64.08954618240156
-4.504914094174293,-0.0012543541348756,0,-9.07712741126757
-8.278795015404526,-0.0015760288256599,1,128.75112134042445
2.986625602661446,-0.0005041286920283,1,58.94676734653098
-7.567964479690381,-0.0017319952900922,0,-1.4643152884131754
-3.641843496185073,0.0006526854289676,0,28.729727599396814
-4.77224877030517,0.0027152975405753,0,185.0666696116311
2.6685340597308738,-0.0001264081897644,0,12.618977819927782
-2.791087725159876,-0.0007229401782229,0,-6.05391644902623
-6.503613186839285,-0.0016689906456193,1,52.53258504548122
-7.047390166561211,-0.0010555888676996,1,108.01171543321817
-2.2085259484763604,0.0012057931324755,1,68.96748967451327
7.851549074587226,-0.0004376185749913,0,80.76862804376589
1.1133614714174591,-0.0005289055875126,1,15.395089360383304
8.966459439067687,0.0003413284891428,0,45.53958790736003
4.339354032926284,-0.0002347142584144,0,29.50150492928223
1.6222662606191385,-0.0018424832285487,1,78.33815803719523
6.51807106401192,0.0027443259317226,1,13.583883984139025
9.152210149203071,0.0022102583663581,1,105.73845823524104
-0.8111053561596222,-0.0001964324366357,1,-0.7664877222383282
2.930010605303448,0.0031665252397847,1,32.19671736253334
-0.0797505225813477,-0.0002091469345089,0,-0.49729149588066096
1.828121402465225,0.0007611279071454,0,3.7859521400349374
4.417162641466293,0.0007870193931154,1,41.680693616777575
-9.479364945545225,-0.0015375238813036,1,196.10175311683952
-5.963329400128156,-0.0025679286753799,0,-16.092088524331583
-4.061554152477473,0.0011972719532804,0,59.05619783351297
7.15244719739411,0.0050964067485302,1,15.53258816985826
-9.641262562232868,0.0011060648539517,0,184.86827269122873
-3.76816398616,-0.0007641215837836,1,19.766371507104598
-7.396441060420931,-0.0040607962979784,1,-5.134677033817102
1.883344810102628,0.0022661063960318,0,41.0444062415822
6.503335359723387,0.001801471330037,1,48.26494054856668
6.979893863011959,0.0017317726926551,0,-0.21081036248344193
-4.966303138529957,-0.0014308975312743,0,-9.99286350491258
-4.359275681826635,-0.0014913315092382,1,8.604456809199059
5.687789739294278,0.0017940579555236,0,3.9793069021212037
5.641676247200596,0.0003349778578044,1,104.84046495969349
-5.380425916398637,0.0009468933577969,0,67.08159037028216
2.210172845837228,0.0027032327419368,0,59.37141870991194
6.067709608476058,0.0003712453208785,1,119.6289676466468
-6.188989847254083,0.0020240623675592,0,159.48805548103027
-6.049755073147325,-0.0040410393304617,1,-14.983307875720442
-4.477858060533948,-0.0010242957782212,1,25.429122767286803
5.061330719914599,0.0021987329581464,1,10.42133661084801
1.563000327657992,0.0029715629309731,0,84.47203758370895
6.078554806182122,-0.0012126410708998,0,103.49576304723806
5.142030948901153,0.0028981947653227,0,35.540701109840064
-6.004610550407444,-0.0008968297938107,0,4.092666480863677
4.197846522776947,0.0023239781311756,0,22.90497853620051
-9.11647278409719,-0.0051037137533598,1,-0.8440922530946073
1.3281131230144751,0.0030372696079714,1,66.67222022243814
6.701868266120137,0.0030662340817654,1,7.998124923360665
3.837870259527241,0.0026817920090897,0,39.9801118266897
2.8842457829098667,0.0004472153451575,0,5.680207952527208
1.3924942586126845,0.001301592686983,1,5.347078068033033
-4.518610747508389,0.001592554717132,0,90.08070538559161
-7.330880273538851,0.0006894800835169,0,91.04125066976681
-1.1206083854397375,0.0011797192244526,0,24.473366892001067
-5.688803037180332,0.0028282507359379,0,220.95836998921212
-8.284896225435268,-0.0029574200286413,1,50.24123759862253
3.3594927708173365,0.0001161423095789,0,12.450216908170562
-6.330078030427195,-0.0025516445120136,1,13.878107701417358
4.474395299714065,0.0020941902468011,1,7.431304871996036
-9.40090835843561,0.0001733272805736,1,368.89084984291344
1.326600718655481,0.0007099184470891,0,3.667277066469569
5.9957917293811285,-0.0023267634667828,0,186.9987609931682
2.594833506031689,-0.0016947887361832,0,66.10796306167106
-9.812087336941117,0.002078851084918,0,280.9788503100292
6.542870054242901,0.0027156456479278,0,14.618150401737918
3.0111134533546053,0.0005752879890898,0,5.114339044849829
3.818796626346773,0.0009046418034295,1,24.782050389050813
8.55895958904619,-0.0002669783043304,1,316.3002261716166
8.006679596753482,0.0020662948768522,0,-4.9910112026731746
-4.05492864769556,0.0004456322299501,0,25.425817972257455
-6.666924626626871,-0.0013740125576716,0,-1.253345359661563
-2.0970356428830144,0.0002095156970783,0,4.295336584879884
-8.724449198092543,-0.0009982390669031,0,36.37791284738671
5.182839098406136,0.0005376511456977,0,13.815715657032944
-5.092493225349166,-0.002991552462993,0,-9.49968146743314
-8.75154844297068,-0.0046028687448473,1,4.894918745039287
-2.546327442581891,-0.0027168089343909,0,15.963210848874468
7.692740160742254,0.002615705048014,0,1.8093096043071877
5.460214425159752,0.0011878016095425,1,50.52607629275217
0.8656755713907334,-0.0018519612158179,1,53.10340991318882
-5.965723115712677,0.0017232610946105,0,129.85342460725101
8.350746254481404,0.0006077606373861,0,28.40433821982237
4.77132061425378,0.0013778917023719,0,4.381738726881348
-9.428575315513925,-5.959901742768936e-05,0,97.47526174724135
3.3297134496225294,0.0021245658381739,0,23.188263637333172
7.871769618841672,0.0015066157201891,0,0.28336409711884336
-3.279300750771297,-0.0039210643441558,1,10.486697106679918
9.265511014756854,0.0022134137549935,1,109.77627472863324
0.1414628023366084,7.871198879557969e-05,1,-0.10032592746655966
8.978902249867694,-0.0013050227964029,0,168.00858368457736
4.845924600686203,0.004207016210465,1,32.60056392852948
1.216249298163827,0.0004494738441959,1,2.5410606055301135
2.3315128516094337,-0.0021492062047346,1,125.26907119521894
0.3486386084756532,0.0029264499820151,0,99.69712633259371
-7.526808180411111,-0.0049103025061265,1,-16.70740167024143
-3.665733188874072,-0.0033844989971877,1,-4.6628345803848
-0.607071527953968,0.0016254979291747,0,37.19866843908719
0.2086558264089983,0.0008781524935795,0,8.440899440177574
8.570729506169481,-0.0008192667154525,0,118.93009245887808
9.279744635207464,0.0039581548467159,1,8.905839843342664
-2.4905782668753096,-0.0017434633422101,1,-6.4103190315799985
-4.579694405982262,0.0009372757112083,1,144.4428352138733
-8.726647050394687,0.0003167217060383,1,334.61498177916894
-7.379471527832726,0.0001402060893182,0,61.676750305453794
3.618735517812482,-0.0001966770256309,0,21.71136393759622
-5.225252234121591,-0.0016499069777301,1,19.70267665261205
-5.745580967804456,0.0006375385492375,1,177.39725606141639
-3.702594333262674,-0.0015499921605997,1,-0.8553441394154733
-9.759386664695278,0.0004784927604953,0,141.245079472748
6.407393185258247,0.0022706961197264,1,26.533864790313373
-9.780463280784604,0.0026604988310573,0,344.18328632376875
-3.989862257180645,-0.0015008431770717,1,3.221751529019892
7.963357209589699,-0.0003371848098906,1,284.620013293938
2.721230363317792,0.0014633253492413,0,10.275166952703044
1.854036077111525,-0.000786550009595,0,20.968112805942674
-0.4505533278010176,0.0027660342521329,0,100.80900106592654
2.735876345506673,-0.0001784048280941,1,38.32487096376609
-9.759688726862944,-0.0046677210036383,1,27.23634881887968
-5.880361960483347,-0.0024528013765293,1,8.256641186372796
3.2832764206631087,-0.0029324213442462,0,157.6479433722373
-7.169477428143956,0.0008177438385376,1,282.2004184194602
-9.716373478947007,-0.0050154977716968,1,14.50807202758381
-5.16757511455369,0.0026810223947243,0,192.0227790910449
-6.20124721676925,-0.0013065429669619,1,60.70024496171817
0.9104737205419048,-0.0013512017886288,0,26.185403909856966
8.948462096901803,2.6553678208051396e-05,1,308.5970541238664
7.05885753412716,0.0005797595961334,0,22.411995281278582
3.3122660465450977,-0.0001517809884545,1,52.55781282404819
7.754345594065057,-0.0017573011681884,0,182.0848209684064
4.41935985103931,-0.0004343827097168,0,37.5820421875344
9.386156037150172,-0.0013282817647684,0,178.5953530300198
2.805663978047757,0.0002047204946537,0,7.985222433406404
8.531028085906836,0.0012643360095934,1,157.94264161522128
-2.184588049539511,-0.0006877701305285,0,-5.421378857515459
-8.988936311507443,0.0027317574061369,0,320.8032989726639
8.424982977928046,-0.0013568779266539,0,161.22746817477451
-8.551795668789943,0.0017096473603587,0,200.62100318922066
-7.585293070558674,-0.0042345549900232,1,-5.987906380044121
9.545829306587796,0.0051519893733718,1,-14.926012434242892
-0.3098750625674036,0.000534468213203,0,4.099385373227369
0.1913397391853895,0.0004437842395241,1,1.6274171591728654
-9.735457776425386,0.001680178458452,0,238.59103581985437
2.890440809891647,9.416323772390362e-05,0,10.066846740850458
-9.07719308320786,-0.0001267351114366,1,308.70253760279024
4.987202306886244,0.0031855383198196,1,5.546484441996008
-1.9027622162936009,-0.0020177516296582,1,-0.6659980935300127
-1.5911199124534452,0.0014492307760711,1,63.64816499412799
-7.7597124177273695,-0.0021911236594982,1,69.17383715852586
-9.89683082174128,-0.0053660657598871,1,8.253609784059863
-4.844255079475257,0.0023371260353679,0,152.76994231655908
-8.022397803289305,-0.0050804701636216,1,-15.214514308449562
-9.945909477848502,-0.0017498050807239,1,205.98725238216687
6.176150111598766,0.0004812562021569,0,20.637835021998193
-1.5514494785245605,0.0018895791536155,1,89.62818504331113
6.158317223215054,0.0023088671839044,0,8.124231923234161
8.479452266281246,-0.0007450195012341,0,111.68607974233865
1.558378544699071,-0.0025146723774159,1,112.79031091213182
-5.037466275513298,-0.0038958711062486,1,-12.853572701242477
8.829733376946422,0.0006486987992454,0,29.090694539533878
-8.016973422739229,0.0001805461569474,1,268.75906274529757
2.0025801042168787,0.0005294509948162,1,7.510486754937093
2.42962072397912,-0.0013490432931249,1,82.420524660968
1.1559880717449251,-0.0022306862432177,0,63.90294005624633
0.422644680312743,-0.000783577286979,0,7.718106768541784
3.674435646956969,-0.0024315338492578,0,133.0792675033634
-7.1126500180498216,-0.0033692443615388,1,6.0117455335389645
1.2320894435179817,-0.0015268682712967,1,50.700601347141806
-7.286351461892524,-0.0004068660031776,1,168.46984332970524
8.5371786537188,-0.0025451342830842,0,282.8827363177117
4.933086255092867,-0.0006664775910203,1,144.66560090861591
8.868810416589575,0.0017737952157694,1,129.39551546400241
-1.722014540998719,-0.0016199151119879,1,-2.853370870123018
6.495055442436424,0.0030133262440495,1,7.439642091467161
0.4484399637992187,-0.0021081135888318,0,45.45156677331479
-2.038213109054668,-0.0008576751468671,1,-2.578836838206826
-2.4315555645631566,-0.0027673965610613,0,18.96841216648801
-2.1276246679221344,-0.0003146378645991,0,-3.1524031853218584
6.696583220356921,-0.0003138794121453,0,58.77543674141136
3.564354552626501,0.0004368985787345,0,8.290331312114935
9.585182745581909,-4.434372521666554e-05,1,361.379572385333
-4.359934767955471,-0.0003349779354917,1,52.01272447005531
7.375683732834815,-0.0011955367924153,0,126.83748458342606
6.960162949452826,0.0006515495099594,0,19.487317247644803
5.937976633971802,0.0030842779841512,1,3.814961508327195
7.611241219613774,0.0014377573551025,1,105.0390320630365
-6.9685367515981245,0.0001251429125739,0,53.24322535535362
1.5918760795384657,0.0019762532445921,0,31.6176935682695
4.458392693037981,1.9570985483909555e-05,0,22.53934751183763
-6.288646137429415,-0.0024969910144174,1,14.692882939107822
-0.9122418779656912,-0.0016203936331753,0,11.304387687404068
9.799698916893028,0.0006499149086255,1,291.576948143678
5.835529363986449,-0.001852424804072,0,144.37812997614182
8.599551974907062,0.0016743734347137,0,-3.7440103763104498
-7.6489415270489,-0.0019612388181836,0,-5.550869672949697
-0.2848345256198747,-0.0029626851722513,1,62.80846637862489
0.3268937275465013,-0.002582076444416,1,67.29569010504125
-0.2497051467170603,-0.0027224509845815,1,53.856143494295395
2.762779083127544,0.0025162571178508,0,43.59585968069182
-6.422789526630903,0.0002307964442617,1,177.28635599225464
-1.5857275426579314,0.0012886948064247,1,54.76496606815698
0.521655373921611,-0.0005425716137003,0,4.84311739647748
-9.91238937339392,2.668969318117188e-05,0,115.94275457838205
-5.422886766979689,-0.0023034086355541,0,-14.363302164509511
2.256724951859715,-0.0021800685606064,0,84.21123521499322
-7.914453680934552,0.0029764328492665,0,309.13888932365234
8.18963770421735,-0.0004260827873722,1,309.42583633883083
3.434465951546242,-0.001853449733397,1,158.51395486058698
5.281951593716416,0.0010104203729678,1,54.13956795811265
1.9131963154974048,-0.0012166147805577,1,58.2086476582533
0.4081665951291668,-0.0015943653566206,0,26.935601283399052
8.787578617349535,0.0006818700324482,1,226.90636249616438
-9.68378506683236,-0.0025710879629079,0,0.6327404767097757
3.637823933993881,0.0032920295818156,1,23.30839729034107
6.226120342325345,-0.0009082394878922,1,234.29180841888405
-8.928371053256264,-0.0041115833472864,1,23.886233423023132
-9.29477701523956,0.0010178012238918,0,166.61642007351426
8.398954825586213,0.0023550746755294,0,-6.804927498928066
-2.7475608398471536,0.001686566753994,1,122.1086144284962
8.809968211299992,0.0006038957258185,0,31.08306150728584
-7.567587621178953,-0.0017456096033792,0,-1.7649600679763329
0.5898975116826772,-0.0014330569034166,0,24.501715798315125
-4.383371443161783,-0.0007512774701203,0,-3.180518111173714
3.0371915970936705,0.0007520500316147,1,16.009835484580364
-8.574173299459261,-0.0052993373318288,1,-13.054914866116484
1.109483298828387,0.0003673946722519,1,2.4351571390511313
9.979615744407432,0.0034509659733102,1,45.85321255758509
4.120599879535389,0.0007221839894979,1,37.23812818440481
7.57999622352083,0.0019516396121673,0,-2.8666930024150585
-5.848575251013484,-0.0042537529095515,1,-15.697003826813553
0.9334795754317468,0.0007692308753824,0,4.756432838323252
8.635664427904217,-0.0018602280916824,0,213.4957586130945
-0.8814219414310909,-0.0027950070623186,0,47.09996537004749
5.491576685846219,-0.0007068083736601,1,175.499254705511
0.6548651493232409,-0.002517928235602,0,66.854602527861
-0.4644781983670736,0.0028070362677854,1,114.67731825336944
3.8435910313196064,0.0011661701518785,1,17.988467795540508
-8.56544098295225,-0.0017547292036824,0,8.656297841464536
-4.19190161108128,-0.0010252557536963,0,-7.383742851089293
5.663994086707817,-0.0007388298435652,0,67.85991991949564
-2.3464610924857414,-0.002953319601782,0,25.436405014684237
1.1167045958445063,0.001266196807407,1,6.56883964394258
1.5768448591294175,0.0008848240323515,0,5.059366331830059
-9.873375347469164,-0.0018167176377679,1,195.9616493964727
-2.983752287073427,-0.0015057884722207,1,-5.072400993471102
4.285305956594652,-0.0002785877190203,0,30.467281505468197
-0.2281041784631234,-0.0015580088069857,1,16.017222059327064
-9.898313105795204,-0.0018116190135767,1,197.87477019142332
7.952462430402424,-0.0026398083636055,0,274.96028177365
-0.9648227965070948,-0.0006384957735181,1,-2.6304284827030147
-8.304521494975086,-0.0028795957604629,0,-16.894534205445023
0.208555768180787,0.0017167349014585,1,30.882487135443593
-1.5188660249165764,1.6201203113243062e-05,1,7.134174088215017
1.7324875337345205,-0.0008703229871621,0,21.964936243581068
-7.1292629833103405,-0.0021114772792321,1,51.52170230557401
5.849428825879841,0.0002277509972711,0,26.739439570886567
5.775727130943629,-0.0007345169810685,0,69.26103528728183
5.912242328346846,0.0014932025158314,1,47.94515461498935
0.9530974091307716,-1.7124475938368964e-05,0,2.159205647184958
0.1341362122409606,1.5310181358231832e-05,1,-0.15629208746268866
-6.011842713404745,-0.0006472966944582,1,91.50319819587256
5.847399253354826,0.0046741540392628,1,28.69073053388667
9.58293589398196,-0.0014917142040151,0,198.88261615831954
5.139674858911157,0.0016863557504661,0,5.0320716066018205
2.255751698250656,0.0023078716408077,1,16.01465914551417
9.140825658683582,0.003964720134184,1,7.113213039130908
6.47726128143378,0.0009466424274969,0,9.746873373478158
-5.789789775494675,0.0005042751020738,0,51.218360521666796
4.220381828888639,-0.0011451773657259,0,66.90898783739314
6.590328850326504,-0.0007155375882027,0,80.27867594261443
1.2217598454666518,0.0028022102065211,0,78.16149719589072
6.127176830016619,-0.0017820281463721,0,145.75069220182988
-3.892981228160915,-0.0013179931049842,1,6.097537771551033
-8.233632398717578,-0.0004378986095317,1,219.98084042147676
8.034309451041022,-0.0002258825503476,0,69.69622135804659
2.489176270417241,-0.0023259930117605,0,97.50875007143543
-6.026797792412522,0.000494439513829,0,54.674048506311614
7.253846238894585,0.0044328945166037,1,0.1519915965824029
-6.311755679162811,-0.0039115359237914,1,-13.023464412237143
-5.496895453375621,-0.0023946628047555,1,3.558789518882562
3.118418280051049,0.0028609336572441,1,18.72212516916174
-4.046000176336739,-0.0026134757745127,1,-10.028706449851033
3.72750017378084,0.0017596445204308,1,6.518752617197302
7.733819085188887,0.000622969835237,0,24.460533544093966
-4.6921554380307295,0.0015941664958416,0,93.4730507383901
-6.908020223521822,0.0015235692341936,0,137.81057669518768
-5.762752004372054,-0.0002285630237612,1,109.0263275506282
1.9626765606767995,0.001896880582614,1,10.273743029557833
3.629925855462073,0.0018015133898739,0,12.811092569508842
-2.9624354610655645,0.0024030283009888,0,117.87842321204838
4.611634333381957,-0.0003995108364025,0,38.37676379587374
-6.67533324914934,-0.0046369183020531,1,-17.457252765524352
-9.722443006819708,0.0005742300291154,0,146.86595189664544
3.8105699563632616,0.0003237283351749,0,11.17673071723135
8.6596411581526,0.00129147919207,0,4.728714844171629
-4.260155068179776,-0.0038584149272879,1,-6.412844952548435
-5.587409736042672,-0.004656410247425,1,-13.435605718443231
9.175388927351351,0.0007310896300664,1,244.12564723484473
-3.003177363413645,-0.0029460295969804,0,14.71748725629313
-2.1130221455544334,9.985647987020268e-05,1,17.558379831922952
-2.427603400867726,-0.0029349976346207,0,23.55282198603779
4.017153112988973,-0.0010433418486038,0,58.638819158023324
1.9431165770942869,-0.001838687186666,0,60.94127781518185
0.7365936761638352,0.0008753008618148,1,3.724388157400293
3.5550647010484564,-0.0019463061518317,0,99.01990671828082
2.6018531981350144,-0.0005758807038531,1,50.73540783530985
1.43832698314883,0.0016166820877528,1,9.883255517807179
-0.3644640380774753,0.0001559438085005,0,-0.01658666046899654
1.967919417966046,0.0014414462449899,0,12.970142965764662
4.767988910816705,0.001526004894202,0,4.958714553257026
4.457050255913584,0.000383051809684,1,61.01226653185194
-4.112809399875122,-0.0015653604593703,1,3.3608576858736376
-1.137227704960008,-0.001606004993415,0,8.61076960640361
-2.304657203734517,-0.0003058511737542,0,-2.863796117328414
-0.8395376353576527,-0.0006359407894361,0,-1.6075611786452821
-5.08781509978272,0.0011325532204349,0,72.35436580215435
0.875234939830424,-0.000219705778181,1,6.32874619813865
-4.893314221994817,0.0028798276117215,0,204.2640958287209
0.3982635498968569,-0.000162157450304,0,0.8986164014897582
3.3812099201678407,0.0007721837416876,0,4.861604605681663
-5.533498194585793,-0.0028191323883904,1,-4.507024415559875
6.72907902879129,0.0045863037644573,1,9.13032953222842
8.663279823762192,0.0029253602406873,0,-1.7542786159176884
-7.785524513987195,-0.0019243833760927,0,-3.703774931693262
0.6955717804903134,-0.0004186675000445,0,4.382564213672554
-0.6661043738351164,-0.0009740762420877,1,0.2381547363344192
-9.457462947613331,-0.0043613195361632,1,29.626318131226714
2.083671405701983,0.0029626923451089,1,42.286787382538584
8.365152427935445,0.0003810999095547,1,233.51458483085648
-6.7109959094661935,0.002498904794462,0,217.61866369634444
0.0379746606009945,0.0027154283032727,0,89.56002565451553
-0.1166766720906729,0.0021261524944924,1,57.71168993257201
8.706833043561563,0.0028520409957708,1,49.11896152824481
2.9956677256267934,0.0022081644397983,1,7.133761335041487
2.759156114639012,-0.0025041622158063,0,114.66015289575569
-2.532949600619898,-0.0001609843958353,0,-0.5239549081199513
0.8411278324524236,0.0003843947538197,0,1.6687713702916125
-7.562698085327526,0.0026761701574084,0,263.0203589596974
7.590448349792748,-0.0015440948046171,0,159.55551395096134
-3.913860442257027,0.0012192917080433,0,57.99415441288231
-4.93694668074391,0.0013813845840596,0,84.48587226206561
5.700980474828556,0.0002312048971581,0,25.51478037504936
-4.045580144628835,0.0011691190952345,0,57.33393335472269
-2.5839773972334834,-0.0024079585789042,1,-3.4710539491308494
1.1875147625466376,0.002761534117808,1,55.32038890705777
-2.6592789431851145,0.0026182735277707,0,128.95863588133042
-6.203170386456458,-0.0002603994141219,0,25.273013168729186
-5.007617800189898,0.0022028942561484,0,145.34281427155412
-2.531376636439486,0.0021580235068061,1,151.74810157406986
0.8612240487103335,-0.0020652448486943,0,51.08858419111577
6.208493174845081,7.82785525733715e-05,0,35.2887745639311
5.091097960946609,0.0012600549674061,1,38.351027525725215
-1.3288197180689725,0.0010144268564474,1,35.33031945881845
2.195787703124367,-0.0025208757317521,0,101.87012324004132
6.04559609329835,-0.0026809559587081,0,219.85398530700166
-0.3453666526855734,-0.0017900229200411,1,19.61670840694023
9.482893332497916,0.0001598593564628,0,60.48881346809427
-5.241498377378604,-0.0025514003175205,0,-13.30875970528822
1.785378646170825,0.0020144969100616,1,14.713368862598827
9.16404810061357,0.0001313177955728,1,310.78442316118793
-9.429170881576724,0.0025287819719296,0,314.76947132491307
-9.549851432946808,0.0006319548351349,0,145.70264339866895
-3.358149069047272,0.0015276568860109,0,66.45175918500303
0.062455078831773,0.000731545386873,0,6.248539896127407
-4.422026247195834,-0.0003250708391615,1,54.368150155822214
-1.2842184223547264,0.001236244956497,0,27.902362564642438
2.774317052491986,0.001944316452438,1,5.547917174060925
4.530173652340331,0.0022022080910639,1,6.55158910163999
-4.496593591994413,0.0022345061331176,0,136.2913134044206
-8.038190872667277,-0.0028296972250179,0,-17.257045109238383
-1.858242776359152,0.0024322589662,1,144.2603510104438
-4.189447867758656,-0.0014596994880096,1,6.853368265687509
8.899433983213754,-0.0009912552006162,0,138.6843267604533
7.254528538877686,0.0002254194948095,1,187.25242970260925
3.718980072109188,-0.0006952996491832,1,94.4377592119682
-4.318126964945499,0.0012561655632537,0,66.29228111264135
5.2154787117975605,0.0010133207150148,1,52.19193897719903
5.297726765313573,-0.0021199264337028,0,151.8106062276409
5.7174121909159314,0.0005465503744442,1,94.02534520417899
3.7591530132015407,0.0013513107854856,1,12.75634151805063
-1.9418770385750928,-0.0024474099754165,1,5.217368717601003
-7.66816108870634,0.0003840574014286,1,267.48513662810103
-1.9724160109599964,-0.0002252881600344,1,6.985971736586315
7.281659702379191,0.0039295567826497,1,-1.1153514789476922
-0.7098100430193188,-0.00237218954991,1,28.146936473088292
4.009090696701595,-0.0029977707163907,0,184.3439556981963
4.950517689415857,0.0005067336706203,0,13.360747008846111
-0.6530572526645724,-0.0004069952999988,1,-1.8579338309136557
-7.373310268481847,0.0017030745536202,0,164.56692790985423
1.70554685865749,-0.0002382626312153,1,18.496156045984595
9.467913627496827,0.0001625590891621,1,327.63105142928595
-5.869299231566063,-0.0040087817316352,1,-15.019037048136102
8.74433805251751,0.0026245712489533,1,63.46700942748266
-3.992203421294096,-0.0012810325296739,0,-9.48412859208233
6.411157919632537,-0.0026343290525049,0,226.6616198780048
-3.392315190366153,-0.0033757249485025,1,-1.2791690095920976
3.659563509946413,-0.0004190033624599,0,28.83657029296441
2.38376663734012,0.0035555433788322,1,65.0381103089884
-4.218485053629715,0.0023209822851786,0,137.18099524759324
-1.9719150246599495,-0.0018478065003031,0,4.614404588263172
-7.191809116666052,-0.0019003162139094,0,-7.621250052285268
-3.433144723430286,-0.0017027365060895,0,-7.953344065363801
3.1876095094200245,-0.0022018549501853,0,106.28219456907422
-8.161343921483226,-0.0009851333764869,1,167.5438995981799
8.0607694915143,0.0019695901821088,1,84.30732872240833
3.909656658458001,0.001292140495376,0,5.22807323590312
8.609282152532394,0.0050994613632732,1,-7.325897645331455
9.033856506041293,0.005110058707538,1,-11.329527190534128
7.479953592277273,-0.0011055910525804,0,121.9322215607302
-2.5329208068468434,0.0009756165229657,1,65.99748484523525
9.67457417854503,0.0001055189247137,1,349.0137216262262
1.6651372808843927,0.0029416935614553,0,81.01756446194307
9.580561859142591,0.0016492544200105,1,172.65080414590193
-2.578656511919601,-0.0001895449970521,1,16.516873855939068
3.1123113503229938,0.0009749829385062,1,12.338034819668298
-5.972077429993547,0.0008087361462076,0,70.13731529560508
-9.398015184834508,-0.0026484118142077,0,-4.517414936094706
8.283272633278255,-0.0004482981446984,1,318.3164883810885
-1.9206204139223448,-0.000285811016467,1,5.14689564319427
2.3665276832448363,0.0012623418403042,0,8.174792729900226
6.669207014131352,-0.0020408885527168,0,180.2673076295379
2.017230021477772,-0.0011257204011676,0,33.33153663433567
-9.597164287915398,0.0020267111334384,0,267.4007566115996
-5.507143111448158,-0.001772722299612,0,-12.176116697041854
0.0011977333438153,-0.0003880545057662,0,0.5648787975581999
8.683199011496711,-0.0029275949605259,0,331.3357120320698
1.257195444629728,-0.0011574450977038,0,24.722642597997286
-8.791909052224652,-0.002324065094567,1,103.25295058236861
-0.0063435077164371,0.0002964192256967,1,0.9889479376162291
6.262032539757019,0.0011923171748773,1,73.66757775263113
-3.162649436341109,0.0006611166766959,0,24.132574354559722
2.0481351359219038,-0.0003398538380872,1,28.058908354205084
-3.200395416750528,0.0005021113341075,1,60.47477025952125
1.732568608591091,-0.0012695363267561,0,34.487090937281764
0.0290028879398374,0.0005713906767795,1,3.7581027365592323
4.118605035275538,0.0027935276182774,1,6.952697257528799
-7.757882290258871,-0.0021555873971315,1,70.97705407440213
2.684887345097282,-0.00242947734437,0,108.24810611984768
4.382835056373345,0.0011414927819234,1,27.868322060566605
5.978544156559726,0.0028603474050186,1,6.541998353367711
3.649247568015589,0.0020753563341708,1,4.6323348373032625
-4.226032703047499,-0.000607453893256,1,35.855118401842304
4.863272931929298,0.0004948897684339,0,13.18483260297735
-9.092323802489837,-0.0002194371471424,0,80.11141609832026
4.50475068052927,0.0014569207642072,1,20.459805003329137
4.14855378577894,-0.001025798038225,0,59.81299082257813
1.231444235173683,-0.0005264980369715,0,9.559863379510583
6.531681053213106,0.0020306388505895,1,38.475779103522875
-9.77419240672102,-0.0010058790095587,1,263.9717383739774
-3.58884308135454,-0.0001829425264667,0,3.511675280664007
-9.881044005934775,-0.0027686840713067,1,125.81049479693507
6.936834938639976,-0.0004356089945495,1,231.28835841173998
3.1952540282871293,-0.0008984501528358,0,40.59147270846419
-0.9535647767598512,-0.0027741358366428,1,34.794615434153705
-2.0298318659031427,-0.0015542988439895,1,-5.042568547431484
-4.640463588778889,0.0027176185508807,0,181.95729056505215
5.498147354961461,0.0014255746100711,0,3.4872860139167288
9.233732548079146,0.0028659397450688,1,62.301356791752184
5.815951902162226,0.0024451929383093,0,13.646160135083926
-2.676467326000525,-0.0020959531844481,1,-6.373815806755725
-3.893814342741591,-8.99477529045038e-05,1,50.51409829761775
-0.8257418131755934,0.0003783333206472,0,3.018100301568311
6.029200473171738,-0.0027937481717107,0,229.75921234861306
-2.5022630475207848,-0.0030446047263881,1,7.160235794224838
-8.737297851750643,0.001563816467959,0,193.7735088058319
4.240366263876634,-0.0005444484893796,1,105.84524666348764
0.9954549290714336,-0.0008022824344222,1,20.08131333376688
2.739108772491047,0.0002964318726968,1,22.764414788960085
6.513703991205897,-0.0003471938522996,1,199.06831531090185
6.801090123195156,0.0006279211882824,1,132.0089231157749
-9.58399952381713,-0.000365190093532,1,318.79271466220865
8.06256362110415,-0.0002269786048158,0,70.09658849079597
-5.968749937061459,0.000410536090559,0,49.66301835039933
-5.7780671762340585,-0.0029444668667291,0,-14.824152456869339
-5.587542494507012,0.0011037842545762,1,213.1867954900259
-0.0180094316581183,0.0008159107159877,0,8.060060789581923
3.601388150518872,-0.000938666297534,0,47.78178857983938
-0.9878557007146398,0.0015442975933074,1,51.38732565659328
-4.083300070493296,-0.0022740992473205,1,-7.793191624292117
3.217390845196304,0.0029096415955276,0,58.52632597930515
5.963443721601973,0.0042968793167608,1,14.06152725885623
2.550986367004157,0.0001795709834215,1,22.58973957444072
-0.89400576624808,0.0008132762066551,1,19.49986349270111
0.7330893145623119,-0.0025713822594895,0,71.02556526946279
-0.6389676034522846,0.000898847851643,0,12.739380573960377
-8.168461305734976,-0.0002129128476114,1,237.82962765613757
7.398361414008445,0.0005142044891375,1,169.0556112726538
7.256574663151799,-1.3751770275875111e-05,1,209.3564083242918
9.698623025380364,0.0023741394099968,0,-16.42143860048754
6.425946985599843,0.0029539291311375,1,8.028428310353842
-4.475367096237399,0.0013759911814404,1,177.94241987591704
-9.131932947085016,-0.0013334170227589,0,30.86309135317955
-6.467218443635399,0.0008188007423063,0,80.31852412927776
2.9241657499512854,-0.0010379408973805,1,83.90140340658581
5.796869164566754,-0.0008134980570469,1,200.93184470825167
0.9045512343302596,0.0013876129275486,1,10.558139761505675
5.520242597136495,-0.0007080956338658,0,64.1387371810431
-4.937426535442415,-0.0029984126325235,1,-10.7593798653943
2.4962586677532563,0.002461840752344,1,16.770969240627135
-5.57468139700293,0.0005608083029207,0,50.474461984840595
-9.781089030253462,-0.0001958485361501,0,98.91551189360445
9.174065182332662,0.0054700322349911,1,-10.476778074196915
3.3776759013009965,-0.0019660541648838,0,96.35491345944928
-7.925495012724273,-0.0028812782182607,0,-18.235765971898047
-8.297033065530089,0.0008393015403386,0,124.4885900877967
-2.415194986179312,-0.0036927391060396,1,24.695234407049718
-9.58748621725132,-0.0020711868094491,1,159.56069437466996
-6.877452168068707,-0.0039271961550622,1,-8.856162781427805
-4.781009210981566,-0.0005050438969361,1,56.20125150170355
8.217530900345455,0.0019632173932844,1,90.08645671798934
-5.948243279472507,-0.0014195378918465,1,47.20258380462729
8.434401440664658,-0.0004749815411976,0,91.20940473513045
-6.507843443256654,-0.0001407838408392,0,34.06105172816139
6.358459993175337,0.0013455083535012,0,3.3545519356180247
3.9320802448977936,0.0012811871841264,0,5.140174494467238
-9.985394036284855,-0.0052271934257531,1,14.585010126004148
5.544916572904361,-0.0002163916474237,0,41.0711535614713
-0.3490870295347452,-0.0021900758753677,1,31.39217058553597
3.744084799927752,0.0012620931279319,0,5.290268170677386
-8.361507397546585,0.0017464388594031,0,197.81242722788934
-0.7776092039033582,0.0027462547773504,0,104.73992752558175
-3.709590547783359,-0.0031285983299684,1,-7.51976524482602
-2.424064699641704,0.0009708855586943,0,28.412336587440656
4.307188522812313,-0.0007005810358821,1,118.79861845117065
6.329214065948218,0.0022671703917285,1,25.297833788738345
-6.513520933576418,-0.0011381172809689,0,2.73205229737093
7.986814376288891,0.0009360248914973,0,14.34106751453463
-9.495048820039631,-0.0030561833163479,1,90.7344727862968
3.580803927291127,0.0007484368586755,0,5.333790950442302
-4.7962429278219565,-0.0028021672553112,1,-9.640188420086432
-9.622298119419968,0.0002418530667348,0,121.29870072261517
-1.9528667288526196,-0.0009219824816825,0,-4.832581513347522
3.49243797995754,-0.0011266065086058,1,111.67012258804678
6.831446390621775,-0.0013154670429142,0,125.28920212439601
8.278169248199717,0.0023635677997626,0,-5.893943244169743
7.70504709403226,0.0040935164691628,1,-2.5936013545201684
-2.9659263798128555,-0.0001838663634991,1,23.851227030100887
8.623432064270855,0.0012775122897788,0,5.103764854207835
-9.364162676875294,0.0017520807453288,0,231.9973566019075
-4.318912269154261,0.0011644518853949,1,151.06203960237983
-9.565989941530011,0.0003381584837408,0,125.97214108444831
2.852596192456032,-0.0003730893997902,1,49.17819338110305
-9.184915944718837,-0.0005803773586735,1,267.2246420461219
8.906266628088545,0.0032232583727061,1,34.164614711510126
-4.807090952509617,-0.0034234049264702,1,-12.53646530416276
-1.6557159730884583,-0.000903982585697,0,-3.741040024301018
7.476595222799947,-0.0002841502482544,1,248.5377667244376
1.1674190174521808,0.0008357170225106,0,5.161843923015595
9.35204517538714,0.0020679451297046,1,124.99228961619531
1.3751799438775605,-0.0022056099588672,1,87.81762774513737
1.599133220974645,-0.0022058113646783,1,96.80621497802551
-4.310623842253348,0.0026619011369321,0,168.70477813860052
3.259004149128496,0.0012700120706668,0,6.141996091061316
1.1444058114635407,0.002977767768099,1,68.78580950783135
-2.685582029659137,-0.0008692741803792,0,-6.64988720206631
-0.795319156930308,-0.0028840972434615,1,43.17483256233607
4.468044585579509,0.0012979412769914,1,24.471397186249355
-2.796071937314557,0.0003026193334059,1,39.40329979261795
-9.502779951637557,-0.0001781348294449,1,334.26064061279214
-7.717163656125063,-0.0010800175009662,0,17.673451838043047
5.738763634904732,-0.0012254573751172,0,98.0424694642085
-0.1844626488954208,0.0005402602685589,0,3.893086595990394
-7.7965522225854045,-0.0002858791006292,1,207.96541553889628
4.404249849360513,-0.0003657596679202,1,101.16709876362893
7.088356864030597,-0.0002156429029923,0,58.11017752040123
6.924486356115516,0.0024202347508886,0,4.630940999451338
-4.584138516392846,-0.0009445693655387,1,30.908013326442592
-1.7077808590829218,0.0004968072873324,1,23.355786481214054
-6.274444564077227,0.0025835997386118,0,213.13356571532688
8.645854432069534,0.000225958361527,1,266.7104415028849
-1.2298109346064034,-0.0007558845435185,1,-3.183697246955221
-8.649164878894256,-0.0001034352357355,1,281.03403657070436
2.356178482051611,0.0012583876862101,1,3.785680218802214
1.2012172996865935,-0.0009955857022929,0,19.572105153522255
5.837545873231772,0.0035271912277294,1,3.340755637435673
-9.224770964309778,-0.0052240888969284,1,-1.7942243794569905
-1.0608475636021095,0.0024676075371159,1,112.56757343950275
-6.268854093543535,-0.000947200401203,0,5.176551018797482
-6.579468973092619,0.0008953661098229,1,251.96041047570264
-9.406521520616018,0.001176467146928,0,182.8672099166575
-2.186499597554265,0.0021913773673681,1,138.5766690637678
8.439863519622929,-0.000232290337142,1,304.3148328048126
-7.723345209554642,-0.001307482395741,1,121.25421618903218
8.397276791833669,-0.0021869865587299,0,240.4214115210621
-8.060599683129192,-0.0011062666078292,0,21.644249006362667
4.004666444629594,-0.0017860442192533,0,98.92595866135133
8.669679027885792,0.002937000699613,0,-1.5755785768014179
3.7844887058724743,0.0015855106234243,1,9.023648096052968
5.335336161905905,0.0042998647417625,1,25.638908564013317
5.844574607885454,0.0007257928123735,1,87.4449609923434
5.708704991738491,0.0021368931786837,0,7.939914892876724
5.779599618271208,-0.0002980774135241,0,47.25288442375454
4.063423098970471,-7.242097900289995e-05,0,21.980909903060763
-6.762568128603876,-0.0005905336025877,1,127.76863670102662
9.35944566199285,-0.0011095071407652,0,157.58925564034126
4.77746747018999,0.0006610459751698,0,9.702228637260761
-5.930603315435993,0.0012698023367132,0,97.09515299186253
6.5695182215165175,0.000681390331008,1,118.20960885701302
4.537875539972305,0.004122205390017,1,36.119084675621174
1.5531998197528392,0.0023909176977348,1,29.987400532416114
-2.360463035641612,-0.0016680812162024,0,-1.4605201502258287
-7.46421020462413,-0.0015615657099031,0,1.4535834627644382
0.4076754198635139,0.0028090437826943,1,82.17073697450999
-5.463781573944146,0.0009344630915488,0,67.86611030467017
-7.805361326834532,0.001901062626841,0,194.3177422812631
3.30932891008403,0.0033105434240728,1,30.044324446030412
-1.840433045028904,0.0010560892585495,1,49.953738034868806
-4.858815235498937,-0.0008885701386673,0,-3.308398398623977
7.301379196016203,0.0010632161981116,1,120.24254932226219
-0.4599482080589361,-0.0021806473332833,0,32.76180797303415
-3.821143273491177,0.0003051008605745,1,69.34251602809968
8.562790624555735,0.0025434034058144,1,63.257570141405736
-8.052158882072835,-0.0050187981253682,1,-14.037672429517864
8.263817439119304,0.0009567277660522,0,14.463675110841105
-5.653911509946791,0.0002588213749404,0,38.0406869170692
9.99124212623626,0.0005603717848188,0,39.85630811795071
-8.476235181887073,0.0001646965608317,0,86.65161272370912
3.185567123927779,-0.0012831099059743,0,56.79597842304532
1.0377876780314654,0.0017091189762682,0,26.232179931185442
-0.4739086895424105,-0.0024189961298934,0,40.790954375124265
8.32455258262291,0.002348168479911,1,68.30086117098293
7.908582629231105,-0.0004842702990682,1,297.1023652823024
-9.530878344533084,0.0007967214030532,0,157.16033601474348
7.640209778817031,0.0017939276278145,0,-2.4730190299891532
5.4778007943933975,-0.0025768077368422,0,193.73285541288752
3.984202660059895,-0.0010414370699273,1,127.5597891099828
-1.185713752100435,-0.0002440012228666,0,-2.664136244153961
1.27459876737149,-8.208837634920169e-07,0,3.271292251557849
5.41910556267776,0.0004413143724318,0,17.401965568705208
-9.870291214395143,-0.0013259486853354,0,45.27963080803827
8.674471843523964,0.0028637940215532,1,47.66986257516854
3.0077180990288426,-0.0008049132146687,0,34.70251070366756
1.1782592544104276,0.0004212444464034,1,2.4984911332368123
8.529804797456372,0.0007791032139684,1,202.9501081498019
9.129846602900756,0.00478440104252,1,-10.612862896223074
2.911190236124748,0.0022007639727645,0,29.077296256402022
9.076026555548047,0.0018665604897309,1,130.37060299381847
-0.3008334746605499,-0.0029671345359264,0,66.40246082116226
3.977841271800223,-0.0029081595966383,0,176.37368421820852
-2.77393014482725,-0.0006926349536363,0,-5.8583392397584735
-1.499046302974314,0.0010292976685598,1,39.94253422952649
-7.712017707964986,-0.0005752196429062,0,35.62097699118258
-2.508320163491975,0.0009382325797807,1,63.119224587216884
-4.177971302934962,-0.0038308672561011,1,-5.733614703567925
1.4656573810782092,-0.0014792053899556,1,55.819119308816774
-8.811771950795386,-0.0011262096496757,0,32.99559500965128
-3.489804564020376,-0.0027751918304275,0,4.453697921741552
-8.343831555287927,-0.001080227345245,0,26.87248575329425
2.9804269674751165,-0.0016797201604651,0,72.52398409737785
-7.84948867268681,-0.0013727164396431,0,10.544708475512222
7.021968519088532,0.0040585060285596,1,-0.4862562048162323
6.572773032710007,-0.0008308902783596,1,247.8443844905647
8.276347845801535,0.0028002844394368,0,-0.22233668670038126
-2.519328751219001,0.0021293272185464,0,90.21462273389386
0.2454232176175388,0.0024777337317413,0,71.22379577922396
4.522473474889292,-0.0004536764486717,1,111.57584109814547
-5.325501152615606,0.0026778502931034,0,195.9085902318841
1.47372965401075,-0.001218686960444,1,45.2096935458745
3.3687002319037607,0.0027785596720001,1,13.416555978467212
5.963717202568885,-5.199979030682622e-05,1,146.52047082129795
4.698706867208845,-0.0010715663410152,1,163.93159838920533
-8.6126874579709,-0.0007895832992826,0,42.76065925161946
-0.3104293550027073,-0.0013881304354696,1,10.751606921797695
-0.2779192356023436,-2.0135935448002503e-05,0,-0.8519858879769808
5.328360706492024,0.0003311363829532,1,93.12863958393359
-6.02186616597921,-0.0040874194641475,1,-15.273411482146082
4.483866366850915,0.0014958365174476,1,19.091189492057605
-5.659035385695725,3.947126074193864e-05,0,29.27568283007941
7.0380166706144855,0.0019290693586913,1,55.762807700469345
-7.805984994360021,-0.0036105860245237,1,13.027222594880042
-9.92686236931844,0.0004234450068163,0,142.54511181233298
5.512731402562013,0.0013324758464364,0,3.7655710140759115
-9.811205364269568,0.0005391257407286,0,147.10884188547158
2.756480913793995,0.001375303999598,0,8.70054015974231
3.3825345021376645,0.0003551608652463,1,34.02012384348731
0.4921068649228388,-0.0024514627510389,1,67.13429666240674
-6.197872073750752,8.607872139266855e-05,1,153.15527152585403
9.944230242901998,-0.0014454927717531,0,202.08159672488267
-9.781839650925852,-0.0053004483052244,1,7.533359378476721
-3.914103958356279,-0.0024061706239304,1,-9.203806568613052
-3.032805160985042,-0.0021016133795945,1,-7.799677478633773
-2.8012070627740515,-0.0028060763233642,1,-1.2810488570145515
5.403272064076434,-5.403308597395946e-06,1,118.20544795008632
-6.585254575329563,-0.0019363224325144,0,-11.24167900662264
5.474788436680244,0.0008365444108429,0,9.064797984280004
-8.939324695709509,-0.0054522566720672,1,-11.283272123178234
6.946198170966934,-2.5945936429578343e-05,0,46.865321816093335
9.263193412489995,0.0044707890848214,1,-5.754858367479736
-5.058791971023804,-0.001415291465422,1,24.2010267108279
-6.074162369237335,-0.0012119754755683,0,-2.2492213911191445
-5.203465463881091,-0.0026563735705536,1,-5.076491433121441
-3.084808682872156,-0.0013257028697627,0,-7.829036543441094
-0.093635005902243,0.00039227636487,0,1.9093971521243929
-4.242879797944241,-0.0007396399745341,1,30.873259075824222
-4.551824667863458,0.0009724557335876,1,146.0447176994265
6.607601787626571,-0.0001808568352999,1,189.33864429360713
6.138669855781874,0.0034607893082163,1,2.13400503822019
-4.630083503159579,-0.0008782395038066,1,34.71684220953485
-3.652215609136837,-0.0004122457818443,0,-0.6026548923052562
-4.228081760301794,0.0012065658480671,0,62.127069869390944
9.339600161902116,0.0012168816799954,1,202.8038785085724
1.5025034064874916,-0.0012816972751778,0,31.770910659246482
-5.327382219521586,0.0022960405970842,0,160.9322504162496
-1.978582523696641,0.0021258163390684,1,123.97996683266035
-2.812710563833408,-0.0019306814230232,0,-1.8304422664458562
-3.498157316129607,0.002354283190782,0,124.67262653133113
8.08830706666322,0.0009735155491676,1,162.55240400010214
-5.218296205875339,-0.0005036495994679,1,70.63576440869639
0.436212093213765,0.0010221899690579,0,10.496396991980431
6.47330472281989,-0.0022239343201833,0,191.0894303029937
3.431373291798952,0.0026267902696353,1,9.867463748991758
3.0284441129829265,0.001659522634349,1,4.412987387719491
-6.87731718327144,-0.0014191904873855,1,78.59971453021615
-4.445565165034278,-0.0005867096589755,0,0.037230431680236376
8.890261853737972,0.0002789750912441,0,48.42186731333162
9.02967193066107,0.0017398066942287,0,-6.022717617640389
4.391316921447753,0.0012393295513088,1,24.910837973648327
1.7439148025305435,0.0018716858999132,0,26.558230458159482
0.5490481420969733,-0.0012153650808695,0,18.047112795568097
2.1639517864546747,-0.0010711532615763,0,33.370395751026635
9.767253793941473,0.0021457295446929,0,-15.25155320955504
8.514494977172667,0.0009325328126009,0,16.053314603650627
8.527656518534513,0.0053735684207711,1,-2.5020393147530138
5.9284501622925685,0.0011153166552428,1,67.5513873898856
-5.9690133946379405,0.0008120714701824,1,206.27859091296207
3.680694817168401,0.0008256316761489,0,5.092238675974625
-3.072657647961728,0.001854574096171,1,150.83124322437422
-3.1110589789913607,0.0009429877945818,0,34.48355900609426
-8.243299916755868,-0.0035814336511138,1,24.309068576468565
3.853535753627904,0.0028132736172253,1,9.18672084866114
-9.987837584938047,-0.0026289753593713,0,2.939574993880584
-2.4596933893913,-0.0013660644317065,1,-5.412366482527072
7.840366470660708,0.0009626587902156,1,151.814562258038
-7.650886423748093,-0.0006165780539015,0,33.005894591086694
-0.3795695370098055,-0.0028543847387581,1,55.031400152898065
8.309762888538412,0.0005660886860418,0,30.01332954972914
7.260861031948014,-7.047035959855538e-05,1,214.95516834278843
3.9371745652694727,0.0038116365347469,1,36.71040295332878
2.3523849126775698,0.0018837036263735,1,7.040363403839071
4.301917776414015,0.0023812070899526,1,4.703341173378146
-0.8222487384649106,0.0005951024307199,0,6.752546110186615
-7.56428364119992,-0.0028885830206705,1,31.52635131984402
-5.543427959324953,0.001891509735503,0,132.87792450834928
8.465573687539656,0.003299831682506,1,22.529712313760243
-7.931201759965778,-0.0031408961831153,1,31.9756935756622
3.075035920474376,-0.0011599588979886,1,96.58745428006321
3.007968517224368,0.0032291732248731,1,33.046616198639704
8.70596515745197,0.0051283417157095,1,-8.130749513277076
2.7095332738088267,0.0007849416613345,0,4.064484217659563
9.595407618575573,0.0055978814801564,1,-14.673900243128491
-4.192430726319931,-0.0015155357697964,0,-10.573818774963438
-5.850136185736452,-0.0012921512553093,1,50.21850197943516
-0.2973539079643892,-0.0004275212485928,0,-0.45206278621149554
2.3292226258604884,0.0013060456770271,1,3.655440377986988
1.004879092286583,0.0019146398341585,0,34.25991731906952
4.747437225794183,0.0033631013902493,1,9.81622133209062
5.062043115895925,-0.0027217805668641,0,193.75975289738363
9.142607443262332,0.001040299174509,0,13.639702699746392
-9.240629610240576,0.0011348911722148,0,174.14616257663567
1.528382846579671,-0.0024372367018209,1,106.95577463116467
-9.30582092371228,-0.0040463029186674,1,37.01479801918709
-6.807715772923151,-0.0024007015212174,0,-15.698480962943155
-2.541538583658582,-0.0008446076754009,0,-6.37164639194287
-2.6768587473747685,0.001512688893012,1,106.00701298635425
6.794116972456898,0.0042033129993448,1,2.01469565121043
-7.802293759256427,0.001753888716322,0,181.2700564561717
-7.474195503276942,-0.0042678863786096,1,-7.996022863000934
-6.634264390328843,-0.0014347102474473,0,-2.742866124432703
-7.114231480591187,-0.0003887565800775,1,160.89309311934008
5.895739737890576,0.0016547111866063,0,2.72912323869336
-5.774418272812085,0.0007496320426939,0,63.35542795902272
-0.3580049844566861,0.002254998182355,1,72.409819727084
3.48651961292984,-0.0024135197166549,0,127.0700590161037
3.8494945122910167,0.0028865700894805,0,49.67889247672131
-1.301717623706022,0.0006410532365927,0,9.898567775452355
-2.043615676128705,-0.0021885711254689,1,-0.14828592445555275
-0.1532376916683393,0.0022631326734658,0,63.830820733880934
-0.5684114670696445,0.0016333075352943,0,37.153800248884295
7.582523199566218,-0.0014142145999494,0,148.46611995184392
8.438966564345435,-0.0016134637858293,0,184.9068681878318
9.214381837802122,0.0026353107096496,1,76.90547538148215
-1.241244466430116,-0.0032888974133897,1,44.54109147272634
9.519453766601089,0.0026864820035742,1,83.1480182169538
-1.7914132309537436,0.0022109903272252,0,83.85445154853494
6.446959198804478,-0.0003119122818675,1,192.31891247550064
-0.5544065979200568,-0.0018729200524687,1,17.513851952795665
-0.0797156953177609,0.0025227331405846,0,78.52148275691874
-9.636651005276534,-0.0025400852835056,0,0.8663368456510976
-3.3263065638238416,0.00253315627885,0,135.52557286572417
-0.9996596447143188,-0.0029716998282561,1,40.32037078923204
-0.4885119952142638,0.0006744141596202,1,10.116293326364294
-2.788200788808364,-0.0015561169976623,0,-5.4196672509666275
4.392500348121329,0.0006033945674168,0,9.18493696577156
1.1880167117906133,0.0027853179568509,0,77.5459503561033
3.463534379674453,-0.0017826402040251,0,87.53569628797015
-1.4667705862839409,0.002981694200084,0,135.8645784465168
1.08523481183029,0.0010957284062378,1,4.523143572635033
2.107175269678125,0.0018460359650975,0,23.060917741381726
9.246848866152824,0.0016896679746903,0,-5.665813355143686
6.26195173745149,0.0005825807944196,0,18.07981546042155
3.356701366831917,-0.0025854265021811,0,135.30899128249868
6.768936055268981,0.0047335827779215,1,12.134783714691402
2.8432640985770306,0.002121233933014,1,7.007453603087296
9.493948452904196,0.0028405854471918,0,-12.32536281199516
-8.042541726254566,-0.0003618881059613,0,50.54422982249669
4.993872422589135,0.0013488092962821,0,4.109460029847404
8.787547131298574,0.0004768299986944,0,37.155036645397615
-8.809753834375055,-0.0009072561219913,1,211.4161642022411
-6.260855096644978,-0.002436849359581,0,-16.184200184803863
3.140894861146439,0.0022695217847662,1,6.989128853410063
1.0420661102612598,0.0014269686047821,0,17.38754198885896
-4.398617335158397,-0.0041187675981197,1,-5.17908032879278
4.942470073194114,-0.0005086329491382,0,46.813928718928466
4.756456477306855,-0.0005725648441836,1,129.7454823471899
8.473355418255931,0.0024674563554247,0,-6.632269085487649
1.2500715108616056,0.0021692027078004,0,42.95173502344182
4.556514443619957,-0.00136171344857,1,179.3833236614359
3.5236925070503826,-0.0006327306360851,0,34.71006125446389
-4.264265736002471,-0.0036764744346474,1,-8.198616222326459
7.167610919622941,0.0012145434214577,0,5.533333273115079
4.1295413050743655,0.0010478929336536,0,4.741787442556433
8.168337420569493,0.0037670875099749,1,3.9345760111290664
-6.485883311805905,-0.0034312583782628,1,-4.728390100724539
-8.686533237218404,-0.0043775552284157,1,9.73349915855485
5.614291817544419,0.0006578912379689,1,83.48289131906927
4.055552858611389,-0.0002453467530378,0,27.129041410911913
3.362533766005648,0.0028890826405748,0,55.619086297602095
0.3832873523915729,-6.554060005912516e-05,1,0.9304617093594958
-4.423843247892794,-0.0031643241828525,1,-11.471121767905208
-4.142218314831934,-0.0029372561919875,0,-0.5768009564579306
-1.5816482073573326,-0.0032596312346771,1,33.61150205198755
2.304304925407081,0.0003002730063429,1,15.395722373608093
0.7584475255049572,-0.002042904997053,1,57.86287295270446
-8.481887665079011,-0.0051223017348705,1,-11.020209114225146
-9.43712598130725,-0.0016780175372327,1,181.96385279265235
8.573214143625275,0.0009914899909255,1,184.8798366963783
4.444848940058781,0.0042588452669864,1,44.67742288989373
5.595774965747856,0.0022481862118236,1,15.081425400955192
7.0480108711023135,-0.0004150844405376,0,68.79367682691037
4.032268743717481,-0.0002862378665968,0,28.228348052197354
-4.460398278990443,0.0020297857759999,0,119.54208361278509
-0.6895742595103105,-0.0009120847680392,0,1.501642554869971
-8.010607366062608,-0.0026255281829159,0,-14.574387870630623
6.759136420380813,0.0019685800211993,0,0.721566587579004
4.254856905245141,-0.0011471906970406,0,67.5775464600818
-1.333746971540645,-0.0012940850669857,0,1.6762743703403933
-0.4889669738078268,-0.0012255274810187,0,7.697872838446791
-8.351052102251428,0.0018280656883223,0,204.8167579270546
-3.99923417421892,-0.0017206603124434,1,-0.9766710175130111
4.263156500685311,0.0014065370172898,1,18.137488500724807
3.934458974820016,-0.0010567220702245,0,58.00627663629998
2.3110083144362683,0.0020554424778259,0,28.669521167824065
-2.8559608702975865,-0.0015994148291706,0,-5.489405714299599
-4.5521392842925135,0.0001912945292949,1,88.40782007029168
-2.75492753459718,-0.0024706330950141,0,7.644068110861456
8.200955334302236,0.0002686550645465,1,235.448736356467
8.878514843985535,-0.0025129656176523,0,289.7958636514525
-7.276382367613481,-0.0016387854898491,1,81.27363891663208
8.77182693468431,0.0002406124584637,1,272.9589385959161
-8.144616294581672,0.0003979786828751,1,301.77526079184986
1.6893928535962068,-0.0014356991521751,0,39.88560174746992
1.3865067923821055,0.0026898746062482,0,68.95338612170187
-2.089167050145864,-0.0033296630412058,1,22.5827151672481
6.201484909187013,0.0044929982386774,1,15.401916024669472
-0.7366191275567129,0.0004795702611344,1,8.570602782677325
5.962017746446357,-0.0005774748833091,1,189.44285170418001
4.676479548582647,0.0018342135433226,1,13.585635375684314
5.4936111886700285,0.0024591005959003,1,9.56538786284017
-5.285710135642995,-0.0043782407292826,1,-12.457565147551826
-4.831991267218811,0.0010176045591749,0,61.63344122343216
5.95982338529743,0.0008779162006991,1,82.20796510939428
-9.621583212857958,-0.0017836997904135,1,183.9463114864082
-9.362609864297095,0.002416677560013,0,299.67281670506344
4.8853335814835415,-0.0008815989129708,1,158.61960504358385
-4.465640622253499,-0.0001386523572076,0,10.66272679536107
2.113563762053694,-0.0002813284467541,1,27.6140578332412
-7.887695089471808,-0.0005738040198068,1,187.19305983362415
4.094294797553975,0.0022700941882054,1,4.740143076191104
-7.787373188566344,0.0024072804686015,0,242.2745532045713
9.495328573864278,-0.0001246979995545,1,364.9771154723241
3.765499941241915,-0.0015328043223766,1,151.79888107118506
0.7420072288149413,-0.002813284190485,0,83.08214321865367
3.0160738268023284,0.000584497027272,0,5.070359053412158
1.450298657718491,0.0022691207885525,0,45.574106641956476
0.2895800873433156,-0.0024663136901266,0,57.07573279924152
7.318892407246789,0.0004540090364697,0,28.665015265898262
-8.170490544019868,0.0022843034888835,0,242.58024679797575
-4.524106224506703,-0.0003908824189631,1,54.13010563636524
-6.511278027430281,-0.0006629703989934,0,15.625191870694689
-0.4283452171591957,-0.0028516069284964,1,53.328547682734296
-2.673718189416605,-0.0007182503606143,0,-5.9973110901455415
-2.71743431306086,0.0009471651740531,0,30.42441118990423
6.177671077898019,-0.0027246167814959,0,227.94835296366782
-9.028988790857914,-0.0013895359188435,1,182.39203538070097
0.3475605705456246,-0.0006476964950232,1,6.626647035891105
-4.413522333475333,-0.0006993611589583,1,36.72062250863305
-7.500682525134263,-0.0013607449479432,0,6.84421815000556
2.366856910720898,0.0036863379896655,1,73.50761960815422
-4.039762668918893,0.0007198795876421,0,36.052476230031544
-5.1129474473691054,-0.0034571587698878,1,-13.00868515196184
9.07360516604678,0.0040154138729889,1,4.805342116141307
-8.966532387841005,-0.004754646173822,1,5.186928845645389
-8.291542634916558,-0.0017658544536795,0,5.056650550119881
0.8924047318145156,-0.0007796133511111,0,11.555259385286238
9.0901457374762,-0.0023281648449023,0,275.34792311401293
0.4083826968682302,-0.0006764338768286,0,5.925725192510044
-0.0890148580220646,-0.0008096136937721,1,3.930453289884851
8.082893412190806,0.0003646109310333,0,37.83833863190397
0.2280760028932356,0.0021009645873442,1,47.158769187533785
4.020247053309552,-0.0014117864247467,1,155.58384690642998
8.749163616809891,0.0036814616351281,1,12.21322235651778
-2.784489294610113,-0.0005502388516808,1,9.620824683575872
6.252626912265644,-0.0009559039901633,0,89.85065905299336
8.650002146556982,0.0010752292335863,0,11.378260041263427
-4.346613802386477,-0.0017376744128064,1,2.5818355169694467
2.476796712724237,0.0028802965642068,1,30.333643822958184
4.874573895678651,0.0002446378421516,0,19.26985223369401
6.7997079764661486,0.0039736498070461,1,0.4034961647780878
-1.8029892062153416,0.0004264488643152,0,7.483318627431366
-3.995393550493997,-0.0009232496454702,1,18.925480754808362
-7.820800447400509,-0.0045829181297857,1,-9.426587967333068
2.977446355757003,-0.0001730846589579,1,44.2687540972712
1.3696414132475263,-0.0007456705870221,0,15.150995254652432
-4.505050170042903,0.0002794469214839,0,24.29563215677846
5.650051136790573,0.0024271326312804,0,14.489789644081938
6.079723742415705,0.0046453028896609,1,22.552996882131726
9.091310853685506,-0.0024916941489769,0,293.8941869203243
-7.808943305728873,-0.0037324990148893,1,9.572915161031176
1.2921268983328176,-0.0015068680077423,0,36.599282300922106
2.395515047879467,-0.0003409483201225,1,36.009459917933405
-4.652898669978982,-0.0011704986093001,0,-7.976526060858341
-2.601209602567347,0.0014612498278643,0,52.170726813046706
1.6832588387012135,-0.0009471760712005,0,23.589773638096275
8.400469304656362,-0.0006409565151862,0,102.6541573974389
0.5971822708475898,-0.0019819043117388,0,43.16140934270088
2.757059865501594,0.0013006524927048,1,5.091075131672224
-7.290614777402357,-0.0015024542795723,1,89.85395736178728
-7.234102565787069,0.0020926183880563,0,194.50074563320035
-9.83400166031598,-0.0038107103666967,1,65.21331790240248
7.927670074654792,-0.0026713041771614,0,277.55456431262303
9.981773677907317,0.0018629278037233,0,-11.833066530911713
9.557513715558107,8.548536348680981e-05,0,65.9814178233971
-9.30774638551684,0.000165992724091,0,107.77184269298834
6.015724570843336,-0.0025845782544181,0,210.21203984571113
0.495617061423852,0.0017094795858761,1,25.168280619380493
-3.901516839292702,-0.0019983944821213,0,-8.773889312640403
6.564111783288304,0.0016220196600477,0,1.2076758837567725
-7.850894427944715,-0.0013941584693881,0,9.953770233032024
6.422134400497185,0.0003990845741342,1,132.80233545692374
6.31663821088344,0.0022355624022213,1,26.185004882140824
-4.845194956009504,-0.0016301752856955,1,12.916071596698082
3.2786223135908124,-0.001125073425964,0,51.14870846602225
-9.708608236796794,-0.0005044219703805,0,80.02400474250348
-6.935857404350811,-0.0015034227484239,0,-1.8590930699142671
6.779599158078572,0.0010516283664623,0,8.23177473625235
-0.2972755223270891,-0.0007544787843433,1,1.2916417091506567
-3.879046040846143,0.0018533137012737,0,95.47828437021067
6.747952725107652,-3.3302503290933927e-05,0,45.24835771948726
0.0630062767239252,-0.0027089340277297,1,63.76252180929419
2.227210502774046,0.0016481063431158,1,5.120235504635254
7.785672301965153,0.0015144427646156,1,106.15247396549373
2.884701485187445,0.0022092072288336,0,29.608866530787502
3.485255159943428,-0.0002358105987804,1,61.60082884941235
8.945350021188027,0.0008317624334971,0,21.480854826125398
5.414035271594253,0.0045398554608599,1,33.28072716364242
-4.182771589020844,0.0015820397979087,0,83.29524989732087
5.191925210796198,0.0009807750725716,1,53.09084975368622
-8.755204887405409,0.0008511344305889,0,137.97554569217507
4.276630196819326,0.0031850723711004,1,11.546553794456655
9.56024104572338,0.0001286351417009,1,338.1366305923694
5.387871121862588,-0.0027630030006938,0,207.12077011498033
-8.134607177519062,-0.0051692606907463,1,-15.495070661784501
9.47677997667438,0.0010999632831481,0,11.947634534458663
-8.367602008185704,-0.0024535797294391,1,78.12874506831031
-4.720788594646415,-0.0002728590774098,0,9.139364469513074
-9.89629161916872,0.0010510457073196,0,188.9620027198839
1.1787852983596494,0.0013315147159619,0,14.172865664970786
2.280983362561347,0.002979900180163,1,38.485698252586126
-9.647258866228654,-0.0025951467053332,1,125.74757241643243
-8.902195252075629,-0.0050428605024295,1,-3.1894245905350287
6.214860618976864,0.0014556528722154,1,57.842112459535734
1.249329794240829,-0.0007453081944224,0,14.030117195927579
-9.850245836064428,0.0015608516542868,0,231.64510366150188
-6.621173666099742,-0.0011681946695533,1,83.4352517145195
4.596246227123109,-0.0006927858879135,1,131.00967917492517
-1.5144120436413535,-0.0027603873001179,0,34.0022621292025
8.675627305871839,0.0055812532269971,1,-0.7160095682890326
4.933836763597483,8.546753334952373e-06,1,98.3747139794946
-6.795769714243485,0.0015171177771307,0,134.47523634040945
-8.113605835569116,-0.005123534225072,1,-15.019891999879057
-9.465421991646926,-0.0011922171710328,0,42.5811837884718
6.994041364927426,0.0025369606475179,0,6.255523674758128
3.616499950632946,0.0007834489437063,0,5.201188385654054
-0.1102636804067191,-0.0024442388942952,1,47.12527106136799
6.981639357270321,0.0019133223208179,1,55.07280704675149
-3.8196852454916153,-0.0011619449491423,1,8.918427910296026
-0.3434047700715013,-0.0006582956426757,0,0.9702670591942804
-0.088445288499825,-0.0026983814960705,0,59.28165637504997
9.354948986784748,0.0019822144128671,0,-11.027231540029339
-2.538754926999069,-0.0001674399824829,1,16.518305247612354
9.092023040579685,0.000888011769476,0,19.61913128631363
-7.607884779460605,0.0017929026030621,0,178.890092492814
4.999533815142339,0.001331455863837,0,4.116051863506163
2.389016502055693,7.451138356575248e-05,1,22.53134340795126
-2.607931919754312,-0.0023015191926321,0,6.079804987854883
-3.701733487230583,0.0020935243310617,0,108.98948125080338
-1.1953669974004058,0.0002774383605426,1,9.249402960477477
0.6333642630252161,0.0026884721516823,0,79.06978715063335
-7.467873576343509,0.0012010716929211,0,128.24584390359206
-4.574956168618165,0.0029981597952035,0,207.77973536454672
9.53484710525423,-0.0029335618416894,0,361.35992909819953
4.486759013959574,-0.0006854046812322,1,125.60630884887851
2.7810994367859543,0.0006442068519369,1,14.748868696039017
-9.633473951342935,-0.001253675639591,0,43.42144096042338
8.373606074957628,0.0007667520912007,0,21.870765785606054
-6.156122603073236,-0.0009902493554863,1,76.33627873212899
-5.193688209013214,0.0011417918687872,0,74.78388471695237
6.8575628231119445,0.0018193663089543,0,2.998615784610692e-05
-0.7759757707106925,-0.0008648055034681,1,-1.3549536118221424
-0.3996949420165379,-0.0025072358088869,1,40.962708250571154
7.894207168270398,0.0002796492401601,1,216.8116941310379
4.430604783966171,0.0023342381564041,1,5.1228381374042655
-6.841894378267995,-0.002915588952775,0,-18.965126225586673
0.7583418416719603,0.0015012307057143,0,21.34606675046873
8.316804863239934,0.0004469275902164,1,224.0717701765686
6.818787638379163,0.0033681628848931,1,3.5851257673564643
7.530858084021421,0.000965108357742,1,137.62543484424603
4.775880454194221,0.0003691527254213,0,15.515918519752196
8.371123282616121,0.0004840748355014,1,223.41551958535985
7.181762168904381,0.003894869471659,1,-0.8100491610536698
4.696666886308716,0.0034086288361443,1,11.20411837792803
-7.305995659021853,0.0007946367759967,0,96.95310687250694
-0.2533408764102809,-0.0020874881262368,1,30.481896150453103
2.293994845108667,0.003270500828996,1,51.92079248608151
-3.774049746212609,0.0014307222267587,1,147.62302776649608
7.615803847826463,-0.0017935679443391,0,182.0275362360975
2.728676846880308,0.0009570824790177,1,8.510784899813673
-4.984032079206715,-0.0029540177647837,0,-8.902109249854517
8.039476129554743,0.0004616579182593,1,207.1905890463039
1.2761813307426593,0.0012622097832191,0,12.112728528942872
9.259138252807112,0.0016644460498838,0,-5.161421894586613
-0.2593558412148624,-0.00092670684772,1,3.622648239981629
7.007071019365828,-0.0008359745665622,0,94.48220486444146
7.503884530770769,-0.000502542317612,1,272.76033864292367
9.938198074079349,-0.0018573520347637,0,245.9599598944877
-3.960570175208547,0.0019756379015953,0,105.50936557812489
0.2800079468856342,-0.0009644355280682,1,11.428888713848382
1.7539221055313412,-0.0007816733171424,0,19.801524690123035
-4.94919851914953,0.0003756756503858,1,117.26715963947882
9.452059428597114,0.0021280016200756,1,124.0630819000302
-5.818923072228046,0.0012810847032676,0,95.49487852259898
3.710917723592061,0.0032824371867973,1,21.77404284687972
4.550451466133564,0.000303113052484,0,15.735951040668859
6.077846222755568,-0.0013867290842378,0,115.42261480419148
-1.022003728023872,-0.0023820463334726,0,30.19206264991588
-2.239989869179446,-0.0003230651529587,0,-3.1213177108538086
3.403976812884641,-0.0007588265967536,0,37.922408810325365
8.656535214054355,0.0001695877806657,1,273.5335098296036
4.7111109951601176,0.0032446845499169,1,8.267733015196448
9.10346813736556,0.0038215342138715,1,11.68295084882303
0.4191874399074464,0.0016234758426576,0,27.985370395390365
3.462659086341997,-0.0017018955640257,0,82.99226833739064
-4.55868423752232,0.0021268099962229,0,129.09120866124815
5.443756990333533,0.0041578097108808,1,18.892429176519222
0.08297059248064,0.0004676337596358,0,2.5116763686480175
3.798624783531269,0.000329281832908,0,11.018251199763009
1.5136454974143287,0.0030572632661592,1,62.273867875379224
1.6500921229284593,0.0028758110200129,1,48.87165511307603
-8.510019830976672,-0.0019431043461642,0,2.9794775290797517
4.987860496641684,0.0010169749682162,1,46.081306766957205
8.463225656587955,0.0028347429629064,0,-1.4608224250388024
-4.758122278468688,-0.0008199577497008,0,-2.6215057198561333
-6.255391915101962,-0.0020460260335383,0,-13.416033064986545
-2.8267872874890525,-0.0008333285545163,1,3.6883882372618375
9.456359518482952,0.0014257042873756,1,188.1209377779653
6.633877080854219,0.0017316293436401,0,0.7617515923513962
7.001503005973284,0.0015498150301607,0,0.8749158733681022
-4.849566041630114,-0.0015677490838041,1,14.857655336496093
7.851688317066436,-0.0025399313703809,0,261.2602429094924
-2.4955504905424046,0.0015606663403155,1,102.29831406693054
9.783704239876812,0.0014883916476252,1,198.72556310492686
9.44127851658298,-0.0010595304027474,0,154.5693208898304
9.05383760041834,0.0051991747196549,1,-11.21697136275084
-8.217901945330944,-0.0008077369691384,1,185.54772336411483
-2.389575932446471,-0.0033558580477383,1,16.33297882959086
-3.296914301930287,0.0011992972981822,1,108.17334026586093
-3.8443573414884114,-0.0011555330282368,0,-8.763572385058636
-6.244580747796709,0.0003425186045773,1,177.63590025037067
-8.958877488783074,-0.0014045138202258,0,25.371022049399173
-1.7004169596153125,0.0025043401797233,0,102.558534072588
8.916694697415373,0.0031879470091459,1,36.145022707877644
8.625807045689626,0.0048238304653448,1,-8.625312460742471
3.995860614880037,-0.0010625246325541,1,129.52634349434794
2.9344738791761067,0.0030518477293261,1,27.829223803041952
-6.01179676073879,-0.0021856841327487,0,-14.743750438065609
-0.1931162944955353,0.0013771679402927,1,26.065816676981413
-0.900949005237578,-0.0011270741247937,0,2.707560479319518
-7.47576713312442,0.0004176444520647,1,258.4189124032886
-2.99221490598532,-0.0011396977723543,1,-0.30996998149408606
3.533519717336137,0.0039388168217841,1,53.01070105242226
8.017922545955269,0.0026885378943875,1,41.303039965442885
-5.2417662893395045,-0.0024118810908392,0,-13.679121881478379
9.203376727256668,0.0048778920073917,1,-11.63295856977388
0.6042311402125833,-0.0020807645466959,0,47.12296118790698
5.713115350163045,0.0014088298793274,1,46.81780553236425
0.7324488026940443,0.0022053305796372,0,50.16356831286541
-5.794764585713024,-0.0036297405213569,1,-12.789131479632635
4.969482491578923,-0.0012555755213861,1,193.05895079371027
8.337808593691577,0.0041880925035388,1,-3.3038793895527903
7.3483740841616445,-0.0027956393732595,0,272.1206365975707
-5.674913698057797,-0.0040864854574224,1,-15.100320392104212
7.36998111006492,0.0016695246074286,0,-0.8368057603260028
9.351313294999276,0.0019908215652186,0,-11.120200097611582
3.832206401465815,0.0004191017926169,0,9.699007273326936
-2.055234359756501,-0.0007377205504096,1,-1.136348167538034
8.464276505819953,0.0008123079329362,1,196.25655844980702
-7.621967308770625,0.0006827085405971,1,297.8687956756171
7.516833375885163,0.0019677591269388,1,67.2025980740498
-4.310360921929927,-0.0023245459260934,0,-9.088722108830021
-6.052253195527381,0.0008714270335128,0,75.18045560263948
-4.925275430437575,-0.001385507865835,0,-9.636175498685274
0.968100307337858,-0.0025214338451372,1,88.38544592633431
-8.206791702559592,0.0013126708146218,0,156.8286862849183
-3.495248993251153,0.0013639674773679,1,129.22977484389006
0.7377784185595164,-0.00188835584348,1,50.681381072861846
2.8714897815652627,-0.0026480422269624,0,126.69992636002243
9.719661480222696,0.0004602303419572,0,44.02141542705968
7.79601287551181,0.0051938982321536,1,5.933558792073656
7.544322562925014,-0.0006757526261556,0,92.15025023815218
4.62023623019784,-0.0007896331799924,0,55.43329073455866
4.780602160548906,0.0022444102783732,0,16.228513924490834
-6.7267275343733335,0.0004024262936282,1,210.38910798510582
1.7402522259945936,-0.0016670840109495,1,73.77818437687048
1.0645377869095969,2.4409641011399755e-05,1,5.053991223768725
0.6598500180205669,0.0019778037570692,0,40.167058455290814
-5.1419202070606,-0.0009687400032676,1,44.47469325585854
-7.023324566117218,0.0010965592573034,0,109.9883115335781
-6.7545112991250615,0.0011476058908341,0,107.15099900897772
6.417782212073607,0.0018687261295841,1,43.04702434904853
-0.2168781086125744,-0.000140874019531,0,-0.9255822793970363
4.53188212200609,0.0009942762211484,0,5.29482352844476
3.625358541144708,-0.0006258187677147,0,35.652263941072775
-5.118776382763275,-0.0018230253186216,0,-12.612565503696306
-0.8058612152055922,0.0010357392688077,1,25.368001552639573
3.763352931073367,-0.0016781226060663,1,162.37746578987884
-3.349115888199206,0.0024933680789295,0,132.74087544780238
-1.3640268011788628,0.0003619262522374,1,13.548409148556289
-9.787940845232686,-0.0021864308649225,0,12.946338328851313
2.6285499279699582,-0.001472928932065,0,56.29783862495935
-4.808963842399465,-0.0014971322130727,0,-10.712370328092867
-7.015787262653759,-0.0020974803512258,0,-11.63534435627859
7.691084634478219,0.0009787143821926,1,143.66247501441546
1.1701831832077492,-0.0021094162271328,0,58.70820357681057
-2.5665439104488126,-0.0013481746205879,0,-5.600567981831096
4.628500068768712,0.0043546279477576,1,44.51685102991004
6.490437214739067,0.0002432292913562,0,31.06812594355102
-8.373498104122648,-0.000708369845109,1,203.32761438928443
-5.751562231954535,-0.000331090994646,0,17.406409843410817
-6.192265744633197,0.002341583426999,0,187.63614148294522
-9.792327227666922,-0.0033501412885418,1,87.053215239108
-3.6028720340658964,0.0004472670587279,1,70.29295670408692
7.087470981293627,0.0004725819308585,0,26.46993142429612
5.835565205528063,0.0039828645524718,1,8.841550127794969
-2.6903466281339616,0.0008056539796604,1,61.38193414208893
7.624938976777024,-0.0014190374697528,0,149.76125311083962
-3.8274352896845674,-0.000575230853585,0,-2.5899859094426225
8.248802236274084,0.0053936399546192,1,2.6635814640826156
-5.850927761213411,-0.0016576102547003,0,-10.320481881462394
1.087405405945642,-0.0008175257406721,0,14.120357562688968
-9.752911767724378,5.255156732517533e-05,0,113.02391778016394
3.5866842390868534,0.0007626177535209,0,5.262363436265481
-9.966259426363004,-0.003698931339089,1,75.85055626211678
9.147780472604476,0.0056057388015664,1,-8.261905240162012
-4.182464638528196,-0.0003102360517889,1,48.06834943895128
6.124799440279546,-0.0010136512557157,1,238.17325578960538
-6.949569789274463,-0.0013293461006186,1,86.64116287592773
-2.1825206531881687,0.0026062802552904,0,118.85316293738336
-1.7836972209904562,-0.0016387312622064,0,2.9416525226146075
3.496801254289508,0.0025894013684822,0,39.37994321409517
-8.740029180490566,0.0029196459867076,0,333.32448162828297
7.473937219119602,0.0036502378925261,1,2.1855104576444577
-2.4484938753390466,-0.0024155088344277,1,-1.9782895511634422
3.8578903605272536,-0.0004766975953596,1,86.95011321864135
-0.1175436964911789,0.0019901076517307,1,50.63547041150004
-7.640561957159933,-0.0002180739711916,1,205.0765996744806
-8.1300202870153,-0.0013271067455947,1,139.38790019420867
7.370679521783746,0.0051086503602356,1,11.547003458572243
-7.222526025895797,-0.0015213415235883,1,86.0066065259193
9.39355240424656,-0.0028319813802857,0,343.94987679991027
-1.622396776759789,-0.0004737941882721,1,-0.277398953729148
-5.707368844834539,0.0028910014656113,0,227.99456716930922
6.489813153702837,0.0014894115001636,1,63.937827322205614
-6.463465457904977,0.0004951072338657,0,62.421267057024856
1.2393095081140508,0.000334237384033,1,3.40006215780318
-8.594368012247763,0.0009874078858299,0,143.27240434934222
-2.39734296940844,-0.0021030162341593,0,4.739053260781137
-0.9631249533932618,0.0014326633870653,0,32.6049851318385
4.3410119601474015,0.0034230091285824,1,16.050760284976334
4.695021205431285,-0.0018683859723634,0,119.2653722242224
4.490853706762509,0.0024933745951351,0,26.134536400277593
-2.0548066084612016,-0.0011495145305854,0,-4.254043841698005
4.311448239296951,-0.0015269155726679,0,89.58726733827788
-7.187744035824353,-0.0023141531829356,0,-13.793951505146081
-5.7654223966958495,-0.0030859596716754,1,-6.550140638310168
3.891667660741538,-0.00212594764416,0,117.93102749426362
5.692187515418546,0.004631592308509,1,30.555416212503633
-5.642920537451577,0.001632134319674,0,115.72634098972603
-4.993536011623547,-0.0011279674501221,0,-6.425321451494377
-7.915374972817595,-0.0006150917820118,1,185.15015101645503
-8.755104175413022,-0.0020392945394326,0,3.3220404077831516
0.163596751881565,0.0027776348875572,0,91.95352611508156
-6.932377688922749,-0.0029549645217576,0,-19.28199066429635
-1.002002329644899,0.000404361880068,0,3.907969159734252
6.058436598481983,0.0038731412067444,1,4.831096457370698
-5.036959817235356,-0.0040567960640894,1,-12.226842695005159
8.3096138273838,3.861969529021479e-05,0,56.931022305617944
1.5866720582919918,-0.0003590319453394,0,9.271256795309212
9.549184754910083,0.0023408159841035,0,-15.172087160330081
5.955347146199523,-0.0019722554110711,0,156.62086505821958
-3.799127218765534,0.0015749471101816,1,161.4970050595491
2.2063837069923338,0.0020814510606759,0,30.48731768781596
6.599751579895791,-0.0028238962822098,0,250.78553285423612
-1.3324393616716748,0.0027488249391326,0,114.48457122902605
-5.103615988022165,-0.0027139174014518,1,-6.78261154923811
-4.101410053105781,-0.0042002245903638,1,0.40956023919553497
5.601251571823076,0.0045923390905152,1,31.06623630087011
5.532127492555286,0.0005489577441673,1,87.15355520658892
-7.521120576849938,-0.0027457895404503,0,-17.713830720856947
6.551363344616156,0.0034995718580956,1,1.6668499084540795
3.003601764906032,0.0019150064660089,0,19.16223046125779
9.431597286362912,-0.0024141979567161,0,295.24903638340993
2.552533146344711,0.0006019802383042,1,12.534988047167733
5.316894519781233,0.0010910663367909,0,5.389766926743166
7.636572381989378,0.0015011219555357,0,0.628179302983098
-1.32776064517601,0.001602866057523,0,43.72162317092129
-1.053271717958367,-0.0028399114610717,0,45.409332219684515
-2.601430159379783,-0.0009870220828892,0,-6.693047424641068
8.789308351297734,-0.0026272280089974,0,299.993406870237
3.2213517712158257,-0.0002134948332365,0,18.789849211906557
4.256363500386087,-0.0011778889185322,1,149.97287535831543
-7.98245446297641,0.0008721519549472,0,118.47910902609362
-8.686245881228153,-0.0024721903588141,1,89.91967690199542
7.439618321723888,-0.0021990312025693,0,215.15547249760806
-8.01235007370851,-0.0010312934628925,0,23.479263370044205
-0.863239684295575,-0.0026188127161706,0,40.94321195561019
6.045072461250964,-0.0017641473069608,0,142.47495485275655
0.1395092351464129,0.001639438982147,0,30.9044996156238
4.586053704563904,-0.0010161851446482,0,66.14754394373989
0.7267742476538501,0.0026487722864433,1,62.24917161836824
5.791002008880778,0.0037919485341978,1,6.225616706740862
-0.1480394194357277,0.0004375678636269,1,3.0301362796872913
3.6998321934350216,-0.0005283679638095,1,84.09466741915281
5.401950662940688,0.0013419271409546,1,42.17633979050897
-3.9813829980903215,-0.0028225516263204,0,-0.5216891486945213
0.0622538797898801,-0.0018386014049291,1,30.275485710972678
-0.1429256591067478,0.0010996384860334,1,16.42288643488371
5.607129213996913,0.0001276859979639,0,28.32715916122895
2.517058685293838,0.0018076831817477,0,19.20671451755573
-9.79195732751058,-0.0015852283948816,1,210.8268314419496
-7.755322902513788,-0.0013084933631799,0,11.235773264147337
9.642224929577566,0.0053243374374055,1,-16.107346970719732
6.015837685259246,0.0007866815020076,0,11.793617686361621
-7.081879103955428,0.0026214870129728,0,241.51808750389606
0.6365127419059462,-0.0029633216260679,0,88.21422336914023
-1.4123946332447588,-0.0003261878719048,1,0.40105007818486904
-3.965605185614491,-0.0005929920639635,0,-2.3395202060299605
-0.9707520898774452,-0.0019482062781901,1,11.449925515632167
2.174370360679534,0.0012749612743318,1,3.4573183091478934
-1.4540520708098017,0.0020520217417441,1,97.26638871691446
-4.763106893806746,0.0011306757577253,1,170.38450169316556
-6.245732367913988,-0.0028475816987088,1,4.313494704516889
-7.092123444819347,-0.0027851295995886,1,23.183780925561912
2.47257105282549,0.0011761809961395,1,4.528050477061766
5.200778921464607,0.0009743797656935,0,6.452828153991169
5.466842377997416,-0.000242821335459,1,138.02434648941082
-1.356868160486071,0.0004260791563264,0,5.518466984743671
-0.6197788940184985,0.0007862524059659,0,9.937241681117653
-9.881481526240169,-0.0037661005997083,1,69.17654833367149
2.5546106309476606,0.0027174726960657,0,56.02351861828263
0.0739891931987344,0.0004789522251025,0,2.649141926729188
-0.093150540928157,0.0025300780587245,0,79.18300503881497
3.400607972147625,-0.0014078139506251,0,66.36755964172616
-1.7237154796464171,0.001262996965607,1,57.358813066162135
8.373066838209006,0.0001315598554284,0,52.27055540879154
1.9962432127507304,-0.0004807558227167,1,31.492578947910616
0.8863061877429086,0.0001291759015345,0,1.4414181054855757
8.400877439175499,-5.9995016773386585e-05,0,63.670633563244344
2.839500407743872,0.0033097810339866,1,40.157114104740494
6.795887920246212,0.0025288474049748,1,24.036398216462622
3.805939892699433,0.002258128247879,1,4.700064628355678
-9.26308164064102,-0.0045123454021204,1,19.16346207031152
1.9493053052484972,0.0021155449712865,1,15.140278613710423
8.664325604134767,-0.0023759866981048,0,268.1451303759892
-2.9365035623500706,8.956425871770797e-05,1,33.68837433754273
9.119524360914935,0.0028047278108266,1,62.927776846116686
-0.4954099828687734,-0.0013942550273564,1,8.006874834610544
8.399396543414113,0.0025934141892941,1,55.789662298204476
1.2661528201201548,0.0016358323691864,0,22.158189449210994
5.949422009874771,0.0035971394424037,1,3.1530227061910114
5.274001195352074,-0.0013201784027363,1,215.8198254218673
5.54240577229459,0.0028678546091487,1,4.5541677118640305
5.535868073735507,-0.0007661268236003,0,67.4562489788029
-4.348898921757565,0.0011488029844143,1,151.17905221313436
4.7069008712745575,0.0018383582560371,0,8.389510278135239
9.318497205408969,-0.0017611004321975,0,220.29292220323492
3.3885657413824166,-0.0008697910754255,1,91.92932723008403
8.798349035633322,-0.0029830949407284,0,341.9000110773917
-8.154179213459287,0.0010666491730793,0,136.7360399523485
-7.476303598730807,-0.0021931771951316,1,59.064402031100364
8.937088670743623,0.0001267370946136,1,296.3129576190675
0.6472286031759449,0.0028304788842545,1,75.55667136248005
-6.871470547501257,-0.0030901206298171,1,8.988798358023422
3.185890479627213,0.0011587239145972,0,5.3629091648845835
-4.170215221078131,-0.0023164910553864,1,-7.820248017359988
-8.323461729673296,-0.0043899902439652,1,2.1823120751094134
-0.2203905687170468,-7.8592863378535e-06,0,-0.7419922881284053
-0.3439587293201214,0.001430518815293,1,30.99581807124599
-6.998906456383017,0.0006406295319575,1,251.40393789380187
9.362687666643003,0.0028649980967689,1,66.06192465701025
1.8583496786676168,-0.0005621698420781,0,15.429644737311325
-0.6989789933370147,-0.0013957466764496,0,8.911870115073366
-5.353442954372765,-0.0012238152929328,0,-6.384582036178377
5.852742044581898,0.0010497813287699,0,6.588099575103819
-9.868212652686765,-0.0010302965851131,0,58.08162448392316
-4.615044141944371,-0.0002342232399367,0,9.301804688751979
-2.820042239034968,0.0021456059173892,0,96.46732461631615
7.507872300742818,0.0006958792368812,0,20.63178637116116
8.149987877191172,0.0005690898397881,0,28.963880881139414
5.821439083676891,-0.0012792896313576,0,103.10583496185112
5.744911731587605,0.0040728056907682,1,11.889649858355272
-8.945565018447013,-0.0021359379987548,1,122.34561264258409
-2.5250122022656463,-0.003459354708003,1,15.908175438565898
0.6205554683200845,0.0023082063793387,0,56.787471155087005
4.0534971491698535,-0.0015658258830759,1,168.87174346552564
-0.7653724154645012,0.0020257295342753,1,71.53820453980492
-0.3502983056316324,0.0004470352647926,0,2.9483886100689882
6.99274304001716,-0.0001726814800754,1,209.55246154322833
5.569655287545999,-0.002659321446759,0,203.5592806462552
2.9088263808411376,0.0002765478239245,1,26.604310556627293
-9.403676668784763,-0.0057256600153658,1,-10.183228893550888
-9.676310701982931,-0.0004609360473508,0,81.51249970073044
-3.419823747549917,-0.0005155062222874,1,21.32743224791482
-7.163568634612362,-0.0008616773977575,0,17.355339713291716
-5.854378839146664,0.0009350062060569,1,211.7989692419544
-3.6521139799588314,0.0009392278138827,0,40.75999024702552
3.711131980860092,0.0002648833470339,0,11.704726178117992
-9.211231215821384,-0.0006753123191694,0,59.94013327576266
-6.308985112840877,-0.0024082628110537,1,17.898868118521296
0.4013592216698534,0.0002113027954999,1,0.41830862839847627
-2.9939824382941342,-0.0023804773437259,1,-6.942752145166301
-2.688233855530746,0.0002951242739616,1,36.444162961402654
-5.749304633914609,-2.477656539862842e-05,1,123.0811418692891
-4.506237203420522,-0.0039934375939447,1,-7.847398772681598
7.596904189265928,0.0046823328338161,1,-0.5949260173523951
-6.422313819581456,-0.0005763594521803,0,17.298265426175764
4.841457483394269,0.0008983965977033,1,47.56751749190555
-7.809430940898727,-0.000711381221526,0,31.91643640354087
8.488161461632124,0.0036290676839851,1,10.821647313932099
1.2703354786831706,0.00116953329484,0,10.205881044788054
-3.220507379568616,0.0015876198728663,1,135.02838789361473
3.426318560596481,0.0008372740821559,1,19.908909468614123
-0.129515537233182,-0.0023037134152149,1,41.248109903992074
-7.223036951515571,0.0024197452127008,0,225.4121456511122
-3.4560308892995195,-0.0026772006702938,0,3.1021287398674584
-0.3285004910186799,-0.0024899441066892,0,46.09073006532572
7.634305111671125,0.0009325864164786,0,13.389011122737012
1.256446246430036,-0.0012460612189193,1,40.305609083201276
-9.44565085323556,-0.0004743400915614,0,75.17902822778095
2.0386637999424178,0.0035740688259825,1,77.13428732175592
-8.016208076218096,-0.0029969005683056,1,40.125690765252344
-2.3340923232459883,0.0009751659424017,1,59.846284233877874
-0.093742354179966,-0.001533500640881,1,17.994092202153492
0.9893524326047008,-0.0018150139608194,0,43.31775087356978
2.394243148112841,-0.0007703418472211,0,26.34778222601241
-7.007698412476229,-0.0028114149801309,0,-18.637771430330538
-5.961685345951528,0.0006699922277662,1,192.2017794638553
-1.775605062793213,-0.0011729898341185,0,-2.600703191724203
-2.6845503563839213,0.0025016460454425,0,120.17567099542435
-6.516840097106094,-0.0034490912528408,1,-4.685969415295105
2.816911257311272,0.0019640278366374,0,21.838325811868195
2.11549893192414,-0.0008771965601388,0,26.45375995889058
-3.696656143557042,0.0027316658929321,0,160.68093305308997
8.205660649934178,-0.0007477058942697,0,107.53149509773277
7.780814435920234,-0.0003994419509261,0,77.38551258288697
-2.249501594444556,-0.0022553658437506,0,9.394285669991236
8.509262097382418,-0.0012226907148167,0,151.18801721302316
-1.4498640750838874,2.1729376353625468e-05,0,-0.4575866992355864
-4.026498514213161,0.0012566759562132,1,144.8566551687975
-8.889274906689607,-0.0010767732992379,0,36.275793934737834
3.0926699505266484,-0.0014661252623922,0,63.89136089014037
-1.344622878334789,-0.0028412191219621,0,39.852686927037254
-2.2259483578051675,0.000603585555439,1,38.66620036445379
3.1966921144402853,0.0035031045792844,1,40.41154214733201
-5.724942784050764,-0.0023460777289015,1,8.415586921071286
-2.320673058279075,-0.000442650183308,1,6.236999372976254
-7.047440164088612,-0.0037970392640651,1,-4.617487986407131
-2.6628485017538743,-0.0008155926929103,0,-6.4414143704299045
-9.112620597750285,-0.0028318488178875,0,-11.131677840877403
-0.1339593130424354,0.0015956572424433,0,31.572650974931577
3.611540988161588,0.0021772030101654,1,4.722215935415233
-5.378268901776093,-0.0028190604113828,0,-12.915973599871444
0.2479970170692027,-0.00270854966455,1,70.29843243096295
-0.2328987808320466,0.0003209991611309,0,1.3231280242919714
-2.400930697459862,-0.0017936640903357,0,-0.17846128932586436
-8.385375292204376,0.0003840123977005,0,97.32437077354149
-2.540518489330495,-0.0018178509399863,1,-6.504814438255184
2.6263874071932936,-0.0011098242249249,1,76.93830280245496
-9.72797117400173,-0.0018476852795886,1,184.8848987956646
5.563353989280147,-0.0009717406613582,0,79.4156173273818
-0.1160872407411588,0.0006995025530491,1,6.863565117795736
7.370253249163522,0.0007596997984341,0,17.851533671286564
8.696706419652706,-0.0027234808266665,0,308.0419637604047
4.29340422873806,-0.0023623531036473,0,144.20082143093003
-8.912872700154029,0.0007995063590882,0,138.80380558894694
7.378599816278783,-0.0004849028387815,0,77.38357529117928
1.5712885979610398,0.0012450832970844,1,4.012528224537904
0.9150418681142548,-0.0002059598114227,0,3.3494859079852968
-1.867597360660941,0.0016816488448589,1,87.09068339213945
3.44419315423956,-0.0013779319605213,0,65.6335630117421
3.691454519898958,0.0006728774933531,0,6.135167001815037
0.6160738059762458,0.0029225403775112,0,95.22513533487643
6.329285744200817,0.0026979141028615,0,16.117519294672817
-4.02947773674307,0.0016762712247911,1,182.7685730739826
9.580141697498329,0.0033553647295907,1,41.93797825565926
-9.98381498213282,0.0005590731668579,0,153.9621612879243
1.203542072340413,0.0008994491548731,0,5.915338947330167
-8.99139851847891,-0.0023875341662205,0,-2.632310705852149
-6.776041408367696,-0.0019081361496914,1,49.827415764404755
4.149298173353046,0.0036858441112627,1,27.278395763706552
-2.657632643087404,0.0002076619489399,1,32.10445949031546
-0.1622603899199504,0.0018482166589156,1,44.860312066883914
-5.268539949930659,0.0006812258049236,1,156.53375783731917
-0.2132979522946207,-0.0001604149986442,0,-0.9145120242962784
-7.861949053526147,-0.0010533987444169,1,146.49408354997422
8.862893413447058,0.0024179334670603,1,80.51305343768638
-2.813272668604987,-0.003482966500121,1,10.418756085905331
8.377999255492096,0.0004913851742868,0,33.838903910788595
-2.942601929216861,-0.0006330558552734,1,9.736984153313978
5.043883922859925,0.0004920271574795,1,73.74801153344958
9.6135633635884,0.0014234087744134,1,196.43072235369516
-8.491219134546702,-0.0007343112960032,1,207.98013449511797
0.5048193350007004,-0.0013360273692082,1,25.003900274559193
-9.07609653938525,-0.0017990994187704,0,14.273182247930807
5.282851702777263,0.0017000154508273,0,4.681275496611598
5.892573813866546,0.0012870320174621,1,57.44074810186074
5.405313656446486,0.0016648207720583,0,4.0926288232664065
2.651242081684945,-0.0002854976523254,1,40.269476596264084
5.885851387369517,0.0020985052943322,0,6.328150523506023
1.4303705588968525,0.0019744087367153,0,32.92565919962086
-6.685909332328091,-0.0029228422334376,1,10.094719346026562
-5.918348082714209,0.0012959613474167,0,98.54934636056481
-4.2551838347263775,-0.0011058321283941,0,-8.07499800109781
0.5745921839091732,-0.0009714499103529,1,16.54868374897509
9.768351359427845,0.0023092140862803,1,121.65983470365393
2.19291765234852,-0.0014255700115907,1,77.77565388933212
-2.9075989213238795,-0.0022127596038329,1,-7.145876057871416
-0.3280669531580606,-0.0026860615851806,1,49.89914360482608
-3.738083938235331,0.0025569734764869,0,146.3225261627391
8.12221063112069,0.0001683977653969,0,48.03608491157704
-9.641131419310678,-0.0042160803883026,1,40.73239131506149
5.272322524218456,0.0013760426385428,0,3.814578789137287
-8.055623291016609,-0.0033306388081547,1,28.29749663333765
-4.177296159198094,0.000555993655295,1,98.06115834692821
2.196755231499756,0.0005153173950158,1,9.774464501895043
2.95639617401128,0.0013841895264154,0,8.217111496918239
7.402227679570082,0.0008122900415867,0,16.2955672278681
-5.493718250977288,-0.0016353651588229,1,26.1684068483021
-6.618309138343211,0.0018825722616174,0,158.8826926487894
-9.77239062493988,-0.0050397004298113,1,15.140648859421834
4.165807453462136,-0.0015980243177741,0,90.92889771965403
-8.20154183903831,0.0022838117305548,0,243.57973498567566
-4.610715749081069,0.0029811041534248,0,206.98891095929852
8.258994875531233,-0.0026707474169682,0,288.0268241898964
2.406970422984269,-0.0019098600952344,0,73.21121362090705
-3.4326865747159863,-0.0010686371469982,0,-8.163169118424898
-5.950473099946841,-0.0039641887003131,1,-14.705953223228452
-0.3236543673433019,0.0003600898663373,0,1.8353681926741272
-8.701163063781923,-0.0052882344634476,1,-11.301273008350215
9.404964722117713,0.0048885021338657,1,-12.292321784418275
1.512618225591746,-0.0007703692129635,0,17.09920672763581
-0.5081468042164783,-0.0029047484434505,0,59.16250142843007
-2.250778220978777,-0.0024940091606701,1,1.49353530041567
8.137275541281934,0.0001981811634027,0,46.59981242196082
9.556981188708306,0.0045159437191954,1,-5.545716112909611
-3.1375594719709365,0.0004967992345922,0,18.33983607657042
7.906973281839502,0.0024086257140213,1,53.12083357509267
-3.513912081282551,-0.0015295833695752,0,-8.910128155461418
2.262549583191385,-0.0010583254726362,0,34.21059336704663
-1.489483756506706,-0.0001742552235223,0,-2.3186106176178765
2.77451318117585,0.0002857398413949,0,6.8514631295570485
-7.364788301753771,-0.0024457307227472,1,43.81208353761619
-7.550890086723205,-0.0008778398353692,1,144.28905734459624
8.020021871197645,-0.0023333703293065,0,244.83484347651356
6.95507869981336,-0.00056221566226,0,76.2682985805483
3.325993525956207,-0.0027315497434165,0,144.5719034994712
7.248460605752591,-0.00168268401855,0,163.63094541929914
9.285700459766517,0.0029087437086444,0,-9.01716686796173
7.734657440741085,0.0016093627715407,1,97.49197611530448
-7.7198087291474575,0.0023405463691339,0,233.3167168882197
6.964083472545163,0.0040881883808505,1,-0.07130219020594147
-7.669817550183535,0.0023025190872201,0,227.92000985094845
-2.345122813867495,0.0010543279603139,1,64.5736867300927
8.994413123806993,0.0006559987231294,1,241.52676230448014
5.543390694979415,-0.0009578895151699,1,199.4420233046545
-9.56830171594022,0.0024559552785578,0,312.0832101406477
-6.9901671516471175,-0.0010932905734343,1,103.0607410879854
-4.360864663828174,-0.0022418454354014,0,-9.946929670295098
4.541414117837581,-0.0013487024568387,1,177.5438965153361
3.8181073055562216,-0.0003112049646558,1,76.33269064091368
-3.87493420838892,0.0026085439119627,0,153.81663977947684
4.032090143885807,-0.0001168826094009,1,73.19383891209131
-2.805324734693837,0.0025019744137507,0,122.53232756562639
4.19524080571378,-0.0003776240362583,1,93.78656512995988
-1.0883419234814724,0.0004000420770287,0,4.099807742449743
-5.163304340893826,-0.0002665996278788,1,82.61846278931449
8.340602602637837,-5.642787868541437e-05,0,62.82206520250677
8.35257000379507,-0.0014359691508513,0,166.73544660690243
8.734037490061322,0.0019470883538242,1,110.15576206420576
5.1473540435165805,0.0018686759819855,1,18.888473152287904
8.402533138647922,-0.0005347568386416,0,94.9917405727148
9.243910545288823,0.0051802164857597,1,-12.937154094330573
-9.912320640443811,-0.0027700711091766,1,127.25662635202363
8.037459869042202,-0.0007822372126502,0,107.39317161992906
2.6305939296338536,-0.0004849053882412,1,47.699035422968194
-4.069419746959129,-0.00080511860528,1,24.494105658969985
0.4650476268535897,0.0018106138886264,0,34.85842343310028
-1.138322128194087,0.0009808194996346,0,18.101081251997545
-5.267776625755869,-0.0044694158157841,1,-11.724298216677429
6.696069500111538,0.0013520328693591,0,3.2104043234937856
4.728140538026439,-0.0001372649122052,0,29.87200125470497
-6.473095863450686,-0.0023631076211069,0,-15.755352498172586
4.391050681777864,0.0021896773952296,1,5.995631177668493
9.060922547244704,5.4764050297847135e-06,1,318.6304734265116
5.962034105737857,-0.0004313115713203,0,55.82828820013561
-0.354436850877013,0.0008840154762958,0,10.935220487546596
9.72380766116502,0.0033666750623387,1,44.66913167450878
-7.462256651457329,0.0017237797984679,0,168.80630938461323
-3.741001056927484,-0.0005766577469716,0,-2.921601456687503
-1.0298486874195447,-0.0030939783361664,1,43.838477475619335
-0.0433714893064269,0.0027303127805783,1,92.73772772035235
5.510166303396618,-0.0026877345758711,0,204.25708850807865
-3.580895067828534,0.0004065979967086,1,67.23041500926661
-7.983869095553409,-0.0023228272884268,0,-9.860639597106788
-5.995981454650612,-0.0024229558812349,0,-15.830119656426929
4.863594388411226,0.003670272771387,1,14.817110028689486
7.974761357671703,0.0006917955601926,0,23.00868825996079
2.923303948851043,0.0009843001854994,1,10.039150402028147
-1.3427427625548845,0.0017371679569847,0,50.39064569906397
4.674448031883493,0.001275477496143,1,29.016511750506496
-8.26952099499823,0.0020415028629497,0,222.04481553626087
2.128452366645499,-0.0004064497542993,1,32.01794559979749
-0.5808534711445912,0.0023987447811765,1,89.2517747622729
-4.394770395044583,-0.0042193396496934,1,-3.854088714833944
-6.794690828543333,0.0027106680399511,0,241.79577923069525
7.078153277527996,0.0042788207971701,1,0.2999374940221423
9.42553474391007,0.0021761770704855,1,119.00957778796405
2.922676426229362,-0.0021204937269201,0,95.43279593921136
-9.47101931263143,-0.0022077742676931,1,143.42742850062822
-2.280777530625273,-0.0028692740411653,1,7.584989968382975
-7.214428244877116,0.0007459159376083,1,277.1124378918384
-4.316398019052235,-0.0013643585090005,0,-10.00643414835677
-3.734069122348062,0.0019880503064577,0,102.06527100276497
-7.03944271104568,0.0021980881622046,0,198.48353070032653
0.904574119256683,-0.0024317612486049,1,81.30397359468796
6.92687115167103,0.0020692774505842,0,0.4877875248083988
-5.504804932272855,-0.0022858786475859,1,6.318542595910856
2.017951135403948,0.0010697030083251,0,6.413574616408812
6.3224830251401904,-0.001617755264788,0,137.49742131915508
3.665832372985731,0.0021665774369689,1,4.6594533140278624
7.817009012779277,-0.001414769294682,0,153.46369823688102
-3.429255134650413,-0.0036024298557783,1,1.646375654805392
4.4585821737901465,0.0042647992056982,1,44.60744572391695
4.934130157899322,-0.0010280430876019,1,172.57939284958763
-7.725093546295203,-0.0011386834876483,1,133.34893925977153
-8.074981519946265,-0.0009887661752346,0,25.913176745705155
-7.883636338408664,0.0005768976623093,1,303.99672390915777
-9.17298041027969,-0.0027534661285391,0,-9.01921547001206
-9.140857311172148,-0.0054558812625862,1,-8.461608218614932
0.0939021565341704,-0.0005075680985769,0,1.9457946950846368
1.917069359767181,-0.0013463083147518,0,39.89376542575607
-1.9840884879861207,0.0017801642622491,1,98.1502572657403
5.143493229519896,-0.0015190701345273,0,105.59276681934784
-1.9794871249926305,-0.0029253723636597,0,30.987540105419622
-6.731784298584255,0.0013288992287458,0,119.12272978903883
-8.717782361719017,-0.0009252290306897,0,39.155475668856155
0.3300305005066146,0.0012291038399155,0,16.052027716399095
4.443651846436881,-0.0010219970705045,1,147.58292608297018
-8.803225318038583,-0.002698624092877,0,-10.936850440117592
-8.945488595963011,-0.0038195903096231,1,34.99595695101381
9.046585061587486,0.0053702332851709,1,-9.8971652028647
5.547124405247427,0.0013783952354759,1,44.08496645648615
-9.40013729123721,-0.0051617540574189,1,3.1719819412383425
-6.922880296428784,-0.0004512329909098,0,28.184622164357314
-5.505738961301052,0.0021811823429894,0,155.49637118312216
4.964200910523049,-0.0024947042722247,0,172.33385255473814
3.158704298342993,-0.0015628683545323,0,69.86405476363026
-9.756948539177444,0.0001926250355336,0,121.99504267236128
-5.407607662257838,-0.0006379227754951,0,5.425889764542067
-9.00134643788201,-0.0002251511759129,1,292.32177300167564
1.7431949056367362,0.0004400756247857,0,2.8541419392877985
8.188395149397955,0.0026618814224938,0,-1.8573431623630199
0.0534499069166187,0.0003523873224387,0,1.4092010778786825
5.184485153746632,0.0021074981126237,0,10.506246727802619
9.18807220365921,0.0056373388099744,1,-8.387856990304893
-3.813654772454809,0.0017147704348654,0,85.19395420029377
-3.997208898857205,-0.002330510237705,1,-8.560492748594465
8.033300360581439,0.0049419382331195,1,-2.391936865245901
-9.63078780885322,0.0024108414845654,0,309.53313673104475
-1.7448038233460892,-0.0006232849884991,0,-4.519755251982639
4.003990426648855,0.0019357235154441,1,6.378804155971412
-6.138834709750347,0.0004359746952269,1,180.32773373017963
8.494588081692925,0.0012203752677567,0,6.632686596730596
-6.231982989710407,-0.0022569354926083,0,-15.141559509602859
8.230532289605495,0.0019960329004016,0,-5.876836301164454
2.8353201238365493,0.0032799173661992,1,38.93745441868602
-4.562486778277027,-0.0027735607962971,1,-10.204580774559428
-2.7751648398465623,0.0009068954638584,0,29.441771733258253
0.921437244445764,-0.002325967508158,1,76.6636645703704
2.7661467123900803,-0.002071158247579,0,89.20809788746999
1.8693858016923808,0.0001388279877648,0,4.565388609157119
-5.227276109143737,-0.000902398622766,0,-1.5937352210632592
0.733480576583565,0.0006229496695209,0,3.3972148181397257
-0.1014326083703274,-0.0016185977018512,1,20.072283168921757
-8.832244290693737,0.0003548960863703,0,106.86006476263961
-7.610168110226203,-0.0013012295301684,0,9.705109528315056
9.62445102102208,0.0008333167842495,0,23.87983845353375
5.610222021643986,-0.0017157450778422,0,129.0399009762981
-4.827133925797011,-0.0041406744796104,1,-9.91006633845815
9.045377589551538,0.0024932307216598,1,81.2659063211324
6.880940081981997,0.0015685782231565,1,71.28581049276053
-0.0610731245782005,0.0021124646622216,0,54.45582486529974
8.962235224385285,-0.001409904700561,0,177.41916365907525
-6.0819695485104575,-0.0028271003719066,0,-16.593710237497454
-6.858838354430161,-0.0007297354076311,0,17.717537747040193
-2.1287066150446954,-0.0006163893709897,0,-5.11658501481205
-7.921196877700516,-0.0025909596202909,0,-14.493333973994847
-0.2603601238616981,0.0020025728517486,0,51.11423692246579
-0.1455650261909653,0.0020639249367892,0,52.92242025022461
6.165206117083336,-0.0008138523001604,1,221.88548267563172
8.63898234612051,0.0019588857350811,1,105.64113804281604
2.8708236419956634,-0.0001206466846636,1,39.47905740119545
5.523823560072966,0.001720294200078,0,4.051419146309789
-8.038198662322307,-0.0024381634613802,1,66.5548870001071
2.817705738718232,0.0005542235432812,0,4.759734883677859
4.428542066469079,-0.0007369492817306,0,50.354101709733584
7.394389268220401,0.0042879672669232,1,-1.8872237543154653
-5.447086978741442,-0.003900566226674,1,-14.389538520898173
6.049253677660133,0.0036072913151457,1,2.6988048123488477
7.313665464324988,0.0011815147073323,0,6.3494918553368604
-5.130027076029262,-0.0013794357674504,0,-9.139816184774777
-4.773978759790774,-0.0029235390407919,1,-10.693037836593792
3.057225557549149,0.0001094761402623,0,10.769514674723972
5.396670300629403,0.0029105959282767,0,33.25946774017749
4.248061603952113,0.0020817887910678,1,6.279372250477675
-4.889864050794528,0.000408341643749,1,117.09779249732196
-4.221436319414251,-0.0023265558771377,1,-7.68524346355069
8.840710673316199,0.0018218337466638,0,-6.719831044447651
0.6017104165429075,-0.0006389052202301,1,9.8202681180656
9.963890619528918,0.0005156369477658,0,42.291565567520536
-2.138116339603582,0.0002062031217133,0,4.4044575006542885
5.345091400867936,0.0041004075520408,1,18.8976820907303
4.017968220722615,0.0026896653185093,1,6.46843524328866
9.92933293058516,0.0058972374782929,1,-16.248695391388495
-5.106760196754722,-0.0011910717803959,0,-6.884469605477282
8.448817926475467,0.0023679845875965,1,70.7977188602087
-2.362182037923444,-0.0029148038231309,0,24.075564723510517
9.878010153371736,0.0017699841773961,1,175.48251018125416
7.595019136433184,0.0015723748927514,1,94.99409853398416
-0.4669612481381708,-0.0012288693569413,0,7.960440046410042
-4.716304589191127,-0.0001768732896374,1,71.9277135244451
4.444358700060393,-0.0021419697310822,0,132.27608431790202
-2.8386809061068874,-0.0027291838919829,0,12.070331905629535
1.168616780235897,0.0006395918643269,0,3.199802690299543
-4.946033310665257,-0.0019865308450639,1,5.098385047237294
-1.7852629006686982,-0.0002968619423162,1,3.6212915123661658
-8.952169369346684,-0.0052381297670388,1,-6.722889929321171
-9.244698336211512,-0.0033242994655829,1,66.65449795803912
8.26727603682875,-0.0018186634540678,0,200.26910474692033
-8.502783271660892,0.0023646812064133,0,262.30427044209665
2.5634282870802867,-0.0015332499974338,0,57.935585069755405
0.7608098615562859,-0.0004913606137454,0,5.704817016800257
-9.079141418489238,-0.000825892297269,0,50.3221116534215
6.170996608410359,0.002973505366447,0,27.218187661362887
-9.295474589887949,-0.0046982096565076,1,14.0890026039486
-6.017061397228583,-0.0018028361354492,0,-11.493351454795853
-0.6940841409390419,0.0020264989585818,1,69.32362454566189
8.36084907186343,0.0019942148158603,1,92.93294683299905
-4.6208595741751,-0.0024408337333729,1,-6.685993792543603
3.483107471248779,-0.0008353440853744,1,93.56516873688551
-2.8888041825927484,-0.0016774553248207,1,-6.588303876230289
-1.0720114559914755,0.0006986878867732,1,18.84959228131121
-8.925261345970895,-0.0041449209183103,1,22.667771313427213
-7.492776565201065,0.0013629013738211,0,140.86069848786326
0.4787654989985963,0.0017985783108919,1,28.662130828452295
-5.581243548102101,0.0001876174475638,0,34.06653457731522
4.992362591114128,-0.0004248807095401,1,129.83315372792768
-5.484264210591312,-0.0002300331728524,0,17.702578683362255
6.520381700827727,0.0007324104985748,0,15.083562244655617
2.7909892113298,0.0027440056931141,1,20.29928861759267
2.2947349793753062,-0.0028066737955209,0,121.63669542451117
0.997926725304616,0.0017995876211614,1,19.7554752689534
6.2760676309133245,0.0015239215405075,1,56.03706970444078
-3.208812733365747,-0.0032831188667944,1,-0.03328848666748896
6.392620339604143,0.0010652690295251,0,7.250779797401305
8.370870214730168,4.563513705389644e-05,0,57.12368944519996
9.20913809841922,-0.0008211117432885,0,129.6515443503467
-9.760104992169364,0.0015199142241955,0,224.63844500914092
-0.5348041558676506,-0.0013987878932366,1,7.512223579891542
4.334916129521453,-0.0009653273899876,1,138.32443362541377
-2.0727137484061604,0.0019458062528605,0,71.56439073465228
7.256606670216932,0.0015406398645392,0,0.5951025791622752
6.76379662628008,0.001569586550915,0,1.101648572350025
-1.9432376960155224,-0.0010420459593663,1,-4.249868128322254
-9.982263872865246,-0.0013440060072472,1,244.92205125491031
6.963497283079263,0.0031158716136251,1,9.15418098767256
-3.375646110432601,-0.0008913334587188,0,-7.109114315012192
-3.731203462283284,-0.000236964234861,1,39.23044845069478
-0.0712800048060469,-0.0028002108273143,0,64.0707723756185
-0.3372248365244363,-0.0014466331267619,1,11.53539757976279
-2.9657560050452814,-0.0006217049734383,1,10.365343103139255
9.412751821573092,0.0018158465957238,0,-8.663663154024295
-5.906844003203105,-0.0018670990192487,0,-12.39644914095531
-7.046397783241072,-0.0023842853066259,1,37.09726504301752
1.1093048209741223,-0.0013565257665955,0,28.953964145612648
8.935183205393574,0.0041681913858433,1,-0.50302854979139
2.3688493677619142,-0.0027059577239465,0,117.29799498297191
-7.082389432787317,-0.000285486042516,0,37.053393231718836
3.2414348853217696,0.0026846677783014,0,46.50908271349638
2.7825594501245643,0.0007409647950618,0,4.128193633712418
-6.598221372021613,-0.0026513811829303,1,16.371453375242382
-5.579395443741852,-0.0010099956154771,0,-1.5212709735845056
-6.8622233589915504,-0.0029814483588619,1,11.87241684433559
5.09930072231108,0.0018662499207842,0,7.048454415357319
8.04931353542916,0.0004326892005736,1,210.5317459094701
-9.147776955357706,-0.0009341340974358,1,229.85814012126988
-6.902687047773098,0.0026089114981822,0,234.5837905041688
9.685801560711209,0.0005617064012155,0,38.0871976661923
-0.7686971038519772,0.0019258383251454,1,65.74194054431265
-3.422581354817402,0.0027622433965776,0,157.24522166897762
-9.903386186793972,0.0028362946882699,0,370.53218862809024
-5.4428445854282685,-0.0008123775416803,1,61.3588183373639
3.401456978873705,0.0011369277494523,1,12.701185008032812
1.3702494529525744,-0.0005678704692374,1,20.977486831857394
-8.951115916890737,-0.0043797124138493,1,15.688509912037237
-2.529130511176949,-0.0005276425711349,1,6.820777706855138
6.024764473911841,0.000251988130429,0,27.2063141906608
-1.887133669775324,0.000493409634567,0,9.474179589377119
-7.946277987120247,-0.0001428473023374,0,58.908723414284296
4.558549982214084,0.0018812915795727,0,9.760330303168251
-3.605846340555812,0.0025935238628136,0,146.54977853018653
-7.142186118764002,3.639270940785605e-05,0,52.17980915249234
-9.8798834213299,-0.0016889676446753,1,207.19591238912162
-9.823519611614008,4.690338454740748e-05,1,386.80158050206177
1.6973483192496277,-3.864470208581693e-05,0,5.498534340351619
7.987078945413206,0.0023764631152268,1,57.02945650614558
-8.904951356850447,0.0018932294192279,0,229.30168519120227
8.873725068060551,-0.0021856033629484,0,253.5375702102959
2.3456034622809074,0.0024647250839494,0,45.52769344859673
-3.2260814198312358,-0.0037191113082422,1,7.330255641611931
-5.847059156429147,-0.0027109218028984,0,-15.729694187740215
1.4927000261012893,-0.0027070670978602,0,95.41559098678252
-8.335727783105039,-0.0009936187401712,1,176.38585287644906
-7.462988600963756,-0.0006893893818928,0,27.367497326388833
4.5276098048892965,-0.0001325724838648,1,91.632907014279
-6.200679910940332,-0.0010912445325157,0,1.2029841081739492
3.307839948855193,-9.941770625183969e-05,1,50.13287655589915
3.3536115084523885,0.0011969993597768,1,11.049141157668837
-6.114425990511272,-0.0037920248957724,1,-12.853147307714208
2.398324849973413,0.0006664732029824,1,9.552891410937878
2.466924668610828,0.0008787284409927,1,7.198779583622278
2.736910261400933,-5.102473880610269e-05,0,11.650077187471533
1.0224928853327049,0.0006431752752653,1,1.7021695447212148
-5.940882522061184,0.0007877129290657,0,68.40293207190473
3.9326102111705215,-0.00084454872039,0,48.34118009115986
-7.934694770756685,0.0010712681250469,0,131.13333466436015
-8.154107186303186,-0.0051623529578341,1,-15.218731710284349
-5.450427420985893,0.0023079102398881,0,165.04196130653412
2.967338721033183,-0.0020107999164506,1,146.33121659257094
-7.26340502356976,0.0002434856288897,0,64.65257578598292
-4.068578818022202,0.0003768635098903,0,23.101241530402834
-3.2110010241293168,-0.000727744666461,1,11.20114384509872
-1.3467871785315992,-0.0014485000105857,1,-1.2207679636499147
9.377965482403042,0.0014817186873752,0,-0.862391246862238
-6.671857746329546,-0.0015777102757867,0,-5.214107943929645
6.014290800191446,0.0042240921870445,1,11.493515504554491
1.001212423974012,0.0022589522418774,1,36.10308023238097
1.197126342590627,0.0031781959836991,1,79.59547375344209
9.79009090017314,0.001347456923447,0,3.001455084114611
-3.1547088800580543,-0.0030109398564458,1,-3.0075984793260715
1.3167434371147009,0.0016728398529726,1,12.27789209221861
9.902565532794664,0.0007711162102201,0,27.986235345941555
1.2437925694709833,0.0007317850511599,1,2.04017302073911
6.479908629297206,0.0042116605179949,1,5.265009252688917
-4.414752040953882,-0.0008076697584403,1,32.275806611333266
-8.75332754804421,-0.0016737009731891,1,145.27169977354606
7.057861511441832,0.0013920663508487,1,88.00356387452078
2.177032174840276,0.0012155919919603,1,3.4674486864514393
0.5431466389569835,-0.000169559910709,0,1.4736395399266284
-8.121524470127872,-0.0047725460816773,1,-9.151997763544157
0.470543122448948,0.0012540931153131,0,15.932967827876563
2.8000112324949704,-0.0014156481190106,0,56.557428549685035
-3.3652823698377787,-0.002845331126849,1,-6.746239009656321
6.101069304888341,0.003430721854882,1,2.2353492702095044
1.5445359783436672,0.0002262773150826,1,7.124686043418699
-6.43492104750218,0.0001619375678881,1,171.86696461010646
-7.32264822205156,-0.0004062761518223,0,36.013815770275365
-5.89759723579162,-0.0005050533173259,1,96.04009343261973
-2.528528468481817,0.0017760355111216,0,68.26644200950338
2.2502505954610044,0.0016780336068962,1,5.29807883748957
-9.820474802607464,-0.0020163922571115,0,18.840101691528794
-1.9164744708341723,-0.0007454129091052,1,-1.9400732949775361
-3.657077104369451,-0.002100836043821,0,-6.46684086997354
4.045870383159489,0.0036431884487333,1,27.76379116310724
8.202347110048628,0.0015747194308265,1,117.95675291674232
6.883193070529899,0.0044753756220258,1,4.771125134046636
3.389813734491929,-0.0013714377111297,0,64.38228952351639
4.410991829932989,0.0004919532208375,1,54.43660337270339
3.780729370773964,-0.0004804971047989,0,32.20368814428107
7.740338432224995,0.0033285717379513,1,11.502293221291987
0.212531889875791,0.0012002504243961,0,15.938079774498515
-5.196105582153823,-9.313576835916256e-05,0,19.027275638343138
5.2662167142527565,0.0009069283125514,1,58.76782733641697
8.99530702145697,0.0003381170465639,1,276.17947337484634
-9.412512241633031,-0.0016175417812995,0,25.513280800653234
1.7907182726486788,0.0006599764562306,1,4.384516106668756
8.011264550685482,0.0045504021958989,1,-4.99896717011995
-7.428585930703695,-0.0044349066158217,1,-11.23959041748852
8.7731720349724,0.0009459266865724,1,199.64093651838454
-7.91327413301274,-0.0002471589028059,1,218.63509497877442
-4.967658817705192,-0.0042116423267232,1,-10.722506518792876
4.483776459550398,0.0035981792532327,1,18.591952334057
-5.41976879585852,-0.0012394348085363,1,40.15534067914739
5.845747128850171,0.0040215199007129,1,9.45654128253944
-2.9347480574955087,0.0008439114788642,1,71.34910689610788
9.280503730295631,0.0003053282405132,0,49.95303178901215
8.67705640069369,0.0026038141500019,1,62.824817026460416
-6.797592277179252,-0.0012757445093357,0,2.0097982043025313
-0.1442098548565731,0.000124788161915,1,0.08952755110065719
-6.676474888902235,0.0020359262266991,0,173.52015000080826
-2.508846461594736,0.0014284951426082,1,93.54837583433775
-4.600493471757527,0.0012422132678883,1,172.11230461701
6.111376056236555,0.0028925321137331,1,6.873191285286684
-9.107621976585516,0.0006665822885984,0,135.03511664852738
6.357810046242332,0.000759275887214,1,104.29459018753639
8.1356204689185,0.0015368271290982,1,118.19683947973516
-5.523724282486853,-0.000566221686554,1,77.88654751458785
7.798867470333718,0.0036841533085004,1,3.2735865862633786
6.253497139623569,0.00151723683741,0,2.2003171076425554
-5.639405706747256,-0.0027709656812912,0,-14.645334047194916
-3.481724461209568,-0.0016301119529097,1,-3.8412205873964163
-4.930734832132391,0.0004234891244643,0,34.99727326836248
-9.203724514467408,0.0012288256592363,0,180.56509337193975
-8.02436537017729,1.0788187235754852e-05,1,251.31435344579216
2.377801936794373,0.0026125777363587,0,52.53348964158656
-7.020214298528964,-5.499803213656388e-05,1,184.51113744270486
-8.21882019785769,-0.0028104835093558,0,-16.285707877564455
9.038258065333313,0.0007829857244108,0,23.958442102632553
2.3654264410150354,-0.0009643587476949,1,60.96759587779006
-0.0113991040396435,-0.0010970757481164,0,9.672517361597665
-7.910491721838746,-0.0006351768092478,0,36.55368791410965
6.275167224372041,0.0014662913000394,0,2.442798550530934
-7.636174754849019,0.0003588469973249,1,262.64005487462606
4.544199256088643,-0.0011689324355269,1,163.6164434248625
-5.495504159404887,0.0009152047828689,1,189.53783538932015
-1.8952359522469544,0.0021392886117105,0,80.84347219509033
5.172874470329381,0.0002883961129719,0,20.051064986239993
-4.908033359534794,-0.0043183451217066,1,-9.25290517073387
1.0119750597667672,-0.00122128588131,0,23.611160904014163
-0.7074643863101002,-0.0011347390221205,0,4.317838072389259
-0.7577866258409234,0.0018755111451815,0,50.44742903241892
-5.742015077005487,-0.0006501149408197,0,8.000856741680716
-8.265201858923703,-0.0018225383814168,1,111.44151894827695
7.525793550786982,9.030032729861044e-05,0,46.68973252562409
3.975214456686816,-0.0007946919180557,1,110.86645907636316
7.489041205889826,0.0029016804430241,0,10.407253166963876
9.14334430643352,0.0024465552282502,0,-12.074600999368586
-9.14375224827197,-0.0034187712424001,1,58.46347036531179
-1.614828750551844,0.0005810202995376,0,10.110520177397808
7.113131807323946,-0.0012379529026178,0,124.99758778856287
4.525301982200489,0.0010408512122152,0,5.016972956893844
-1.1455283264083338,-0.0024102046557105,0,29.07472378572996
2.6510441840201477,0.0014435161141546,1,4.079928907308039
-8.42286603172391,0.0004818784355935,0,104.277036921664
0.6936011525704728,0.0024244372278219,1,51.151916259577405
-3.421588941422131,6.154911097849806e-05,0,8.130819677101943
8.10645241870359,0.0008883770881466,0,16.32297370768593
-3.3979922660067,-0.0001819407537085,1,33.35975625235702
-2.866816504169167,-0.0035952888626044,1,11.81514794715366
-1.4286688725761891,-0.0022218795153329,0,19.36692155628269
6.90716588209192,0.0031691078816072,1,7.530148264794171
-7.345097848554706,-0.0044789487343327,1,-12.651302748487387
8.079611152013953,0.0039655486127932,1,-0.5532899187396996
-0.6184262652959802,-0.0016506795361129,1,11.14531833684276
5.419921753270828,0.0018065440878369,0,5.072622507464192
-1.555072399251916,0.001401600404602,1,59.91781518436469
-7.3270291612418355,-0.0032019023418988,1,14.987318213266754
4.976607698472948,-0.001977995322758,0,133.42245556783158
8.672839289485314,0.0017635262238904,1,122.13928055604308
8.078431591217914,-9.257520445911216e-05,1,265.66472663169253
-0.8335448277818251,-0.001952403395775,0,20.353071793939417
9.809013584668596,0.0006791917134407,1,288.74324897499343
8.696856244817404,-0.0018298367448474,0,211.9912010229492
5.409511542390256,-0.0024197301926035,0,178.62407911763628
-2.6177932853054937,-0.0006057581757419,0,-5.2786812269028385
1.4933478691467954,0.0015622276957021,0,18.508596559603426
-1.8423073748887333,-0.0026299737274684,1,10.508460725838614
7.515385406215678,0.0005728261640422,0,25.201818897613673
-7.562644335651432,-0.0038271036975072,1,2.48794414783753
4.031078393005224,-0.0012960761402768,1,147.64473258887102
9.070579201037903,0.0018116496935357,1,134.7622045361433
-7.294367910004052,-0.0039278426045706,1,-3.8899926945079066
-8.19819029917375,-0.0012849201309753,0,17.77473670329543
-8.736377232497068,-0.00191808363919,0,6.296922545922519
-0.7057822726006933,-0.0014323027825666,0,9.566668427597417
-2.5381469129363943,-0.0004081371454964,1,9.806060476813748
-7.217923905261934,0.0002504587096331,0,64.11854190094564
-2.2985534930109903,-0.0022438800616716,1,-2.3001812518979365
5.107258620629642,-0.0023137768190923,0,161.91591146956398
6.262553504786435,-0.0025277660827996,0,212.3599968175551
-8.85920598583493,-0.0021789239783341,1,115.46070956401735
9.309826047432846,0.0016082907487169,0,-4.005371843918794
-1.0067049336029117,-0.0026243360678158,1,28.566560160842737
6.3161732632732,0.0026491097411569,0,14.832443955742681
-9.387390387980844,-0.0012474157814417,1,215.9268553810185
7.975944693949895,0.0021475761956989,1,70.19266822037358
7.603676493566791,-0.0005719932547547,1,286.56959161950533
1.995409054338431,0.0013744579128779,0,11.436176147987494
-5.89834601232079,-0.0022547084613284,1,14.217556668841594
7.9243544199935165,0.0044610108044143,1,-4.576670844144429
-0.1951592888759084,-0.0029304158736932,1,64.53186803109944
1.68460526784688,0.0003204325559273,0,2.9520937651160595
2.777265699965877,-0.0028450944574633,0,137.19348187765848
-4.717810705860977,-0.0016282561946683,1,10.745377212149265
-1.2562607626137208,-0.0013312031645047,1,-1.4838999058065225
-3.629393478746605,-0.0008248605807866,1,15.277693112034024
-7.018816247261692,-0.0017892726941261,1,63.64300954093108
-1.7158653042468828,-0.0024195322740098,1,8.37120621759567
-1.0281652914571744,-0.0001497836048263,0,-2.0912155867928535
2.872913164061499,0.0011581472364963,0,5.801042430388041
-7.101632630108156,-0.0020195695582507,1,54.98007253322808
8.832130236227592,0.0038497880865987,1,7.5643882192485865
-3.376097005138021,-0.0038072263819253,1,6.246444344517477
7.992735505679779,0.0010612974160001,1,150.50600265171275
7.2939584836077564,-0.0026725008248852,0,257.68466575280297
3.6146418944269314,0.002815816522493,0,48.815032219550105
2.848609411515032,0.001443097339607,0,9.466804710746567
1.204391810285033,-0.0021233506275946,0,59.98182176362531
-7.137367460014654,-0.0037496026648127,1,-2.4457767401854458
5.518883058683633,0.0019128158739956,0,5.762960989821775
1.7351816771258743,-0.0023958563388354,1,113.5600682777281
-2.492837243504185,-0.0020876538627504,0,3.470285458073953
-5.573620167494859,-0.0001955026229141,0,19.828998631498138
-9.734761904382903,-0.0039044108520359,1,57.208333178267345
0.2038124725028556,-0.0007178754006146,1,5.96883113377768
-1.080026540078249,-0.0008602808610864,1,-2.84131581582009
-1.996370100101302,-0.0009593836951185,1,-3.6160695432506373
-6.16190257615383,-0.0014038953306986,0,-5.247719884644503
-8.85360939702358,0.0006835449055168,0,128.98838539517737
-3.3651711609654384,-0.0026892860979069,0,4.400573802134509
-3.169052398661762,0.0012900286915117,0,51.07179677135765
5.19815662723131,-0.0005772813395008,0,53.194722991625504
-9.653793175101615,-0.0056553720735505,1,-4.433315022867233
-8.87745890894717,-0.0007299775238855,0,50.45763681998923
-7.853575767046193,-0.0029292049867882,0,-18.940382536883728
4.831522039438674,-0.0013922428566133,0,91.50790400644945
-8.385952474056184,-0.0037084334080952,1,23.596417485147487
6.152100454144097,0.0023002447406527,1,21.32266003733495
4.677492810046163,0.0005441159506771,0,11.344964411765478
-4.28759846396294,-0.0023079432129751,0,-9.060129567343388
-5.256032252364761,-0.004400111953368,1,-12.072020880702722
-8.802534884032987,-0.0024196246348061,1,97.92949392826091
1.938234154945782,0.0025569062223158,1,28.74301361998017
0.0906041230522056,-0.0017087548970069,0,26.046874814399924
-6.20248131412104,0.0017353078402417,0,136.464360977308
-1.2461769374313612,0.0025710088433759,1,128.59577892185206
5.956662014742237,0.0013620463317551,0,3.3694700992868603
0.7996709879043014,-0.0006523999183785,0,8.441042418157087
-5.903937080592505,-0.0026028485766289,1,4.8158409907530215
-6.862679368737911,0.0004974028990692,0,70.15218949322957
-7.776167974915662,-0.0004631510621488,1,190.62820590106034
-3.5329799630107037,-0.0038424805972487,1,4.057849709165294
1.561871419013066,0.0022708506675163,0,44.499866480789834
0.6390194662238375,0.001671732654717,1,21.483344689325175
-8.978330408002705,-0.0016938181058795,1,155.47425748752963
-4.488821556911087,0.0010118493544998,1,146.32417187699576
2.6887552465967524,-0.0014526532602525,0,56.38697441442412
-0.3755751300251138,-0.0024692480814011,1,40.274429659544055
4.202409039154757,0.0010410665876652,1,27.690489134341785
-8.87369832224685,0.0009884263682811,0,151.49411174323464
-9.67985500739111,-0.0038135493799137,1,59.3891619513871
-7.561293843212111,-0.0012955235848481,1,114.65923562710753
-5.673587633647115,0.0006479959833119,1,174.50564502098175
9.142822709822738,0.0019360104668136,0,-9.451985719447102
-7.300914807704329,-0.0047051431335924,1,-15.79081458875756
-3.289991360985269,-0.0001440756133807,1,32.372935809546554
-4.663672449109959,-0.0020864658984553,0,-12.006228749769019
-2.3136502484219807,0.0010543348603717,1,63.59746581027336
1.5187276099832374,-0.001760907997114,0,50.020810721591914
-0.6850294252409821,-0.0027224355123305,1,40.53424466667106
6.932031513450209,0.000917048757549,1,115.94900171453097
-2.207091503463632,0.0024678672658082,0,108.74701968676075
4.822263280981545,0.0020799064552192,0,12.104007182377092
5.824889140901908,0.0002936441429316,1,115.0127281851166
-7.793575736513485,-0.0008286306261858,0,27.317655381214333
-1.3076950247272094,0.0006533620511206,0,10.223432437166455
1.79645680574464,0.0001529317710025,0,4.172932598222283
-1.855999782472729,-0.0006305330898723,1,-0.92369731450405
7.820490326415243,-0.000262272604422,1,267.4945361182159
5.53928617606096,0.0007703319254491,0,10.465023518403113
7.569486041170506,-0.0001174319129187,1,237.3308939855114
-1.8681845196244515,0.0003417973155428,1,21.04508669893272
8.078919064279436,0.0045806568208454,1,-5.369373319729287
-6.463115625562359,0.0025312463866345,0,213.46501882400378
4.013067631112408,0.0004172336361565,1,46.94112359330681
1.5004664907578285,-0.0009763057047768,0,22.35415088800862
-3.198543311138753,0.0015197475828067,1,128.52789209067367
-7.580957569865008,0.0009050361569618,0,110.59634395758906
-3.503357337550412,-0.0001367813997598,1,37.82614548398932
8.52386495345328,-0.0021378377694842,0,238.81978693534845
-5.151685393052807,0.0024071474799929,0,166.3172447859346
1.2338711056133604,-0.0013345799942258,1,43.05187400217805
1.5130488759485168,0.0014335780339621,0,14.989649009094794
-9.150051268872488,-0.0020174417961234,1,140.57440667604416
5.942268441039097,0.0024310552034293,0,12.312335057489156
3.196323093356906,0.0022100436674846,1,6.086453575293321
9.81948513345374,0.002150859046226,1,137.43812275497106
5.629139504345611,0.0029452955309739,1,4.180559939029444
-8.083492745601111,-0.0039332504088452,1,9.568874903404188
-2.2739540801249047,0.0021536561365276,1,139.35299300671042
7.367983838389428,0.0001998871883917,0,40.00236632396588
0.9265715446852862,0.0027360891838221,0,78.02498812254467
-8.742632297760174,0.0009169699939425,0,142.37293680096812
-4.2735978978649065,-0.0035126230240349,1,-9.49876820305461
0.7022370260014696,-0.0025096189916781,1,77.52661099228877
4.33010799665462,0.0038403262274209,1,29.33088405206246
-8.426568592333922,-0.0052937311454224,1,-14.581021275602877
9.345978019846232,0.0011635969905953,1,208.5323219284551
5.192613980753926,0.0027581983938939,1,4.48810786765172
-3.254233631015131,-0.0030848900663778,1,-3.3013938020128717
-9.804413055948636,-0.0033596128211598,1,87.04598409473189
-5.675729334518518,-0.0015591379702212,1,33.58492870142352
-3.004597484204073,-0.0005322534156768,1,13.407846247422437
8.349601064282687,0.0017057917138525,0,-3.6034480051851663
-1.4845283221985213,-0.0027572629911465,0,34.432996484265004
6.80824321618821,0.001559208448369,0,1.100234474491641
-8.036300516061702,0.0007226194302483,0,109.90280019672502
8.803162403834392,0.0055575173271043,1,-3.487528063952847
8.978364067512352,-7.991314801636299e-05,1,323.0776803865572
-9.579203561568884,-0.000978831735697,1,253.54580991158988
8.268186849921804,-0.0005067527972844,0,91.12147937638883
-2.820475777527898,0.0025595871275018,0,127.40930051302357
-9.089830146863214,-0.0011504695663531,1,206.46793108909804
7.167009507381266,-0.0001512973775385,1,217.3351290497097
-8.555038397028039,-0.0021003289484508,0,-0.39155740516064547
-0.5852318542557065,-0.0009845815046773,1,1.0413431864651774
8.826279384033484,0.0021214722150873,0,-9.526678159327977
-5.029881234346028,-0.0001801445093249,1,82.9692653584452
-7.235447608569643,0.0025306329363617,0,237.0100339565468
6.964625712804878,0.0028775556262144,0,15.239955100632192
-1.2859378584377943,0.000334475974135,0,3.6053045448951346
0.6367456722166871,0.0029134248462658,1,81.22498168418338
-8.801469144559393,-0.0020999072631447,1,117.93340371557244
7.772927467900224,0.0023185407032113,0,-2.6954923568538254
-1.5086256733041523,0.001415774035486,1,59.32277952864789
-9.467046798108337,-0.0033624988006532,1,73.23289816272913
-7.365161649174987,-0.0018935521027975,0,-6.343720419788047
5.902959099125933,0.0010298428820203,0,6.9656736478600285
6.815949799919039,-0.0011749362758338,0,114.6668738053229
3.8130196466039497,0.0016066304891946,1,8.962201114242005
4.968079342973827,0.0036309634661893,1,12.50463797523093
1.2928605495409575,-0.0027891963520634,0,95.04962537326367
-1.6365336720061094,-6.047703112602311e-05,0,-1.1184345135116045
-8.887186842779354,-0.0029955289028201,1,69.62224949103225
5.790472249890442,0.001225817752871,1,57.67104118094627
5.95470063219528,-2.219795211875853e-05,0,37.07595980080568
-4.77671775556778,-0.0008229368804185,0,-2.5816009712310413
7.279358339141108,0.0007333937946723,1,145.02035034690832
-0.9429662695883304,-0.0010575417407266,1,-1.2208379859854288
8.047128241211638,0.0009703479024163,1,160.8633890794824
-9.252802134528736,-0.0007884726178322,1,250.72743659498843
-3.952882707054979,-0.0021658453188946,1,-7.3287762911791265
-5.684736939145687,0.0007086648994886,0,59.654224544476286
9.31948814678815,0.0038555661539987,1,13.246223400201979
-8.266404431046006,-0.0044896169062807,1,-1.1894698434577957
-1.3721523806798146,-0.0004400865335198,0,-3.533931785104473
-7.649657094192699,-0.005194235202098,1,-19.001017145146477
4.238293637219508,0.0040631789440163,1,40.68910606255752
8.888884111917207,0.003369491260534,1,26.900387078325505
-9.575136073047195,-0.0013329271007286,1,219.85093449265395
-3.737835527510745,0.0013723636278259,0,63.5792657959333
-6.102973515044692,-0.0027739402734221,0,-16.683253558533664
9.080571354660028,0.0026525024186289,0,-10.253821542955892
-1.8391769006359235,-0.0026542056604867,1,11.093694555583072
4.82923807814448,0.0013941964662253,0,4.334907045324084
5.6521500453169065,0.002078001105041,1,20.43879927824032
-1.2007884341833286,-0.0012993053532231,0,2.7913583423928676
2.951228561850358,0.0002207434437853,0,8.473685720212668
-0.107443982341941,-0.0005747815640578,1,1.2015034676810443
-7.670351630150243,0.0015891379973473,0,163.58002636805585
5.5394023783188295,0.0046418096807819,1,34.62801118437272
-6.537455931925022,-0.0027613507671248,1,11.815629044715473
9.022392270489124,0.0048436418965001,1,-10.730481462332607
-1.9583937583598967,0.0019185383174461,0,68.29806612639868
8.194518087382239,0.0019461613285597,0,-5.455876694861439
-9.247539488869714,-0.000691361039732,1,260.10282295644873
4.152856051335149,0.0036992137750929,1,27.689387827033624
9.252353031394406,0.0013955906101544,0,1.7054131024169137
3.2436443175459555,-0.0001018730884352,0,16.264883577952627
-5.555743120268475,-0.0004111370523479,1,88.5293088109878
3.611741009350361,0.0002112995190689,0,12.140940426656526
-6.704828508878098,0.0006920563904709,1,238.2488163356205
-0.5181378387540789,-0.0024603478257257,1,35.994788122736445
6.916973642432687,0.0026088790835278,1,23.219578033249327
-9.22547621544946,-0.003845903351697,1,42.53373874783077
-6.135828109977711,-0.0033344336968146,1,-6.884451060343902
0.0375808910405179,-0.0026896649126687,1,62.03782277765641
2.3246541860561862,0.0015393894193126,0,13.48612875086779
2.699841016760514,0.0024908330719176,0,43.0658297737009
4.745463478335525,-0.0014370967613149,1,195.81859196307957
-9.37926966784369,-0.0024748616107071,1,120.69036620484471
-8.183313398947105,-0.0051379262179284,1,-14.579938485164122
4.899766598854088,-0.0028218271302882,0,197.27378115102223
-6.785539640863513,0.0005821937858835,0,73.26105558689667
-4.0866511396948,-0.0027982652449821,1,-10.503754026443533
1.9092667079847807,-0.0006205561718253,1,34.23598962679776
0.8915850479688299,0.0024977041915021,1,49.65533377951108
6.896416034475436,0.0046375988864333,1,7.736907014606965
2.6419403688933656,-0.0010950453254806,1,76.7211345537938
4.351334545030603,0.0003831030240531,0,12.877559420828712
3.703137331154633,0.0009410747389131,1,21.691387791203805
0.5564818555990385,-0.0013302034928988,1,25.973875105063264
9.026999133841516,0.0024093833661834,0,-11.256057732893117
7.265742856818946,-0.0004628490476082,0,74.50271672029905
0.6723711993844397,0.0019819163165372,1,31.809292185434344
7.814776322334346,1.7912746528594768e-05,0,53.227983427090415
7.687986171288021,-0.0017713106854039,0,181.7600840373906
0.0527491527415833,-0.002781869546841,1,66.66098381242509
1.5786806277638643,-0.0003798043849556,0,9.566290846825389
-0.9076286466879004,0.0021311764486233,1,82.89860135887264
-5.705163878482187,-0.0021741179981721,0,-14.564554364549242
2.95955378061163,0.0014088420714898,1,5.338842851640137
-2.944497875415917,-0.0019927964346203,1,-7.558328009954434
-7.680411020540268,0.0004330037023429,1,273.65771184716033
3.2514575925722298,-0.0012162632170617,1,107.1389507911108
-1.2046739121784569,0.002517311959862,0,95.23826843270896
1.4334519477663363,-0.0020306578114705,1,80.93108121109731
4.502015951530323,0.0011506676728301,0,4.597337461451505
-9.966650799503508,-0.0002902000797751,0,98.48765934987637
-4.031283068720619,-0.0028818079372825,1,-10.39788330088243
-1.6619593036953422,0.0006950456911565,0,13.325514668380876
3.560631518174688,-0.0014126045167552,0,69.40475466542523
-7.622873808983821,0.0011795217303811,0,130.70774402095265
-4.368051111284725,0.0008904589553078,1,130.78785250184902
-8.801928172636536,-0.001677957702348,0,14.054629360000387
-5.647069927297999,-0.0002364187059441,1,103.61318648555047
0.6361122245988327,0.0007155852807431,0,4.615086291063547
-0.3108049954186214,6.5959916642722e-05,1,0.005504151220456555
5.915342374055349,-0.0005909727448494,0,63.467650974114534
-7.307126122565009,-0.0038150787891538,1,-1.3517080030158848
4.536568842821325,-0.0011780274177835,1,163.929363212655
-5.80271543437523,0.0028867631040103,0,230.31982854587793
-2.5467104602529966,-0.0005354128501916,1,6.858943879058556
-0.878950919735221,0.0026256310086996,0,97.62759809787161
-1.7049967000339414,-3.8962759529215086e-05,1,8.032924965702938
-5.437020482418486,-0.0024883075777876,0,-14.344522052601029
-6.1033629460057925,-0.0016465568793076,1,41.530648841192516
3.239881622361123,0.0022852667853236,0,29.43007155070824
-4.746966570962739,0.00047139478084,0,34.58759343232314
-3.6547534330605735,-0.0006137413983931,0,-3.732858042638814
5.534674476426865,0.0001717161964831,1,111.50585875643597
3.063238555652521,0.0033402180113653,1,36.39184713065705
2.331375472965684,0.0001979951493175,1,18.244799387292066
3.1655317688832625,0.0001179041009033,0,11.254735411085942
2.319161147275926,0.0007487248980909,1,7.553756459382416
-1.678795356635142,0.0024028150690914,0,94.97413332497177
-0.7002463918703512,-0.0026544483430334,0,45.30596083152509
6.881805543757444,-0.0024063326216328,0,219.14221503405332
-9.001508190397697,-0.0036554199695081,1,43.27678704596587
-4.559738394726372,-0.0016676081527499,1,7.1667076145440785
9.944628257825944,-0.0001748929352384,0,88.36160161360448
3.578667342907334,0.001944476396015,0,16.386912228723645
-3.625737398716682,0.0018671202674577,0,91.80462779845871
1.3814764112097837,-0.0015777690699908,0,40.545764710809806
3.550036862007513,-0.0012646258573037,0,61.8583780348796
7.15989732494749,-0.0026542981342318,0,251.65153405060445
-4.619267563172491,-0.0025351231402233,0,-9.622770962292288
-4.36946735737523,-0.0016741112940295,0,-11.220849213022612
2.745347723060757,0.0029948048051589,0,69.56348258039617
-2.800059268775767,0.0001318036256748,1,32.27023787831525
-1.8401992539103755,-0.0016448971926345,1,-3.5438733011002403
8.143379174854456,9.082938536784637e-05,0,52.409285467253504
5.51526837864518,0.0016480805666018,0,3.7080665973526727
6.065284393324749,0.0009122455108734,1,83.75239290277796
-6.720029747871226,0.0001695480648229,1,188.0829012574781
-7.3946507473785905,-0.0002013869287016,1,192.38572484691332
5.351508159838282,0.0024017718468295,0,16.152056007562194
3.668177114105152,6.905481392772457e-05,0,15.421794240764044
-4.85209238890552,-0.0025155051785657,0,-11.288743876781766
6.471342373273362,-0.0027676874039301,0,241.2197635783879
8.475115618097163,0.001400810128136,1,143.58979791840696
8.408236249567189,-0.0028488911307171,0,312.89400952537835
-3.858808331336558,-0.0024087230126035,0,-4.879245247258997
8.434600266121869,0.0013323298815991,0,3.595026476996312
-6.125461753976891,-0.0028790221797245,1,1.7214910874063052
-9.258199971063169,0.0007890239680178,0,148.22629493093706
3.3388623205771992,0.0009328441359327,1,16.213194024857373
-1.541490050526047,0.0001877962716435,1,11.425178429010646
-6.271408323692389,-0.0040447163070409,1,-14.416936176754852
3.0144473346519867,-0.0021922115680127,0,101.71488072723403
-5.392633659123433,0.0012648673990999,0,85.91354847001375
-2.979768210510347,0.0029771536868685,0,166.92077382512267
-0.432727720214153,0.002206283151906,0,64.1918469904214
9.740028637693973,0.0041344170137833,1,7.901006261893517
8.129883918586543,-0.0004741890434615,0,86.96663105875078
-7.993032971807468,9.549148614504165e-05,1,258.1104411437798
-0.2450894175972315,0.0026079280792788,1,91.5404293457251
5.000716534844475,0.0019435845950591,1,15.03316445730329
-4.165542523325188,0.0027120047641281,0,169.81956981544977
7.860460959714619,0.0025207722792427,0,-1.1213922614824683
7.861675947308651,-0.0004732360964236,0,83.2293360991194
-5.444913735340807,-0.0001455473790525,1,101.41746778079656
5.845762270234678,0.0007414379007183,1,86.52676862482957
-9.15434206360466,0.0025175792784979,0,302.81582364111836
-5.746124443686216,-0.0042511137849365,1,-15.425488521021862
-5.765644545515574,-0.001343929684613,0,-6.355736566492443
-7.938476682226428,0.0019470521248688,0,202.59976732627393
-2.8399464157946603,-0.0008942860916318,0,-6.923158252067677
-9.680381732640893,-0.0003931551365503,1,322.7689603786138
6.219526598486546,-0.0012956758878575,0,111.8418505974062
9.346936326014792,0.0015589643101747,1,169.90186022214948
-0.6324241254056453,-0.0009809653805235,0,2.7265322095652818
4.191561925999,0.0012649893982298,1,20.77754494091361
-6.023536172027681,-0.0024669204036587,0,-16.009779134987994
1.4406518587237098,0.002191391340842,1,24.958284640682642
-8.384290849823476,-0.0021320460420411,0,-2.8215358637637973
-3.594049743146264,-0.0017350801866184,1,-4.469706203247032
1.4216185158211765,0.0026494874744621,0,66.10296863372386
7.81893519234054,-0.0004037328562167,1,282.4691967138279
6.523656500562304,0.0018929217678891,1,44.4515805820948
-8.644422800673215,-0.002863306799771,0,-14.93478848602606
-4.4563461647906895,0.0028983634402244,0,194.7123444979148
-0.1369285634875172,0.0003308556220756,0,1.3389621487227084
2.767356189807016,-0.0028663094270554,0,138.34364529418386
-3.7116619940696074,-0.0001972193954084,0,3.901172192553365
7.196509270921329,0.0014061180044445,0,2.3392123723012856
-5.664885039133916,-0.0015151718659105,1,35.089156307740375
1.3918808677637635,0.0020759380742856,1,22.018742972603906
8.12118390766188,0.0016179154390276,0,-1.8244587539976973
1.6052784335771353,-0.0010840396542682,0,26.744731442373165
-0.1358188392069514,-0.0014825639295578,0,16.919094440755938
5.426011511176622,-2.9165953352777303e-05,0,32.44219548048588
-4.472361607900424,0.0012461112810113,0,68.26062945805066
-2.372412710605241,0.0027892340682056,0,137.38290155610255
4.4986581160539245,3.788068743696286e-05,0,22.325709372959984
7.787300335840023,0.0001054552454045,0,48.327168900470156
6.824920461747684,0.003938132658854,1,0.18323131316404506
1.4079642211911896,0.0020481103236709,0,36.12072282968567
-2.861203894781412,0.00231302664755,0,109.1844190885507
4.396355604703107,0.0013254890201541,0,4.727477637702946
-0.4927184963084734,0.0018667965914536,1,54.45440684551174
-2.1801026324069,0.0013794067966471,1,78.54373770180365
-9.469575463819684,-0.001362831733724,0,35.88856611149596
6.966163358226979,0.002300244504116,1,36.20348419721251
6.7968648939571565,0.0002261629834324,0,34.16628219501829
8.517364316900405,0.0020994877658075,1,90.991951512828
-1.5212164814367526,0.0021286863863485,1,105.39691075929747
-9.149586648698318,0.0027800127729143,0,332.7512981948733
6.448664924565481,0.0041331903283353,1,4.459432140586539
-6.917578369409389,-0.0012940723672704,1,87.4930579705414
-1.648128984354507,0.0001602259157964,1,12.162915896810631
-7.619742753399265,-0.0027405709853713,1,38.9490365286207
-8.247328816719541,-0.0051081894273284,1,-13.470635391313934
-7.165431491365178,0.0023390313034132,0,215.68576042366504
-2.097967448306937,0.0014943211214099,0,47.484077917159304
-5.10458296502981,-0.0034446393742007,1,-12.965179980173197
-0.4789227676733336,-0.0024203128132976,1,35.68403617644273
4.206071423017315,-0.0015047372578477,1,172.13084568068757
-2.574851824175173,-0.000725442134313,1,3.1806016957752994
-1.2847981510903583,-0.0021647575217252,0,19.861861110022215
7.160753148089068,-0.0007936445074617,0,94.12074538432145
2.297469089703672,0.0003732851606049,1,13.714731272871244
4.194055464860099,0.0010481154825923,1,27.302336092805543
-8.119745136176146,-0.0016141035751636,0,7.0882619768961
-2.13632580309927,-0.0007658215603929,1,-1.0177834366978828
8.711784225747593,-0.0021841556009328,0,248.8704634740976
2.754274974572146,0.0017507414748231,0,16.28431329124289
7.231750669654346,0.001181682640183,1,108.77256326095565
-5.22748074592251,-4.2960703285838734e-05,1,99.46548589644715
2.354516585016853,0.0031895606611817,1,46.31965173236034
-7.923607222708251,-0.0019339148489676,1,89.8335833897763
0.8328727998662266,0.0023288046253599,0,55.3909635657061
-6.436537491198875,-0.0016039486698523,1,53.53061944066447
6.707096625684077,-0.0026275216284372,0,235.0406455101077
9.714970657899656,0.0024275510785502,1,109.82237088741743
-4.9123518210726935,0.0005453325965053,0,39.934795281093486
-0.4690747781400457,0.0011420853777976,1,22.932313506997424
4.56909266798862,0.0006863933372383,0,8.58520177256722
7.996953951483054,0.0006380115036437,1,188.25484435914754
-7.625472439156438,1.4952838711067946e-05,1,226.50703803895814
2.107200981493357,-0.0006034037670979,0,18.70828060424118
-6.785492093655643,-0.0018882356496723,0,-9.700114544732536
-7.591359908860811,0.0005857134148651,0,90.67691799836373
-7.359220755512079,0.0002653348840208,0,67.69591215593181
3.324283627029009,0.0031673176008587,1,24.706408204096558
2.485503586525697,0.0016758053061787,1,4.530344073452845
4.6964608387684486,-0.0014768752675788,0,94.0627614087019
-8.978772610630141,-0.0005009628697669,0,63.16755813723722
0.2376018198490115,0.0028299008573684,0,94.48926933638793
-9.949679919909212,-0.0022288742377509,1,167.48321674545133
6.877873233283228,0.0025877612251632,1,23.32094115814288
-8.943814368011173,-0.0044188969743499,1,14.307274245354847
0.304735783329729,-0.0027779562271829,1,75.65673475707402
-7.580433617275515,0.0002073805209372,1,243.08590865454676
-6.490506332693757,-0.0002218306799999,0,30.634131420085783
6.138119177594245,0.0006766983559463,0,14.91285880523435
-8.426728969118898,-0.0035068102744646,1,31.951029063498716
7.438381761010678,0.0035320319352341,1,4.065262384933911
-3.253622317709574,-0.002993989349899,1,-4.324992566948099
-7.496604122801798,-0.0012781020776347,1,112.92795378281323
9.8361212133064,0.0022186401385999,0,-16.43236912804047
-0.9823761368585444,-0.0012662238372285,1,0.2826935725016989
4.865217971717268,0.0015207828954662,0,4.710608772461958
0.471642499502769,0.0021054419778978,1,41.410569408441916
5.633176125941413,-0.0020120969899058,0,151.8317908645018
8.622679489477495,-0.002983808261238,0,335.8794644282384
2.479456887673916,0.0005908961355744,0,3.917705747536326
9.633973563298383,0.0026273311620739,1,91.34361922930398
0.5259308600014343,-0.0004276834688507,1,5.443501215891529
4.852284099326873,-0.0019098021414175,0,125.69230483087009
5.395138872612623,-0.0007310131567316,1,172.49139539886286
5.440809969224596,0.0016362464174702,0,3.8569541232974736
9.261603644879717,0.0045182518088878,1,-6.718641292686308
-1.6788612470456314,-0.0029138396887469,1,20.817942828683783
-5.129717950477906,-0.0011184336270998,1,37.54109398159839
-7.114026055513056,-0.0019202334009799,1,60.266193067442536
-4.76092617330136,4.221277737699175e-05,1,86.78870284106159
-9.347758168619142,-0.0017553594114323,1,170.73508393429915
9.629610317565897,0.0010673197679132,1,234.33393507564517
-4.52663511865034,0.000373485257065,0,28.011773494092903
-7.998021799371482,-0.0016937217090627,0,3.646234678629126
1.622722935671252,-0.0023822640981147,0,81.07219935495144
6.467824194643978,0.0024457114088503,0,8.580513656117066
6.470372971170995,0.0016865799511015,0,1.2620588889254427
3.306747353657516,0.0035522090904129,1,40.013112378812075
0.9685759909981612,-0.0013041094383855,1,34.920786894871426
1.4159090312894769,-0.0006060156645211,1,22.92966163997273
-8.803953403281948,-0.0051052418380447,1,-6.174876465038677
6.357086996337255,3.266344905419072e-05,0,38.5336107801256
-8.029656374022773,0.0002495926563082,0,81.1305084495011
8.679074794859623,0.0015166082277503,0,-0.8642775571821808
-5.98123216227515,0.0006387326201147,0,61.18281025096108
9.936257686466362,0.0024008029324034,0,-18.40400197483793
0.0604885580864262,0.0025927261749748,1,79.84954575587079
0.4991800335483827,0.0025622802882516,0,72.97029070818684
0.5199384366594515,0.0011162700607231,0,12.227212180176988
-0.1057156761516697,0.0015661753433455,0,30.185029817139785
-2.2630480731206486,-0.0020281535327147,1,-3.977935041783343
1.5095042998701054,-0.0019128097567727,1,77.75648689445953
-3.934783245605973,-0.0019042659959275,0,-9.437299065487261
0.1198978672470278,0.0016872203168757,1,31.532988722438343
-6.823953530573625,-0.0020101468359666,0,-11.26141046966144
-9.985381247721266,-0.0011050073372924,0,57.33152573800355
-9.33762520796716,-0.0007233228017662,1,262.9182055115725
-5.743863251327315,-0.0008649952676218,0,2.718847843250514
-7.832995554604361,-0.0030515066361708,1,32.670485522462265
3.2518371646385877,-0.0008493435021356,1,85.6111786232901
-2.9362824198422537,-0.0024115845682761,1,-6.397092756133174
6.547589341770582,-0.0008518716682374,0,88.09674211690998
-8.016255828923606,0.0012726760818583,0,148.30294809984065
4.926214016977081,0.0006149008079941,0,11.088078956339363
-8.542131594416343,-0.0052498097389458,1,-12.5663057528338
6.574623555329712,0.0024216746086711,0,7.282124243320086
-1.2594311794908002,9.863028422857676e-05,1,6.121692706363663
-1.00155800169874,0.0004858066026582,0,5.332425361465655
-4.074968652892661,-0.0015045362428376,0,-10.366395618812687
-3.4996691449365542,-0.0033132799361706,1,-3.5082004041997745
8.81876568711687,0.0007436722241001,0,24.76221843133611
7.574282239038755,0.0006646678895594,0,22.073076526525675
-6.243405054495121,0.0005642725107886,1,198.03647553785066
-6.909091716352398,-0.0015066999924488,0,-2.137712970296504
5.589265265676332,0.0021550191325803,1,17.379881537436
1.2340476019782969,-0.0003927488349629,0,7.403607954027154
2.5512566190918413,-0.0017756238779246,1,111.76400430871269
-1.2448843773163194,0.0002028070751569,1,8.143238388710685
2.046184523413128,0.0012047683879946,0,8.22806566408271
6.713313400234178,-0.000434774978249,1,218.24884325840407
-3.626071643835747,-0.0006323131341987,0,-4.066669159594364
-1.2206660944564476,0.0017790489410817,0,51.03997008825664
-8.08976626394143,-0.0027001734956922,1,55.54117755228156
-7.427502920562771,-0.0014903359944696,0,2.7985022478024346
8.159329007423207,0.0044627584081636,1,-5.6220138665897
-5.800833895762951,0.0020739855776094,0,153.80422648530848
-0.7698988826508106,-0.0003020548034543,1,-1.5263752470626304
-2.4166071889694933,0.0009693051759181,0,28.279880302255073
-3.923484744035077,-0.0008897453286275,0,-6.461607958928923
3.996204676352768,0.0024006398484564,1,4.775932472765167
-5.3759305993346125,-0.0025555653863692,0,-13.949613054845099
9.315027621981752,0.0010451094310725,1,218.99649285721816
1.710763949209969,-0.0012961992362786,1,55.43125368010339
1.720288265857823,0.0017677334179337,0,23.245849427474223
2.4182584457812126,0.0014574932693537,1,3.7950082235549623
-8.627949272191334,-0.0029576935316814,1,61.97767301196335
7.22199286237004,-0.0002270046041389,0,60.26830411705808
-5.546875129874145,0.0009579490056779,1,196.4739313496131
5.768536135884403,0.0016232871892215,0,2.990703312993967
-5.7331808907611865,-0.0003994687699474,1,96.2802737561172
2.156523932437665,-0.0011988345560117,1,65.24021666760913
9.34469008658052,-0.0005550468570142,0,110.03728555250541
3.8459558008889,0.001883584146291,1,6.038442453363189
1.1034090156402776,0.0019265137360967,1,21.98595675069501
7.023651431435528,6.16402279860923e-05,1,189.8198110186581
3.284587941037371,0.0014113140223256,1,7.313083569410003
4.100371339604509,0.002817851160749,0,43.42588428786864
-6.965682795822639,-0.0049818739615343,1,-19.045804527366766
-2.746990083594369,-6.329143755345588e-05,1,23.755608969852624
-8.735349462795316,-0.0024337441571602,0,-6.147489664750501
-2.7283525964558226,0.0010562073661105,1,77.2180246451342
-7.582228850007826,-0.0022180223657127,1,61.477003510308606
-2.257303636888337,0.0012297657663576,0,37.20037709769524
4.660898035653638,0.002439928939608,1,5.129927764959193
2.1277658562739017,-0.0009231201171147,1,51.84606975222035
0.7625811576122477,-0.0009836181090447,0,14.714511403680712
8.203489443081416,0.0010203301823736,1,163.95311377621613
-1.4408530193078946,-0.0026167736173775,0,30.66357543533238
7.401645267132075,-0.0025174867526538,0,245.30265882632096
5.9784511752459775,-0.0009277314297187,1,221.4892417787764
-6.359559538084573,-0.0030655275451513,1,0.9943245214718097
-8.918923954834412,0.0004097680423991,0,112.61605170809534
3.558597739924989,-0.0015170101016869,1,140.62497361598497
-9.592246915212838,-0.0056526070792741,1,-5.463878110904
1.7431968376758429,0.0029369134521657,1,49.50755385781468
-5.176450568543178,-0.0028987429473845,1,-8.63256154265009
0.6170866834746658,-0.0029472942054167,0,86.91588900501262
9.190113841033025,-0.0005638400895561,0,108.49387556200972
3.9177452800414265,0.0005598462488099,0,8.046544627069055
-4.152321576097298,-0.0015916712215457,0,-10.664943922286188
3.3014255397204355,0.0007116994211545,1,21.19161447188841
4.132917382224392,-0.0019401855877325,0,111.38773200731683
5.28948364607704,-0.0013425640051733,0,97.11308980796511
-6.722801656141186,0.0001168199534561,0,48.54976220315728
-2.5767446713348257,-0.0008036137503269,0,-6.300892110137412
-5.057362471796145,-0.0008914073958518,0,-2.346853989651222
-6.350666670674531,0.0013576968076761,0,112.23274838457209
9.408062219365789,0.0002619359726129,0,53.530087219267386
8.915014223294907,0.0051735816218248,1,-9.987933918120142
-7.933129281077398,-0.0034584531881525,1,20.725060851623173
-8.978694769651012,0.0014765759722558,0,194.0576527849239
0.3965335933096536,0.0018041180189222,0,35.21538295404016
8.005191936722838,-0.0001267681207502,1,264.72714487764506
-7.179173290093193,-0.0001199116618131,1,187.5615578131335
-1.7885061575197485,-0.0028134240689564,1,15.808525532184376
-0.938794502742164,0.0004643463169471,1,10.54568495037686
8.77776892038662,0.0019063068999143,1,115.02572921548904
6.959838485009374,0.002264588444018,0,2.116539876091225
-3.0601761233921483,-0.000651140018524,0,-5.366602099955018
8.747233469565167,0.0016750816455536,1,132.43816091752814
-6.05104035949382,-0.0021062805965487,0,-14.19499952924296
4.396070992085704,0.0001552825710119,1,70.77025003746624
-0.0347931321326715,0.0004249111448528,1,2.303526127794936
-3.261832463730099,-0.0017536203597475,0,-6.728228629119207
-6.308638174267401,-0.0009421936319962,1,84.90270515779193
-9.642666125650114,-0.004066473777326,1,46.935647846604724
6.7343524706644295,-0.001870661939389,0,167.3533992992152
6.382311642236157,-0.0003250821507622,1,190.01645605037834
-7.4231415503840275,0.002366018825615,0,226.35361942793162
4.81205524909578,0.0026796590063194,0,30.016620230960857
0.7955953261104725,0.0016018789080245,1,17.053218559732713
9.73377550350376,0.0030197097022466,1,66.6726330108092
3.9120817477983945,0.0011543622576978,0,4.723155586883807
1.774237791882138,0.0008427913392815,1,3.214280500197953
-2.2970769120519074,-0.0034462838815561,1,20.78662789086416
-5.45530473911098,-0.0045394252292272,1,-12.964943660141397
-0.3202470885363624,0.0016380293296029,0,34.97313535749335
3.294548773927124,-0.0020719375871363,0,100.83521773147592
9.109309878575004,0.00140544166093,1,172.7702669800982
-0.8271179126144172,-0.0029869258363176,1,46.037476065736605
6.333757408796835,0.0006151637443389,1,113.30332375623783
-0.020517527312533,0.0023188148490622,1,65.67419913895398
6.690334806068378,0.0008461164139186,1,111.3233520155676
4.031616760920993,0.0017431630678052,0,9.837961075733505
-4.219645812197856,-0.0037792589199131,1,-6.771796406723807
-1.055832142249539,0.0016139301073748,0,41.27628478766712
6.832159935221643,-0.0001485426519779,0,51.7532388919148
-6.35797661371832,-0.0002089731503017,0,29.257816324248147
2.7318404188322774,-0.0020471898299067,1,137.3866686562049
6.504120434077535,-0.0021191561273198,0,182.76217397187
-9.081955037118226,4.712815986319946e-05,0,94.74900145374284
-8.838474325027711,-0.002622433914591,1,87.66336633287222
-7.834670246194273,0.0016281920416332,0,171.55162503095264
-9.418859028902304,-0.0010336911724053,1,237.7268654068816
5.444923988783433,-0.0002827095262159,0,42.82206348391025
7.456993805797374,-0.0003377092014503,0,69.4500334956467
7.802751647836029,-8.455316364114499e-05,0,58.769315112063566
5.984184755736033,-0.0017772579593896,0,142.07997548466582
2.668250219372496,-0.0015868290981545,0,62.248208693135055
3.8490109875679535,-0.0008695130578588,0,48.26762084767107
7.153534379263114,0.0008192774318642,1,132.6060948368037
9.94852198955044,0.0014511452190936,0,-0.6225965295325024
5.0363755052195565,0.0015999987851035,1,25.029440464778464
9.349703371082889,-0.0021016016298299,0,257.5176789881792
-9.81795246851078,-0.0018984198689171,0,22.73337483432983
8.632948793544802,2.008994687098196e-05,1,288.59510249343066
-2.374864830183241,5.261134202658782e-06,0,1.6300522222701979
-0.6990643639670342,0.0017681313182678,1,55.009416965144865
-8.890914411208525,0.0006404457909209,0,127.07901985746022
-9.247956927271897,-0.0014442233803266,0,28.842026767003293
7.768597172710379,0.0022448684429953,0,-3.1914098204578267
3.6233825353002658,-0.0006031773150066,0,34.802249396398146
-4.805301168910638,0.0025082540844144,0,166.7901968165287
0.2489606519109664,-0.0026817843545354,0,65.69078282252966
-8.919944300973055,-0.0022781599186734,0,-0.7861908424673598
2.3511963663405773,0.0008528112100522,0,4.164899205616765
8.72570883516795,-0.0003807474779125,0,88.49264231475212
-1.3336039673247555,-0.0018753143468742,1,4.364418282330486
2.100055111290759,-3.711354610989159e-05,0,7.586579640653548
-4.348140370103306,0.0029657555478702,0,198.62009210806843
7.659587554266491,0.0010258801685137,1,138.42092298190434
1.2505851214942432,0.0004003905948418,1,3.0009394216633627
-7.101698016734856,-0.0029588920829522,0,-19.5397438549878
-5.117194011114583,-0.0003813457070666,0,9.598520001984152
1.501164275129014,0.002094442376222,0,37.211316883321444
0.8384009366177043,-0.0010357336881441,1,23.390483918988668
8.549712225353765,-0.0025860985118071,0,287.819572706059
-1.047142933601613,0.0020385219885472,0,62.70106943561146
8.07794853343285,-0.0026219935733027,0,276.9868400548418
2.280149000727489,0.0028984440436604,0,69.85297067386804
-0.4815468274685841,0.001099439946549,0,17.28023904413022
4.218433532291977,0.0018183706418676,0,10.285311409497893
2.0624103798046534,-0.0010990390355085,0,33.00666014789865
-7.8219438526332,-0.0022107032719696,0,-8.960976507912125
-0.1643219169025922,-0.0004449537606986,0,0.2039363128938343
3.342119517801168,0.0014744898231499,1,7.011655197185961
7.983780677194719,0.0007671591790125,1,175.78133194597265
-9.669660112850456,0.0023415744866624,0,303.4330358323722
-2.9133194147668444,0.0029991640104742,0,167.48184101912673
-8.475541110237765,-0.0039057589397788,1,19.25012378183783
-0.884167395391886,-0.0018850945079141,1,11.601315341354416
6.755556599118137,-0.0019979023192866,0,178.74904049472607
5.600665718446399,0.0021506710744054,1,17.651460918871912
-7.62642471979484,0.0006551599816234,0,95.70352093262193
-9.483363510005136,-0.0026807511041905,1,112.45794846117576
3.9303230169132064,-0.0027223175787241,0,160.82890178468546
-3.2307084231052574,-0.000549607825695,1,16.695662583502138
-2.8279416964900417,0.0027649034365572,0,144.64082220235466
-1.4755697567246866,-0.0030240719928589,1,28.97792890601
2.45718693095597,-0.001654525990714,1,100.57097576281927
-0.3498889385772372,0.0014792238210868,1,33.04779766262749
5.872184084331559,0.0007714643995603,1,85.61994872133965
4.73186547810565,0.0012700594437099,1,30.33186274214499
0.4617544392430144,0.0011964237958805,1,11.165929516831268
0.7433457415131866,-0.0015621527737549,0,30.571573395078186
-0.0051862233933945,-0.0020411460621299,0,35.36695224261607
9.795784311133666,0.0031524347811781,1,59.695514369734504
1.072552632369124,0.0027548404722173,0,77.19715916141752
-9.2618516094623,-0.0022462012319124,0,3.9940192688619813
-2.3428395172549283,-0.0005881539886055,0,-5.142474694313529
2.0432349451393854,0.000334812970283,0,3.8503614913669386
2.9299878291544204,-0.0017226179053886,0,73.7758771740287
-8.519902274238888,-0.0009772840181454,0,33.59560160076945
-7.127611709275683,-0.0020709567496867,1,53.374287846979584
-9.952054044976247,-0.0003395197939187,1,349.63434160925897
-1.6921409070073068,0.0018721317495815,0,61.961192392068675
3.768259860512744,0.0038125789652894,1,40.72507421671172
3.177256760220903,0.0029518220461699,1,20.420014644007555
3.398904860834728,-0.0007935252864682,1,87.95216124062537
8.578510459118597,0.0008759030732583,1,196.15882573387455
5.212726251162438,0.0004159244232977,1,83.82530833314345
-5.416659742390708,0.0001013434787957,0,28.507184935018635
-3.136760976223938,-0.0015282547189473,0,-7.386987220051279
4.943612234962693,0.001193483457437,0,4.488578463814977
-0.1634523544789345,0.001131234954159,1,17.626811355852578
-6.896754473541218,-0.0008147238032558,1,117.8189245676156
4.573402073718016,0.0020070637336897,1,9.369983582619657
-2.3024064904458763,-0.0026531311464796,0,17.97371175707599
9.509178390153709,0.0051559220128366,1,-14.734795969008886
4.990082098529609,0.0009943727819103,0,5.897968891289591
-2.591301009688729,-0.0032195712822878,1,9.093693455650486
6.738558173580422,0.0039203253315058,1,0.5430205360066959
-2.4280329657644533,0.0015235180646626,1,97.05798920821229
-3.5295436188964957,-0.0019915251217457,1,-7.343299483475363
9.033699998411397,-0.0004339932444678,0,96.42295382190733
-1.9028394464220144,0.0020206906958484,1,112.5936160534919
1.0963015020899969,0.0001995400153174,1,3.523671273534527
8.163180932254658,-0.0004983354069028,0,89.0735676552776
-7.919023085007075,-0.0019943043015578,1,86.12005583177947
-2.908138120830797,-0.0023032400993178,0,2.784506965912528
-6.1017451001931855,-0.0043370656783518,1,-16.263307952227287
-2.6797675798961595,0.0011838744217879,0,39.936813880556805
7.476624682667605,0.0012954187309107,1,110.12535947387286
0.6906173537105271,0.0027750075295286,1,70.7416342062053
4.540374944487057,0.0033704003735378,1,12.251531847995457
3.2119598786344348,0.0012388901802598,0,5.948766715120771
-6.028456518265686,-0.0016792966753739,1,38.03348966921728
-4.334146128873284,0.0013551796836069,0,72.2011501176105
4.636745291567529,-0.0005452649990914,1,122.56594448940987
0.6772652695887764,0.0018516591907338,1,26.854205864524275
-3.956989147507128,-0.0019958169941029,0,-9.092738051497362
1.3944873439124734,-0.0009507126114117,1,33.24731260585941
9.958954868172576,0.0015330573484651,1,203.34290966082096
-3.9044707079157295,3.994621141479172e-05,1,57.434001421562876
-5.438241978706644,-0.004057476070847,1,-14.412256734864346
4.165752824690539,0.0002696597439023,1,57.874094720131204
-4.341352589481486,-0.0008822826531617,0,-5.2872009268347755
8.268848617268723,0.0008829466002536,1,179.5512563018386
6.136262511198861,0.0017017351767296,1,43.910371868533645
-9.496339359442024,-0.004252372160348,1,34.83039759492907
1.2314828831133262,0.0010765488935619,0,8.605557923161326
4.791463597865333,-0.0018619937554974,0,121.003314501078
9.471617950071874,0.0038222940013579,1,16.795014999288618
4.8375642526335465,-0.0001230331353551,0,30.39953837147535
-3.630260946569594,-0.0019325645037964,1,-6.479407206757553
-1.9321635543872908,0.0002666470727933,0,4.724309769674178
4.0452478175430215,0.0016505958326958,1,10.379692410583779
-2.526755422909557,-0.0001606878978204,0,-0.5374227741187385
-2.357573956698012,-0.0006140370050764,0,-5.29088084872353
6.786522210847899,0.0014924165157889,0,1.670162146949227
-0.5346414397542851,-0.0013445193942138,1,6.559275714336057
-5.372373644310229,0.0001254716665674,1,117.38245264907655
2.053742478619806,0.0006217047409572,1,6.7830874609769936
-7.799746646052874,-0.0005561625558271,1,183.78201341352568
4.492516806150153,0.0004754636083798,1,57.5510031504012
9.02668795006766,0.0008279931690063,0,21.94473311460912
-5.0595597384501945,-0.0001060693145318,0,17.165010021226635
-2.32779135223641,-0.0028174251182625,0,21.933629096519947
-5.693083188430625,0.0022818869074239,0,168.93451242299
-2.6110653057528133,0.0001938060226417,1,30.515007616489584
-9.131405798417523,-0.0010120252497455,0,43.43086158008483
-9.717798845693304,-0.0007265729759227,0,68.97172995854564
-3.908215910169903,0.0012019789692366,0,57.002786916005924
-8.555994828356573,-0.0015135055434259,1,147.05495857658016
7.96669117632495,0.0036572851817973,1,5.012970812469785
-2.690222276314154,-0.0021423021246467,0,2.3688181876836216
4.336198053698581,2.7682125178028828e-05,0,21.344619109485272
3.1643483051971657,0.003901220937341,1,61.57820116211465
-8.592194265395804,-0.0043344895895594,1,8.936658119583232
-8.416833633450324,0.0001532736990603,1,293.17463024710247
3.6643036250352345,-0.002534482717997,0,139.94049346580383
3.759130837107925,-0.0010810397500669,0,56.459168546915755
-5.970141600879964,-0.0030595402479903,1,-3.9763725754693042
-2.0226011966783464,-0.0017179488958162,1,-4.321742308676875
-6.521215988629569,-0.0037692752983704,1,-9.835125706817902
-6.6571277358860055,-0.000731537435296,0,15.217167807517697
-1.9102533933789017,0.0026523169682388,0,117.40903745616455
-5.362251035858905,-0.0016406195684022,0,-11.260565900190706
0.5281299567026654,0.0027669618829939,1,75.45006721368748
4.521766400279297,0.0021047432080673,1,7.609388443406415
5.776194321623187,0.0031241308749412,1,3.322803816342963
3.083266074891407,0.0017859522396615,0,15.331082611118754
2.530298952555229,-0.0010007632690385,0,35.66755180551516
4.2087585863811245,0.0012149938458319,0,4.657106252982379
-8.235825381921396,-0.0045946120363375,1,-4.012134280578444
-8.145546809558915,-0.0015683447396832,0,8.646367978430057
3.0549590387331182,0.0010406677767741,0,4.797119913875654
-8.256857894523733,-0.0026265634989346,1,64.94895753996542
4.086772797504711,-0.0007439049856624,1,112.27140266777303
-4.274852937992684,-0.0029654129890549,1,-11.03467279109047
3.2538205479129605,-0.0001458670902661,0,17.381089100743704
-4.492150157805028,0.0002205085108181,1,88.01536045354504
0.4526038261104208,0.0021711324174713,0,51.56298351763229
-3.4296055312043645,7.633490371317228e-05,1,45.5413357756517
5.254175070219425,0.0026599052696858,1,5.393723559638832
5.671943089126286,-0.0010287526714974,0,84.59448308399357
4.742123424810803,-0.0013970478654117,1,192.309300686557
0.8161749616227905,-0.0026749416386023,0,77.87822553106989
-0.8477315367042912,0.0019869023582925,1,71.82933772950904
-1.2910956571994987,0.0016572319563442,0,45.87636334150839
-8.951823552359585,-0.0009799018202467,0,41.301229139074614
5.676785489023782,0.0037939675141859,1,7.380924232997082
0.3708135378168915,-0.0027997986570883,1,79.21068415420123
-7.634365966545371,0.0014528833584108,0,151.64751248955164
-6.406405559914852,-0.00206780071102,1,32.37569180303639
4.50519394829227,0.0038760872317923,1,27.114740638380532
-2.231369483824228,0.0019824036741231,1,123.36456630783368
-3.660377940982984,0.0026413960390238,0,151.8813838553359
-4.37922259799937,0.0018739665266052,0,106.4922672643946
-1.658963944966782,-0.0003246760948311,1,2.0841145978853883
8.788490284889356,0.0054377215491561,1,-5.436663130694366
0.3470764882281774,-0.0028770603916181,0,77.00489803759274
-7.205751418610651,-0.0032535739100121,1,10.928481781161372
-3.240853714352536,-0.0017700737594872,1,-6.4705260200171075
1.7259998828822525,0.000553199175139,1,4.878812556660923
9.113362743375893,0.0039690134740387,1,6.67929293718525
3.528649499658375,-0.0001654582082174,1,59.56429674841338
-9.501755977518204,-0.0023248068080691,1,136.77912449034923
4.951191128357667,-0.0019781799937328,0,132.8340245405854
-7.592647699674155,-0.0019848728016625,0,-6.42765160568926
-6.1229498200750925,-0.0006856134345718,0,10.712175002399755
-8.751901116508996,0.002926368903058,0,334.59199924552803
-8.028384186523168,-0.0007449950168972,1,180.28500962335482
0.0538881884111717,-0.00040474592829,0,0.9099066823893107
-7.9256343224139485,0.0008871985929901,0,118.04040404995072
0.9424885921826948,0.0002943927589678,0,1.5243338725265299
-3.964833504027956,-0.0037389992267175,1,-4.142969792214206
0.0384845455754998,0.0010936467464134,1,13.785572652880289
3.409854042695761,-0.00176239332066,0,85.31102837355292
-9.603965801675914,-0.0020429289220152,1,162.5884356908046
1.620490487132555,0.0020565437089964,0,34.55172252998568
6.135209883948843,-0.0008012949728733,0,78.49233070772661
9.622044685320027,0.0044348921820171,1,-3.072566138294852
2.1896192375252497,0.0012198533370523,0,8.04550212763869
1.118957174094211,-0.0014155401029792,0,30.996838702818618
2.382380328510557,8.358319218821475e-05,1,22.154517553833827
0.9825378185001306,-0.0027910550149562,0,87.64389603249859
9.418481068996511,-0.0016370957105019,0,209.90703160922607
-0.2590675861701346,0.0005846659285958,1,6.039616001219668
8.546951466870937,0.0029077307249176,1,42.296098340247305
4.292498232169091,-0.0002204153007279,1,88.12081303769406
-7.227027617276345,-0.0026680847451082,1,30.855240908242724
-3.963055735860401,-0.0021860081578337,0,-7.842640690084253
-8.423258625745824,-0.0043670818708232,1,4.635793355881227
6.685503746804645,5.756996716342952e-05,0,40.47549150402536
-2.596495845792095,-0.0002647090644089,1,14.573520488376715
-6.5573289450193,-0.0026696332153461,1,14.94547163782816
3.090560919479252,0.001249332367565,0,6.270086046607567
-8.778303915082306,-0.0027678182061563,1,77.26547299328186
-7.201602300811533,-0.0037910498799474,1,-2.3916079466630684
-0.8963593189889387,0.0024676097166142,1,106.00777016151429
-7.297606861457496,-0.0043382258307771,1,-11.045541036619527
6.313953510367924,0.0006281967240953,0,17.035353615992364
6.571571640622935,-0.002345795891414,0,204.6978404929016
-4.687831641954469,-0.0014389640125371,0,-10.373502646153062
1.4483438776471012,-0.0005652493034499,1,22.42363998189071
-6.011911529128695,0.0012161917092064,0,95.32824690563419
-3.2941135149775613,0.0001241848206453,0,8.856808551011838
-5.00942390222688,-0.0023604620355917,0,-12.795256950999184
8.465282109905608,-0.0009208222708992,0,125.21073809443493
4.39482590800492,0.0003808598461738,0,13.153063102713942
-4.746889597709734,0.0016879905077186,0,100.84036401013131
9.3588682909552,-0.0018968955522672,0,235.57635524989382
-8.522249431260963,-0.0051644682112545,1,-11.284513359866772
-2.8022030669413773,0.0015440242657199,0,59.21846131035421
2.6146888006251263,0.0028796293811825,1,27.67441237520729
-5.915627600393552,-0.0022689574908082,0,-15.148612752619577
-1.396957941933623,-0.0016676024898695,1,0.624454939788891
7.924289994129246,-0.0019897421839713,0,208.02698263090366
9.14677152419808,0.0010907241114464,0,11.750189780897006
-8.618685255967389,-0.0006515065971382,1,223.4408702804844
8.314065849331513,0.0028717629688432,1,38.880288293357964
7.458563825002212,-7.815382291395025e-05,1,226.96946366751453
4.135555350645035,0.0014769505253224,0,6.10257325181738
-7.697554544852676,-0.0013704361548997,1,115.75513564815105
4.358014460422776,-0.0016974333746025,0,100.8553008901277
-4.096065257208674,0.0002560133276784,0,19.25727923698377
-4.340762871535528,0.0024601317487754,0,151.5634625346693
7.090034068267208,0.0002374426543509,1,177.69696480495443
-0.2389747128633743,-0.000298502004339,0,-0.7579511181703235
1.1391128571285982,-0.0013840445050813,1,42.33445543955101
-8.245016189696434,-0.0022595495723023,0,-6.744753312462256
7.81453791409497,-0.0010036374440375,0,120.24557966451542
-2.6822423312327537,-0.001250505382527,0,-6.55554129643823
-7.649541435025597,-0.0029643685616355,0,-19.602054801030086
-5.300393194218751,0.001050454067526,0,71.45130486364425
8.887725094920746,-0.0001185689171143,0,72.6049088478087
3.4344215436681957,-0.002828020820007,0,154.46917195605187
3.078873686474566,-7.568840752133917e-05,1,42.996488443074746
0.8807735831880557,0.0028818228325766,0,88.3615186740347
-9.264598839050496,-0.0044213671419927,1,22.217004562896165
8.46335715764451,-0.0017024996573287,0,193.89268375100417
5.489585730331182,0.0010481789486695,1,58.09484183054358
4.051191062069758,0.0003552701454442,1,50.67162110611917
-5.594637822489568,0.0025579232758557,0,191.6300105833879
1.8520248994082615,-0.0022032999211616,1,107.26643468894056
-7.42565656898357,-0.0019094253433852,1,71.86461329465064
-7.749330572188895,0.0001815222022316,1,251.23791241369108
4.56400814042083,-0.0003284078658566,0,35.12510328444691
-4.00939855641955,0.0008463246805642,1,111.77723184702808
2.2842487637184945,-0.0006220471738225,0,20.919801725193427
4.839592533135036,0.0027111429958978,1,4.314107597031049
3.0274688796337976,0.0024652077615033,1,10.76391877993099
4.649342168691513,-0.0014047987316597,0,88.82240978048986
-7.751864265183728,-0.0026461375405138,0,-15.934039108313756
1.1575843647950368,0.000238434398561,1,3.6257488816718917
-1.570802330553441,0.0002656706812767,0,3.3494692174491414
-6.497202054776934,-0.0029987903745152,1,4.720651523492136
2.111259437489819,0.0008181974053651,0,4.040401709924677
-1.487844341007632,0.0009364203315368,1,35.65297534428918
0.897267712134644,-0.0013935331993215,0,27.310368926418775
2.146193928315899,-0.0001806634205537,0,10.065654767526762
2.179535648858593,-0.0019294661207481,0,69.73652116922881
7.639207348704332,-0.0002002574393226,1,249.869233152311
8.269841742299334,4.5950201093216256e-05,0,56.12456051366523
-5.231093507199399,0.0012074332301435,1,203.0546215299416
-2.426559705149163,0.0011238238595433,0,34.53361352827015
0.8160388385690549,-0.0012017754781668,1,27.88109295998839
-6.788426981348151,-0.0005648685155328,0,22.27644304582334
-1.5643000693699705,-0.002213429286176,1,6.8673706203956915
6.936594694842103,-0.0024539691174625,0,225.25902198502916
-5.639665896874588,0.0007650450826178,0,61.817402776253545
-1.648612756561942,0.0019028331957535,1,94.10312446619383
-9.349158156143035,0.0003550245831542,0,120.89150307465985
9.110540668137446,0.0043344644161394,1,-3.4361364521989777
-1.3565952241978412,-0.002145797912465,1,8.947659862785967
6.212634237531461,0.0007821414908155,1,97.25631355642133
0.7410246924859383,0.0024922397862422,0,65.59577422759739
9.446186490784337,0.0017720070390629,1,154.8710406529494
1.240142656281444,6.914601149329307e-05,1,6.178573412814223
-0.6854751950739484,-0.0023328170231004,1,27.530064798431347
6.349073459288622,0.0046952182503129,1,18.78704562433879
3.295985044265038,0.0029820248786873,0,61.631130970540454
4.720854988616036,0.0024143902454323,0,21.551013024501046
-7.392340489178606,0.0006452707109275,1,277.81149675816636
-2.705399071093413,0.001187774816335,0,40.409453365433286
9.032728233787466,0.0017982719919706,1,134.27850610397294
-8.350840751069367,-0.000118722634735,1,259.2553801150227
-0.4337765112098619,-0.0020440808810638,0,28.76928859722676
9.577671405042366,0.000923168226623,0,19.588318418342567
9.596538115904188,0.0041461140532326,1,5.822108380946784
-4.78440626305505,-0.0012134263845875,0,-8.141958178385824
-0.8880955977474585,-0.0029123699600975,1,41.45969929550386
-6.638142934850897,0.0022648534348125,0,193.04179327091418
8.293961612699569,0.0021010450998624,0,-6.538233595918726
1.0678019129571137,0.0007711970154496,1,2.0833996798539913
-0.5602210039015141,-0.0002593351142127,0,-1.7059494559271569
1.1846718437839705,0.0004117107503738,0,2.0517983200904295
7.76772778759873,0.0024038398419271,0,-1.8450676567604376
6.535655838204008,0.002124960283422,0,3.0553680547045783
-8.136897689785647,-0.0026933240672962,1,57.469621895909825
9.021058087743503,0.004877194092492,1,-10.907545995501595
-6.428179166682857,-0.0011162964659348,0,2.5059045338638275
8.464478613205166,-0.0024960196747584,0,275.2550938240498
-6.027457446819367,0.0003819051213363,1,169.56233671186882
-1.8566038024460256,-0.0008429510518317,0,-4.698130977835747
-8.53448380636337,-0.0048156300958376,1,-4.132673228761062
-9.264858801800832,0.0010307450518288,0,166.68447260141483
2.453604855793399,-0.0019676657288216,0,77.10631660878994
-4.107897719856897,0.0007156551883957,1,106.40802636951071
-3.603030629621276,0.000841163774308,1,95.08908964793247
-5.852940497239628,-0.0006355005822617,0,9.433008367578047
-9.735461488819151,-0.0022240344578157,0,11.028265732818882
2.378959502940104,0.0014963661367394,0,12.30969318517177
9.295696193447274,0.0021003542765395,1,120.03718507868007
-4.979616767364787,-0.0009862011459157,1,39.22197800806833
8.78221197728923,0.002133572581553,0,-9.334548695464164
-9.765683267392584,-0.0008381399763774,0,64.69389577622107
-0.5050564451463995,-0.0015701158074017,1,11.34726369080115
-5.2503548935585,-0.0030031821608688,1,-9.37584067596074
-6.768941439657318,-0.0029743115437807,1,10.244982014276312
2.226084621512907,-0.0019726398633827,1,109.67237179891933
4.768964903600754,-0.0006671245079248,0,51.74211478691674
-4.270744897004423,0.0004840044669324,0,29.274946480771817
3.176727144044751,0.0019074813426212,1,4.4841909346496465
-1.0727931454805688,0.0020793608981121,1,85.24848878176348
3.2374651804192744,0.0009646338580496,1,14.121640070393935
-9.755833881075706,-0.0014404588429702,1,221.44144501390528
6.508246887378849,-0.002696783445458,0,235.56469819980128
2.355718399185932,-0.0026819094498741,0,115.4752262117201
8.965824587844619,0.0004961856043357,1,256.9697370960042
9.450382029605006,0.0041904317307341,1,2.85456341014464
2.8551448128147143,0.0004734771785857,1,19.986093968755604
9.084746770181663,-0.001833622995583,0,222.03078428738604
9.990983477956656,0.0019952339356114,0,-14.40631639969136
-7.552286209256367,-0.0006662329660619,0,29.572233422921666
8.282982409715345,-0.0003818674047777,0,82.79498262360906
-0.2909749630096563,-0.0021624088589589,1,31.96822075077258
8.161144688304368,0.0024067247695311,1,60.074939480033606
-1.0659678356387658,-0.000640861401298,1,-2.7721943208505966
-2.092573593704696,-0.0017077008603976,0,1.2551708249341025
-8.369318113062521,-0.0005147762041804,0,49.96212771739423
-0.1106607851816541,0.0028085840198226,1,100.84703667977371
0.5194168036504276,0.0008429855709118,0,6.782660644954035
-6.903497974285509,0.001280211240878,0,119.80751225102193
3.1402919031367773,0.0015438836824071,0,10.088027149446972
-2.2627233537841533,0.0012412246951966,1,72.83492940855257
-0.3500160436204496,-0.0006039566320281,1,-0.2742984529804024
-0.9764826540761576,0.0028830960718483,0,118.67641466357597
6.4649962325222,0.0022824356931062,0,5.594582291348116
-9.333351377131468,-0.0021800883449153,1,138.35953726170462
-0.3512723871113721,0.0011773897821464,1,22.064189858542345
-1.339118316047184,0.0015327878942979,1,60.735203938257015
-5.669925605949279,-0.0011933575748231,0,-4.365088626420184
8.933666833791662,-0.0018316004920351,0,218.05878198383323
8.994538520604511,0.0007418565813692,0,25.614287415009656
8.700409399800531,-0.0005952858580563,0,103.73682501301457
5.958273907640216,-0.0003551523678658,1,170.50659494200124
8.20625592338741,0.0024279040521987,1,60.09596495581282
6.656595747175775,-0.0013169854520352,0,121.92927256461215
8.345143476425495,0.0016318457005405,1,119.26923211232008
2.5134060956116877,0.0028399729779001,1,28.14988658742542
5.047442764263204,0.0033571356925468,1,6.972274024013302
-2.9954133539514416,0.0017544394360976,1,138.62330776385977
-4.540942739524089,-0.0022709867113256,0,-10.804248552344859
0.5912524133803032,0.0029006979280007,0,94.05292650613302
-3.080924526280726,-0.0028263225223382,1,-4.254130442163822
6.004108624944852,0.0018972404603734,0,3.5171443697949734
-7.251251173911609,0.0007977621762554,0,95.89730960873578
1.4860260874821822,-0.0018380992142445,1,73.17727981188054
-3.624730354228081,-0.0024032319920338,1,-9.20554017876292
-0.6378554781629493,-0.0021394327409629,0,28.636902400527283
2.9835569461549465,-0.0022692500699957,0,105.63702955264546
-7.047228432383792,-0.0008211685875049,1,124.2413607954235
8.446674112893803,0.0048830651430661,1,-7.173357386694303
-1.9074279666484468,0.0018465426929928,0,63.45765432539416
-1.1077723400736978,0.0007267253321378,0,10.951791293130142
-1.0674087982878415,-0.0015984608769403,1,3.562621825215255
3.933392222628445,-0.001821985953598,0,99.61218954987379
9.212807617778996,0.0014413052460997,1,174.45978878567297
-3.060087408968057,-0.0025266559004839,1,-6.569929324641912
-4.981877634982581,-0.0017519203674368,1,11.839689011531958
1.022414574021829,0.0002682697505106,0,1.6277644623329341
5.024062201629103,-0.0010764279901692,1,181.2081779653425
-9.365275999519316,-0.0014651873722759,0,30.13860488043888
-0.7963478384613172,0.0012155254998878,0,23.14577038110799
1.136816836054983,0.0001963620551033,1,3.8493358030516136
-1.994020372288965,-0.0016002443979754,0,0.5764371530162734
-4.615811886236843,-0.0034027195133608,1,-11.940602687324507
7.252061905807725,0.0016161466948536,0,-0.13890379479593767
2.180948146404038,-0.0002625366255577,1,28.458179408861753
3.6784813988291054,0.0022618898042782,0,24.998549314326308
3.9813725412366914,-0.0024401783711954,0,141.64708943692258
-2.295142702392603,0.0006632364905529,1,43.0775777917005
5.329024195951231,0.0045229960371989,1,34.592764198085696
7.810841264545559,0.0015493319686768,0,-0.2961501969611182
5.020122739344792,0.0017804248273789,0,6.33838318867103
-1.3229015563419022,0.0002414631742159,0,2.21576188611041
-7.974246041202702,-0.0006672732738259,0,36.355325723104926
-8.191997925782076,0.0023402038576355,0,248.99136232970105
7.826797508333009,0.0011412796958707,1,136.4519582890756
7.612758821679964,-0.0021665130015237,0,216.76943756321484
9.563508930400644,0.0044785336440299,1,-4.581685302710332
-0.7600085659212592,1.635496405063597e-05,0,-0.9966383084329227
4.569780940379697,-0.0022290091435619,0,141.60607356044008
1.472249882454317,0.0011300441172246,0,8.761987842100293
-7.504927173799009,-0.0006089253547715,1,163.27305099253942
-3.191301399437405,0.0012367696486129,0,48.738032880594865
-9.835555148813873,-0.0042437309920169,1,45.92597927120481
9.144548987802189,0.0011435889208562,0,9.831289389396725
-0.365265773162168,0.0009970706034239,1,16.75987776789401
-3.940064704124209,-0.0040229185812506,1,0.2302025846344128
-8.872166057457866,-0.0045803783687825,1,7.988073508421232
-2.1090016285979507,-0.0015030168605823,1,-5.432912417877032
-1.823755764925414,0.0020575581305669,0,74.65416086302483
-2.5096320790667974,-0.0008647776842538,0,-6.361676953832536
4.582059998603757,-0.0024793154435922,0,160.5975868662666
0.6762312817738891,0.0015735904122708,0,24.269604526129434
-8.72458234538943,-0.0025733763131349,0,-9.111074708782736
-8.064406797517467,0.0012775836281052,0,150.03405344039734
-8.88241896161646,0.0014774738881917,0,191.01098472756988
1.2983075879349038,-0.0004390987660016,0,8.568156242976906
-2.0608931116813167,-0.0010423994505419,1,-4.0663726111237075
-9.330087354406212,-0.0030633761441598,1,83.4633121995671
6.553441602565496,0.0012940829161555,1,77.0981220832588
0.8665215917514697,-0.000212611142856,0,3.177221786720215
2.658130028660634,0.0005603644877322,1,14.829208292959125
-4.323889524084493,-0.0005929970705423,0,-0.7203530192390857
-1.6802475574781806,-0.0007747332484844,1,-3.007910908135237
-6.4899024414726885,-0.0005088674672018,0,20.326278057519886
-9.730608769902132,0.0018821617886901,0,257.9271595064734
7.695967465229479,-0.0020415800053474,0,207.0228422051071
-0.1509330045673085,0.0007106220441207,1,7.385525979295064
1.0190497990630671,0.0010790126012044,1,4.662220187605007
-4.345601188929969,0.0028807599473511,0,190.18150115803684
-3.5142037539172533,0.0005598792494157,0,23.964030165263257
0.885434028822738,-0.0020765154452747,0,51.995155381151974
8.148024058369504,-0.0013245135180024,0,152.67574147668662
-1.7296731055768273,-0.0008861741902482,1,-3.640719942650107
5.919134683574043,-0.0011761500809643,0,98.1548605887277
-0.9964114803924852,-0.0009148999210542,0,-0.3577294275467968
-9.172515817598985,0.0018670810783946,0,236.13720538164878
-9.894597007574838,-0.0016882333046685,1,208.15748060910292
4.471238959876489,8.113230304501421e-05,0,20.884599175436314
-0.27909896282166,0.002420040485849,0,74.86358962739374
7.6989820095361985,0.0012988377644542,0,4.1876030330598155
-5.967540263059046,-0.0023956470873137,1,11.407706929294331
8.718795752712769,0.0017480419110173,0,-5.240822720850685
7.462593856345155,0.0039433339769826,1,-1.3368382788989583
7.3319088074585,0.0008893122114835,1,134.90670955882084
5.37722578544361,-0.0022626265249668,0,165.02088572331473
8.579149755697337,-0.0017972790740657,0,205.86299657294882
7.124396086674313,0.0037108450430256,1,0.46893276598526623
3.718987462595255,0.0007779522447822,0,5.420075981871806
9.29906018468699,-0.0002607442939047,0,87.14697624484265
-2.517959743226113,-0.0028283052583252,0,19.216522605209295
1.285522830282808,-0.0020762338415637,0,59.42379355283238
-9.427720695378042,0.0016307823683376,0,222.969132731751
-9.94853643458434,-0.0051513675522968,1,16.05033091741606
-1.5170910380963498,0.0010058141946932,0,21.69947744030586
-5.833072628556875,-0.0016702868918586,0,-10.521464514836836
2.0964026814014183,0.0026310858951471,0,56.77938191852398
8.716322083126819,0.0024231281706844,1,75.48847966969677
5.564136134172209,0.0016823205088994,0,3.7234359342272283
-6.59240706615055,-0.001915801411847,0,-10.944586731399566
-3.1711328652370474,-0.0035142226789101,1,4.405018840029152
-1.0284956939346106,0.0018935231607621,0,54.598556355556376
-9.92789547296885,0.001548907936179,0,233.3794283809533
-0.9453079201846216,-0.0008871942881794,0,-0.3172686206446981
-6.293571768222575,-0.0018041914995911,1,40.115656183032144
0.1683933868065494,0.0025393786176678,1,72.94532239928
-5.037603942598492,-0.0022607410316444,1,0.2664345949754784
-5.650193633922253,0.0002537785981822,0,37.773888698182716
1.314773419419739,0.0032408456330946,1,79.72144205233224
3.1130264986940777,0.0025627358522021,1,11.76022012734727
0.3585979442157914,0.0016588656747436,1,25.876208584260116
-9.831362754945784,-0.0008297642528845,1,285.9886398991009
5.971863186831845,0.0023602056426146,1,16.982679859049302
8.375578447145948,0.0053447841852187,1,-0.602117255208896
3.3813941283960425,0.0031961656367041,1,24.654848296872608
8.860827410261791,-0.00274181755922,0,315.51055024839786
6.094090522525761,-0.0001728607859453,0,44.992844627247166
-8.11611331257672,-0.0011965598537765,0,19.459007128434585
-7.696426590454426,-0.0023118500044695,0,-11.433386394857056
4.214870977453471,0.0032620293312892,1,13.890857465006542
-0.0410777220717086,-0.0015730227200578,1,20.089866220306487
6.068445996729967,0.0024713998110456,0,12.29215534002374
9.607728182357832,-0.0008393096449203,0,137.843549233275
-3.150254397685723,0.0027982953996189,0,154.44779136404463
-1.9229989437226287,-0.0015613239166671,0,0.6269249274005018
7.509191690789386,-0.0023248346067785,0,229.30576189517603
-9.056684064323283,-0.0023560830793275,0,-1.1898819214586784
3.353641688978634,0.0006628494237936,1,23.482837157875917
5.852382154454363,0.0019797719899608,1,26.889314641497712
-3.785919578701512,-0.0014355182833727,0,-9.706243746255693
7.568363443124923,0.0036628518121387,1,2.411546640399101
-7.221160389946695,-0.0024130671726987,0,-14.870533077004948
-5.618853169727355,0.0005769031075991,1,165.33598355069577
1.7172881126938595,0.0029415813695577,0,80.27246158370826
5.849201992979847,-0.002183287927627,0,171.01067524830958
-2.093059982123653,-0.0020778850667415,1,-1.9824838192801622
2.819543677716636,-0.0023004920582563,0,103.68222725261688
3.8230008040479113,0.0026106030844741,0,37.00784548998781
2.271277409932736,0.0028238648624413,1,32.277815524451036
5.999875350440689,0.0022471988243753,1,20.634395515589937
1.0583910179466989,-0.0013259035984556,1,38.00336043267578
1.5241967402888807,-0.0017883462960177,0,51.26146911492946
-5.646123971838046,-0.0033065375560764,1,-10.392024584375521
0.9861988557023408,-0.0008088330631,1,20.077697005995418
-1.39092463210795,0.0008628625679669,1,30.544936356779235
5.0723929917077335,-0.0013187407413612,0,91.55523854307339
-0.0409646293940628,0.0008045301727588,1,8.163041484071114
-2.1408709003427067,0.00108192988429,0,29.937033876932272
-2.585346390564829,-0.0034704972651138,1,14.86268139130553
4.016686131448415,0.0024868216094306,1,5.03419690628074
-0.6588392613720995,0.0007364807009169,0,9.007587070312594
2.107160701781698,0.0009428609456928,0,4.9359009299794465
5.683489912834901,0.0006160882757168,0,14.367748400637447
-9.137182643456908,-0.0015005770457314,0,24.965969460537448
5.801699945306533,0.0041626391342617,1,13.184386267462854
-3.4567171269078267,-0.0010950636376315,1,5.500035843343907
2.5654759230585,0.0006631524305055,1,11.53884438322773
5.765682628338427,0.0006863361611949,1,87.07126204040759
-1.2642956714409053,0.000900601564389,0,16.560473849022408
-3.595976340080417,-0.0009074535023373,0,-7.095834991090978
8.768619778805615,0.0012328079046182,1,172.16171851580026
-9.456543842989936,-0.0013617560514257,1,209.96027314295958
8.796288231139723,0.0005017026564568,0,35.96469697747656
9.273565238181718,0.0035774374646862,1,24.340045081712084
8.429898071367141,0.0025102092089555,0,-5.904566036917834
-1.1445741947781265,-0.0007148323195447,1,-3.005553964697101
4.991903545686435,0.0025634157129994,1,5.277994573450272
9.538946470608956,0.0037053215847245,1,23.094304722636068
1.7186403915973774,0.0024806404920871,1,30.13606283326284
9.903419647444412,-0.0024094351696149,0,308.816135195288
-7.449139504114193,-0.0052270121160044,1,-19.935118470122575
2.3262827050708665,0.0027823770359396,0,62.40376659469384
-3.160626855076723,0.000302140014483,1,48.996933880819974
5.451358586111541,0.0017632917471203,0,4.591029680548063
9.53694059513776,0.0003640097265878,0,48.408872804377594
5.263009772011248,-0.0002674943270681,1,130.6360986529888
6.282203870913882,-0.0013125066747942,0,114.23963096323504
-3.290486847039597,0.000882569335958,1,86.11949273559631
-9.602981638483922,-0.0023626254805889,0,5.201343580056829
6.556663108744431,0.0022644716157143,0,4.717051870155962
6.955045859468839,-0.0020752261646087,0,190.6996696244983
-1.8408178119968996,-0.0028168304713408,1,14.806749849760523
6.132600054730027,0.0016239567447669,0,2.143590114869803
-8.73458469905528,-0.0014851366622006,0,19.133194940501923
-0.8552422526251959,0.0015659270868494,1,48.93203676583209
-6.007276720600324,0.0029182269077556,0,239.69336269645112
-3.959596117491291,-0.0034984048401686,1,-6.7258425128176755
6.64428112793291,-0.0008608031141195,1,255.20491574285955
0.1192193312197709,-0.0019767638497459,1,36.37772596893064
1.1992342251335728,-0.0013479885349558,0,29.8801079197813
0.4581874070677791,0.0002286924790573,1,0.5261648721902119
-4.027765888231349,-0.0006650586804602,1,28.788134913570747
-1.2255770324534154,-0.0019911857888367,1,8.043568727633817
-2.229442006449009,-0.0011274594697624,1,-4.293356319549146
-7.662987223315127,-0.000376692941044,1,191.8909634203736
-3.543335532956391,0.0005713623690563,1,75.62504343023267
9.030962452489796,-0.0001178221682179,1,331.19874015865577
-1.8753025125246372,-0.0017642138861703,0,4.129141922975421
0.4297719182696617,0.0013138059743715,0,17.828690402653145
-0.2847031680215472,-0.0012590226283426,1,8.611055605247898
-2.8511834464441392,-0.0023977627512349,1,-5.869920697267032
5.320370821344662,0.0014707202057038,1,35.09983368213454
6.0919409723072775,0.0028489869118959,0,23.403652050294607
-8.556800389489966,-0.0002675481614879,0,65.45104470368133
-6.615782433864905,0.0008405821273499,1,248.36920095642452
-7.872846800520421,-0.0008917279363687,1,159.71639431853103
2.239646115236585,-0.0014411496179033,0,48.57752106143369
-9.031541135702613,-0.0048449233034757,1,4.100411213972883
3.4138362510604825,-0.0012907343323049,0,60.87244450190086
-7.54244312710223,-0.0004673697518887,1,177.1902508669974
8.284577214955874,-0.001834391718722,0,202.20906331754193
-5.334952878192194,0.0011280326311364,0,76.5585793442319
-5.315994511905593,-0.0005551656014139,0,6.736828705440061
8.78152182058814,0.0035073504301689,1,19.199100730543556
9.652453395301638,0.0042396563002854,1,3.1681781640839395
-4.716883415785851,0.000282630157347,1,100.90915256054075
-9.891054887320667,-0.0033679398997759,1,90.26154171068222
6.472605714982208,-0.0007123574748948,1,230.40587881397482
-0.8671805185364274,0.0008063675913773,1,18.84896732214282
2.5716833891916053,-0.0014401082099153,0,53.89125100818171
-1.164309730990869,-0.0002209301109219,0,-2.540045697977217
0.2289516901344832,0.0026456667508335,0,82.05215649203916
-8.69065313014943,-0.0008872508316756,1,206.05706728133924
2.700392649467208,0.0027898884742742,0,58.22389321473128
-2.6942579083661133,-0.0025646816695887,1,-2.9613049643644342
-6.26381460445502,-0.0024539922599237,0,-16.268068176146702
8.54697794628003,0.0014878524530495,0,-0.08882150184357818
-0.3796520868839579,-0.0023336765071427,0,39.37942323980692
-3.134694843961712,-0.0031629129570763,1,-0.7503993192658529
-3.2598986437707627,-0.001408266470467,1,-2.3263639074635893
4.616909352230763,0.0017633507233147,0,7.712148420862901
-0.1179250033861016,-0.0014862811306393,0,17.22243621671202
-2.8124680309022443,-0.0011184479168199,1,-1.3922789850614767
6.279160134471237,0.0037294382926068,1,2.11472482554318
-3.376424728242249,0.001480863721156,1,133.34028800252813
-4.6065365564688765,0.0002996641988391,1,97.65027399923301
7.553809016481768,-0.0025309481071632,0,251.26440322380253
3.118214164351338,0.0013375011352992,0,7.16457980401253
1.5986810577376875,-0.000625385141226,1,27.310704425044324
1.1027321678653443,-0.002865702316346,0,94.52809462750943
-9.156480408904224,-0.0022834682244615,1,122.61033193223861
3.12333756583792,-0.0014305553370548,1,115.06306985483238
0.5795223094773618,-0.002776051104959,0,77.4562329771176
-5.740291875918821,0.0015329205529952,0,110.8176451833408
3.3737022868059814,0.0028608605151646,1,15.22902262463595
7.643743056370802,-0.0012574832240222,0,136.93800305058593
-3.603177425458024,0.0004617658802515,1,71.14830873357386
-0.6531380096237847,-0.0007639785699702,0,0.2180496514062068
1.4081042086694635,-0.0024770000216076,1,104.07722266878133
-7.9102677709758495,0.0022582587006351,0,231.33335132992775
8.531092606245402,-0.000160850921162,1,302.29359832708843
-1.128276813032958,-0.0025548350627851,1,23.54473333975513
0.657204905625262,0.0020294245882187,1,34.01315750218467
0.7215634115205951,0.0018019911240473,1,24.34110786062863
-4.339810166414393,-0.0029936557417639,1,-11.18686571534764
7.962610961430613,0.0034674073092929,1,9.92248564258405
-9.157482590391153,-0.0040459584466916,1,32.60754254093394
6.276034516358124,0.0005130628059516,1,118.1797343112398
-7.671612086720785,-0.0047972420898309,1,-14.26790614207979
-9.047583834255038,0.0013373587186433,0,184.50092838000228
9.654174723868696,0.004796396200011,1,-11.144179256472208
-1.0482647154596236,0.0020363384539372,1,81.58222576733476
8.543124828357659,0.0001467634475101,1,268.9268496727277
2.1328532678180494,-0.0010909683647477,0,33.650145610500445
6.818790759165402,-0.0008235393506207,0,90.63026719857876
-6.813356946103378,-0.0030464146881729,1,9.090119227807667
-4.825051023152643,-0.0001545391603413,1,77.05813687537224
5.762300077560408,0.002737464467413,0,22.821192513928562
1.7021823664360234,0.0027761192986885,0,70.02795965495741
1.823796057993208,0.0013040176011832,1,3.7611258968914223
8.422509387976525,0.0028671854216968,0,-0.37141742170123065
-2.932451201891297,0.0013918057459857,0,53.0284088870604
-3.723545969387194,0.0004440645458296,1,74.18371371260454
-5.585644093952236,-0.0013325116164162,0,-7.000588147498664
-0.372932177420548,0.0001922089600137,0,0.2599626070283647
-1.9232184355249269,0.0018254592041166,1,99.03329930574532
2.690621848496722,-0.0012588199349335,1,87.30295928438687
-8.352060304848552,-0.0005159336119769,0,49.576799546723066
2.862120471687156,0.0003040195873544,0,7.012655675322562
-5.249681567297122,-0.0015802562949022,1,22.601635301111198
-6.9051826069463225,-7.567833921765131e-05,0,43.01120129295582
5.833155939108041,0.0042371026482305,1,14.587723791377254
-3.2951415642701942,-0.0001516962373897,0,2.616127128484825
8.668578605646452,0.0015468164432057,0,-1.4915333943984814
7.299206612178303,0.0033292351019535,1,7.240424252116254
0.5217886323801846,0.0021063917725607,1,40.28099148934388
-3.363326394987305,-0.0013216275029332,0,-8.652132460241386
-6.08371611311497,-0.0034056196575538,1,-8.446893943285398
-5.486739359211175,-0.001167084991814,0,-4.880518034134545
0.6268952273873047,0.0014683428184515,0,21.198269418511316
5.574668123121388,-0.0025753247902677,0,196.42618115337012
-9.746645448969025,-0.0024140344871822,1,143.05864585659614
0.1922322460128338,-0.0014086308222148,1,20.43644243178867
-6.431949237013386,-0.002472146625795,1,18.501420041375486
-4.748432640049347,-0.000523254025694,0,3.211537429565663
-9.526247947060376,-0.0001354509452009,0,95.64296159287872
-4.002716710694929,-0.0033629724965049,1,-8.285484929703717
-0.8812531683327443,0.0009071336578296,0,14.329296673379773
2.242628409282725,0.0019700147245256,0,26.183006765407836
1.5158270509016916,0.0002718252637297,0,2.676315935629662
4.242371259376672,0.0025113074729263,0,29.013539733613857
1.4299220977756164,-0.0020407769679268,1,81.31788601192625
-7.983655752923555,-0.0001018445740572,1,237.23381031106297
-5.181186731113556,-0.001921614300775,0,-13.076882753213026
0.8070335310030892,-0.0015671814320305,0,31.64033814244062
5.4873697011997,0.0007618646013491,1,73.21343819617536
-4.999740382289177,-0.0015562718622113,1,18.1409971850974
-1.1258218248952865,-0.0015346100742962,0,7.3549214883401
-2.967516869625248,0.0006315986876635,1,60.35797191007648
0.716717167753135,-0.0023367242090717,1,69.74506387164465
-0.6254472449626647,0.00278219418788,0,104.87448647775784
9.138623905254512,0.0028150875566725,1,62.81749297526772
3.916719989711982,0.0013065878921114,0,5.298663182999381
-0.8616771545098363,-0.0016987997540216,1,8.171244342545704
-3.733419107149548,0.0018588938682481,0,93.19255626307753
2.0838819347381587,0.0011969413841249,1,3.330958052227097
7.685025659495068,0.0014774739059407,1,104.99165873058809
-2.7155739672113866,0.0016862668793774,1,120.71601709460876
-0.0640477715358827,0.0018784370129083,0,42.96546477377833
1.8163858808987212,0.000445277356127,0,2.9785805776866807
-1.3649673997093732,-0.0004956148402598,0,-3.5979725189062273
6.576058270560527,0.0021962687967776,1,32.51832302483937
8.452219537299285,-0.001427485576633,0,168.11301200767502
-8.467966754851696,-0.0028176435148369,1,63.07548493805739
-3.738759889886339,-0.0040999431404849,1,5.067004690486397
9.28170372799481,0.0024917196524829,0,-13.074126945800918
-4.491593959476239,0.0011532251959293,0,63.4241197435284
5.780191529073523,-0.0016217311908975,0,125.96621407004753
-7.264426331747938,-0.0020769832762048,1,57.59442241505955
-0.323430008234876,0.0021572282047395,1,65.5247823909904
-2.4287608493203,-0.0024376019791916,1,-1.4943883979402766
-6.309002738184497,-0.0029022487052538,0,-17.464391391788745
-7.857050743719947,-0.0023428780099073,0,-11.005307516469971
3.142017526773664,0.0026837992231002,1,13.981069936609602
-2.0045948392816086,0.0018826278263847,1,106.34533419701066
0.8811296965016631,0.0026558780779557,1,58.19218640882423
-6.921965504958429,0.0028386738786856,0,259.5494812284067
-2.3160685137836694,0.0014377850934875,1,87.0789873624141
-6.748358510305723,8.321835557483574e-05,1,181.85793196937703
0.4403793088072039,0.0009764485774334,0,9.52294785258649
9.554876318356444,0.0044587566139084,1,-4.121665954421605
7.778648479865073,0.0026569770170924,0,1.796905051069063
-0.988942561955522,-0.0018173858192786,0,14.90282310736162
-3.669207768925991,-0.001017051106692,0,-7.893754972834204
-1.8383764098140996,-0.0013464173400006,1,-4.7256843694919235
0.870343530197486,-0.0002084793848801,0,3.1592354878645743
6.598740230761507,-0.000370953760415,0,60.629354580036335
-7.301818957144781,-0.0008817265884618,0,18.504293666568408
5.272619074720845,0.0022845862436765,1,10.79612598578672
-1.5230462948121364,0.0025081778024713,0,99.83417442608044
5.873996185651254,-0.0013604639322319,0,109.57025109048729
-0.4582956694604139,0.0019971998497479,1,60.49367459979458
7.074678562550808,0.000394324468661,1,163.44207057635342
9.244244861495757,0.0003622792633642,0,46.40396004565759
3.8130039606423978,0.0022109785425559,1,4.651229706397259
-4.022171049440999,0.0009322983611184,0,45.278024223788364
-5.050449577566423,8.424541612057715e-05,1,100.88252029237222
9.519302633209012,0.0056135887630565,1,-13.543561070092803
-1.951382341919416,0.0017062420543838,0,56.38925547688428
1.0779988219398255,0.0008622563799753,0,5.678481481651152
-2.662144303091722,-0.0012305743964951,1,-3.696477344335138
-3.2481567641191544,-0.0023821165590926,1,-8.228587908122346
-7.352985380597563,-0.0023413148747696,1,48.06232880717744
-2.783407153949216,-0.0010733436869293,0,-7.16012651750129
-5.9902401634735085,0.0021976457320373,0,169.24358314738677
9.658747835721073,-0.0021165084563216,0,267.6248921066068
-3.688666158970692,3.11640203766534e-05,1,50.59181304272725
-4.342396324951173,-0.0019139262260171,1,-0.9618248773726445
-4.693522209858029,-0.0014130762447153,0,-10.176802967791158
5.96728188151673,0.0029014492888854,1,5.9013057199682875
-6.4988623933277285,-0.0034941321621794,1,-5.704982231690945
5.73782197258604,0.0043306920886107,1,18.88296427306241
-2.8958645576071884,0.0021222416484175,1,166.33290850216187
0.2739225422088012,0.002923488973183,0,100.66992866728768
9.792653240503594,0.0028978976663399,1,76.86080000425707
-1.455935062204233,-0.0019461769752944,0,12.245632619621441
1.7007873458144278,-0.0009581467048284,0,24.10697082463025
4.573976525411258,0.0031703776875857,1,8.376406538692144
5.291026349440845,0.0005078802690607,0,15.041146624430636
-9.128519489152954,-0.002421462323099,1,112.36255394386743
6.938611030417363,0.0027054969514392,0,10.613422177699398
1.9292813304291572,0.001043276282958,0,6.269350536001522
7.948497466407009,0.00016532471851,1,231.2168971014954
6.987959723983526,0.0035043819977619,1,2.4150511462621687
1.749160424261344,0.0016620335482972,1,8.033404397824695
9.159747309427924,0.0002294173913229,0,53.46290866088839
-9.776810022671754,0.0028706094381725,0,369.3802498589377
-9.59503040824739,-0.0012009032074441,0,44.82138214930286
-2.887798597502453,-0.002653538632069,0,9.741043022700799
5.147459329139824,-0.0013168215885949,1,208.24321082018835
-9.68492562338259,0.0014668625842419,0,217.18138810885196
7.953354463460549,0.0018894342038522,0,-4.150095664479398
-7.307721497288124,0.0013832709314145,0,137.5121198897521
-4.8772536328985705,-0.0021691541554726,0,-12.665238470780274
-2.229986771398309,0.0025107046400111,0,112.37691130151816
6.474106963295576,-0.0014024003669166,0,124.54714425714315
8.657513157029879,0.0016396183415801,0,-3.273153379733172
-8.80159521107607,-0.0016587572176611,0,14.635772074603999
-6.660879235491073,-0.0010263727553166,1,93.6554213137398
7.571784548175415,0.0048298299676655,1,1.8469757085892673
6.235764535259921,0.0021862900736766,1,26.499333096337207
-6.497075817423852,9.978359366267793e-05,1,169.76090075630674
7.453049360256571,-0.002542293787739,0,249.36035807919217
0.7003517885232409,-0.0020981854121964,1,58.377757718112306
5.182037044973441,8.855839830467834e-05,1,102.92117139925298
-8.31154566467669,-0.0025120726150785,1,72.84804295601822
-1.1641035935860202,-0.0019481814721154,1,8.196503994586763
4.161377041684236,0.0013458048593231,0,5.137782786327783
-7.294273092181765,-0.0024138031906219,0,-14.645642581012217
1.5649057083136435,-0.0018340985410675,0,53.91921011101815
0.4443835454219087,-0.000336091506241,0,2.212574230871368
-8.299348527557992,-0.0039246864423598,1,14.501060571426407
-8.753867958249192,-0.0009258346536188,0,39.79485126679129
1.3469663994735566,0.0007319259582327,1,2.209183700668851
-1.4841252164742986,-0.0014294319258625,0,2.3660762214404913
0.1012022800718721,-0.0006042064213055,1,3.3242931400823204
-5.082148631417265,0.0015821271637524,0,100.35309382936069
-0.3821177492614431,0.0018035959645618,0,42.833157146118445
5.241155848523549,0.0005239312304021,0,14.413151024910395
8.075401725689687,0.0039112272245248,1,0.37657965352829537
5.597752394400272,0.0038836953691908,1,9.83960354759708
-8.519163126489492,-0.0035509251302839,1,32.90073288389111
2.136284821168424,0.0013149956518967,1,3.491042564777718
8.278127548860471,0.0013779808709523,0,2.5134289253149147
-8.339646142385796,0.0004040777974574,0,97.41657595243848
-3.678051932785012,0.0001871039959587,0,13.403997037167022
-6.927542118371644,-0.0030653329674335,1,10.761293508329924
8.69592737124966,0.0016645521324207,1,131.13466748276505
1.4592037354687584,-0.0004137387403242,0,9.290948740696393
8.532154532871527,-8.637712491382066e-05,0,66.68389730442149
-6.559777238862113,-0.0040061811909404,1,-12.577274507952412
-0.1104527307290741,-0.0021201836650207,0,36.3942943897498
-5.363437718955046,-4.500223446418258e-06,1,107.71569688499383
-9.613880557715271,-0.0046503034715356,1,23.787587314135738
-0.8312238252209099,-0.0016372543155096,1,7.4826267555199735
-3.881428757798913,-0.0005510522374959,0,-1.9949080670862998
5.046254097374073,0.002997316000177,1,4.197209006733547
-6.174702037611137,-0.0001986368241058,0,27.148235682672787
2.497944392055162,0.0028421351960354,1,28.51902577528321
4.950590197222271,0.0005493392318446,0,12.471562259911114
-3.4969821284970486,-0.0020988088781008,1,-8.099965700700274
2.6226923050111424,0.0027087659962907,1,21.88195721240182
3.950696877974096,0.0022671360221102,1,4.655617660087009
5.904441219299127,-0.0003212180913704,0,49.767283020324136
4.525695354955134,-0.0008313569243268,0,56.07226586461262
0.6778904865533324,0.0021972153212425,1,40.704523513849985
-5.465999012137674,0.002005564909013,0,140.06207086972145
-3.849063410658817,-0.0004920687458367,0,-1.1397859522527154
1.5972967139291685,0.0005761152405809,0,2.868770737507013
4.767932076141573,-0.0002597929253137,1,108.99345783751303
-2.5084727785771594,0.0012504741325268,0,40.935792876743434
1.7077524486910374,-0.0007341815049176,1,33.35026273777725
4.349170047137562,0.000995487358234,0,5.093444926688399
5.4362677341830405,0.0018417883829465,0,5.34782771202897
-1.691866480907823,-0.0014124712755084,0,0.48641478169677377
-4.226320308615737,-0.0016662501022204,1,2.607202656839065
1.159019072809663,-0.0023067908372413,0,67.5027051877729
1.6083634792367345,-0.0012230997634277,1,49.24444437311101
3.121890292741988,0.0029152478450273,0,60.02814504874178
8.211660348714748,0.0016048239782254,0,-1.7940324224809616
3.7313754415815854,0.0019029065129929,0,14.49749087583317
-2.390867887911696,0.0009447125130077,0,27.107296742790083
-3.3863917798724703,0.0028256564931781,0,162.1399322895634
0.3768553662983791,0.002152570272096,1,45.899656405682904
-3.9141888908065408,-0.003076565976036,1,-9.346302649856852
1.3755609685786787,0.0001481671855873,0,2.7489361321288612
-8.981148323854299,0.0021485828720407,0,257.0892452047887
0.3725948325093071,-0.0002238073604226,1,1.8671473675203472
5.451550182112403,-0.0021556280589574,0,158.48706916961143
7.807601974618464,0.0020416698678711,1,71.5572447565421
-9.311931758964814,-0.0043993540005051,1,24.22913638307495
8.403216269088166,-0.0012136103986466,0,148.31357314632325
4.217812528295941,0.0025984517925006,0,32.61215041127034
0.0181596406269246,-0.0015468941840474,0,20.457940390438097
-6.296642438114473,0.0024701674353336,0,202.6927249551467
-4.983011738250756,-0.002781716514241,0,-10.38379741075319
-9.945162300854182,0.00104216512758,0,189.90275403678592
-2.239216725406095,-0.0008629931107969,0,-5.78277999131682
6.868956963611112,0.0006217438446883,0,19.995341461341756
-5.090679693504587,0.0015866816210497,0,100.83470726420956
4.921160928885499,0.0001849973561521,0,21.25595971708174
-8.103843815793441,-0.0005777416011037,1,199.26805422486845
-2.76619252464795,0.000411614430974,0,12.87296850300509
-1.437367115623406,-0.0025029703438586,1,15.42385239452211
-9.010193462595062,-4.1572574268239374e-05,1,313.5240059723854
-4.99505333740899,0.0010002596101405,0,63.39388800665877
9.803735933415927,0.0004054276298608,0,47.80283971248854
9.21650631452989,-0.002562048585912,0,305.89893058940044
-2.5933890400396717,0.0019623045688927,0,80.54781408367629
-7.134307738905115,-0.0015040253138018,1,83.56006769187513
-2.9494829023248865,-0.0025470889023546,0,6.771547474148142
6.169636722323077,0.0037888434271495,1,3.1282426263680354
9.466389058985566,0.0016781628984117,0,-6.001484003492841
-6.189666392490773,-0.0003831227217461,0,20.823950308766058
-1.8196010586618636,-0.0023109021367539,0,16.22776319953782
-4.544932607694205,-0.0014792731763222,0,-10.676498378736174
2.63139733331678,-0.0011632292939468,1,79.92727117729677
1.7944314712515883,0.0021728064183109,1,18.739909495897034
-1.703994725691869,-0.0018011222297799,0,6.49371713757909
-1.060998923098763,-0.0011949220639832,1,-1.0537974176410168
-2.2117897120361096,0.002165738842905,0,87.57515944237667
7.123932632336995,-0.0017184564426227,0,163.77790085221517
-3.1141873233720414,0.0004163623646891,0,15.642884597031287
8.499474529049266,-2.1691606758625143e-06,1,282.4776475445751
6.631693592639575,-0.0003474343795876,0,59.77623203508959
-7.611518243667403,-0.0049197897430849,1,-16.28183086794425
-6.249124057198198,-0.0044906125336126,1,-16.853342974875826
4.776420996348188,-0.0007188021305078,1,141.153092596471
6.845630414633646,0.0031807914329476,1,6.835438306103167
3.823177444950439,-0.0019117865360607,0,102.74957896336099
3.633623688992064,-0.0010647822646794,1,113.73908506215108
-5.73996951038807,-0.0029652264668139,0,-14.508285681437574
0.8104471613009157,-9.722704049035476e-05,0,2.0838073378881306
1.6560831174132495,0.0015268433567925,1,6.690171120521098
6.298050941678458,-0.000980714029613,1,245.56185053164407
-8.407552471212586,-0.0004671552632394,1,227.9277879621935
3.3733051435239325,0.000755669096722,1,21.21469158321139
2.4195616131397597,-0.0002914192384215,1,34.81315805823838
9.126741070317047,0.0013652060120723,1,177.4141781690875
-9.109439287917509,0.0002573694886448,0,108.10490396711535
9.5725433459387,0.0001909531608001,0,59.285170713823504
4.539098372269883,0.0034690021837976,1,14.449935365399037
-1.0825155434447904,0.0006525819569787,0,9.082998744329645
-4.13343541311553,0.00187800382094,0,101.9679520567015
9.510359825506336,0.0054575886757542,1,-14.6204861380079
5.000540308085224,0.0007893042645905,1,56.962846999760664
-1.887556582403331,0.0013990208848344,1,70.03037561476398
9.798043193670235,0.004851388190688,1,-11.99381252982652
-9.784543756032392,-0.0013522248403064,0,42.44750514437636
1.5838483942336463,-0.0009691925936347,0,23.09380849461067
4.2200031729992205,-9.756507945008844e-05,0,24.031256991280298
3.761002736502057,0.0038201304683419,1,41.24467798545157
8.210531206498871,0.00085845655082,0,17.744647151590243
-0.7718977737047048,0.0024043217677521,0,80.93726261195661
4.189340270566877,0.0007643776334226,0,6.550430920141064
-5.347111609937613,-0.0003520143274381,0,12.552118505684216
-5.747868238964795,-0.0034342937848399,1,-11.180388586013695
4.334524680117156,0.0005711556976425,0,9.456153059921474
2.8533175214243105,0.0006638606789702,0,4.372272671052658
-6.49574060152627,0.0023387211906775,0,195.87327525299142
-5.168031625926965,-0.0023760733003847,1,-0.45708373150526543
4.736013806971348,-0.0026283941606819,0,176.5687946959302
7.621170933723146,0.00072151559569,1,162.01429155050772
1.7634443232788062,0.0013067402063839,1,3.921289747728787
3.0721072301814285,-0.0003364580391193,0,20.705659153638283
1.4431506913483858,0.0020407358759849,1,20.13818645107257
-4.774358605524435,-0.0017630181897891,0,-12.07561671194133
2.15581984492516,-0.0020835713132347,0,77.01647154424882
1.405510062965492,-0.0016724429844273,1,62.53151932896382
-9.528860104673477,-0.0009051528996395,1,257.48134778186
-1.0988592429281283,0.0004454293721627,0,4.933888489979551
-1.864998926694522,5.949661117287244e-05,0,0.9087662366401945
0.3198083706920744,0.0010211531280163,1,8.954320075380242
-7.93059438688259,0.0002892151427934,1,274.74851120444487
2.6030798281916763,0.0005178723770075,0,4.4270803028152015
-5.109083878965535,-0.0039150485979675,1,-13.180715914183473
8.06185329505336,0.0003865601384368,0,36.64532989261246
2.3129335428298763,0.0023316504045581,0,39.75136772329976
-7.970382106355281,-0.0013227831299911,0,13.523745996414823
7.543758226196683,0.0013328824218613,1,110.02043123836339
-7.455081556016532,0.0022557977116605,0,216.56091555925624
-3.551770609157523,0.0002210622700715,1,56.21408052432684
1.227121502781266,0.0003336235172241,0,1.9983709096763231
5.1917834112297605,-0.0003126127606049,0,41.29833230118187
-8.139421365455476,-0.0009089728245477,1,172.61587696204901
-1.913134940521914,0.0022589680202612,1,131.99182070048008
-6.641132922921045,-0.0041630338063879,1,-13.807339932692155
-6.294752081824779,-0.0032176852121682,1,-3.0478590048956224
8.457917312534548,0.0004682078215971,0,35.45152119961171
-5.829473198355082,-0.0027788573951305,0,-15.56002945664383
-8.994562956894214,-0.0052561928381903,1,-6.447754484163039
-7.126143952329118,-0.0047610438589949,1,-17.20518603256897
-0.1304262152916635,0.0005216628694648,0,3.5198434398891334
3.5966933175594225,0.0034180806427204,1,28.366733299751424
-8.134835448161189,-0.0023348673150837,0,-9.034429264897042
9.081637524943275,-0.0003076408315797,0,87.84764311661002
2.0366421110283,0.0015546027436869,0,15.273148834367717
-8.48544790240548,-0.0016265318525211,1,135.2385276064958
3.764150222539026,0.0034148430877688,1,25.109975277735018
-8.950989282843967,-0.0034024860563974,1,52.51902986962205
9.956954489821555,-0.0017387914546956,0,233.41202430325646
-2.609559155628678,-0.0021598038061055,0,3.4936154178211676
-4.104707447843281,0.0003499625509387,0,22.53076378555812
8.340354583643315,0.0047426132041722,1,-6.81008904672076
-7.841406156425748,0.0005482759366095,1,297.70364410619385
-5.097841166526673,-0.0002514418050516,0,13.095180232370899
8.979846400344641,0.0025543116505596,0,-10.173263953924744
-5.341748241880316,-0.0020811174502643,1,8.95911756976265
-1.4702850175198527,0.0022025965214664,0,78.41654376871654
-9.110653709425216,0.0011631875678991,0,172.29059541914475
1.6970389565705108,-0.0013119161201628,1,55.695453122268404
-4.605689589706861,-0.0030859457257694,1,-11.678076087427957
9.589785563596935,0.0039761765846257,1,12.153151617435553
-2.846367260411049,-0.0031440049400997,1,3.221261526851224
-7.382309708776913,-0.0034768628630586,1,8.183651107505064
7.713932997964918,0.0023445751143621,0,-2.060575972016312
7.008745932561716,0.0011935683968779,0,5.77807571687479
-8.0139152751763,-0.0039978718024711,1,6.408007451989047
-9.737437373835158,0.0014359720157759,0,216.28116574380167
-5.09457391786383,-0.0041042764341877,1,-12.413561306155698
-7.751775563174408,-0.0025586472946854,0,-14.786803454164545
8.349390708020042,0.0010579716650059,1,167.64141253657135
4.379311474977392,0.0042128156535934,1,44.156213320757445
-4.951857298228384,-0.0026398277894957,1,-6.929747170943959
-0.4221916427370704,-0.0024532559394958,1,38.38973672725173
-6.2827883422547455,0.0006153619397237,0,65.40004654834465
0.2082118939003265,-8.82247536658754e-05,0,0.07435895815833549
-0.0022824999934485,0.0005974139941648,1,4.3176241828668465
4.597189257103302,-0.0017325674664784,0,108.12143159633757
-5.597494272300974,0.0005036301686955,0,48.121678813198805
-5.853303579904567,0.0016813180654889,0,124.0793966415093
-2.8090915291874463,-0.0017142276459249,1,-6.80599539404848
1.789876598770304,0.0014463204587161,0,13.916971796551078
-5.8782603627562064,-0.0024428960670113,0,-15.668073097429163
4.437667606696923,0.001559663588875,0,6.047287038512025
-3.6066211263111247,0.000969470213701,1,104.14643446306792
0.0066961132428531,-0.0005217877777681,1,1.632183934066557
3.140586710893018,0.0007261667461855,1,18.18618613056372
1.666814491429342,0.00271295102585,0,66.70346877346762
4.488772415470141,-0.0014509229260874,1,182.9029167895484
-7.39396698561146,-0.0037378998085525,1,1.7710431895895393
-0.3788851730700244,0.0005089424257879,1,5.720219671645182
-9.943939071089334,0.0006322700535704,0,158.03525050986926
-9.657256326442187,0.0018994186133004,0,256.88942156007744
2.040814722429092,0.0034239506760997,1,67.75017165375499
9.722450388273806,-0.0005338268566678,0,113.736016933916
7.752966583486142,0.0001208971100193,0,47.21798285047914
-1.8658558806344985,-0.0001795551431098,0,-2.0974704171243195
-8.520531135855363,-0.0010317784941819,1,183.52807333030304
-5.906987603864322,0.0017413265004695,0,129.84071621190026
1.9579540728731324,-0.0027295945628306,0,108.22354975232764
3.247912614444301,-0.0024240243642658,0,121.75974864191869
0.0135928950223007,-0.0025731151246162,0,56.06675863017435
9.462026856332198,0.0022007090095376,0,-13.82912941557815
-9.74908799586612,-0.003486581875727,1,78.03229939736016
1.3661549878759054,0.0014713815686385,1,7.931182811623547
0.2119557755068353,0.0005589154700369,0,3.3837672643158805
6.309924395633008,0.002168359074789,1,28.483996968640664
-7.962469936247889,-0.0005426407270606,1,194.21792258886242
4.530481700017802,0.0032524549061919,1,10.104767628992619
0.5953040902264064,0.0028616449150864,0,91.24420859007353
0.6839965335435938,-0.0006348975164146,0,7.285110757901978
-7.638090761192606,-0.0021448865781284,1,67.16833912044476
6.6064774159487705,0.0036032788132903,1,1.1214510828899726
-9.655713636678914,-0.0001286745041838,1,351.82179263534397
0.5673307680304536,-0.0025255162389598,0,65.36187172560597
-8.293480503776326,0.0010260429883339,0,137.62078989181532
9.104997853614748,0.0047787696925051,1,-10.5011541846699
-1.8030167530964183,-0.002226943021255,1,3.5188672255504785
-7.326315135298744,-0.0034873934702314,1,6.841264863000991
2.977311508194731,0.0027577572458785,1,17.94167232018182
-9.542195657552242,-0.0052346461565852,1,4.154266760644518
-4.1822780856934045,-0.0005087046712233,1,38.97053757017064
-8.760688536867512,-0.0013389140209067,0,24.438521643544874
4.72838737299355,-0.0006910019907286,1,136.90695129678772
-6.356143283062822,-0.0019430481955449,0,-12.101013200786495
-9.568109066686157,-0.0027009674178603,0,-3.9576672901203422
4.126526373224095,0.0002544547881473,0,14.285946245482295
-2.150838783638129,0.0019933802914465,0,75.61158706038208
-4.84661956783512,0.0009910798074581,1,162.1824201836326
-4.392989665495652,-0.0009318199208806,0,-5.788817156358018
2.1241499304026767,-0.0003218860817282,0,12.505784697227766
-4.788946515704177,0.0018702852729069,0,114.59655230527733
7.887750600877336,0.0023450310915497,1,56.110193226289695
-1.266673791400052,-0.0014061173300187,0,3.848030350481709
-7.203820632418568,0.0010925249400309,0,114.03323312228721
-4.980446753790131,0.0009925392369893,1,169.16639073479487
-1.071702520108456,-0.0024743063238525,1,22.56369256749652
1.262366850833773,-0.0024298650891732,0,75.62540773261478
-2.198026832022575,5.393886346589664e-05,1,17.570841877136573
3.751144994360743,0.0031574637067435,1,17.57934076474285
-7.402227772545267,0.0002880492708211,0,69.76715422618003
2.904567587809158,0.0026490064216518,0,48.46854083735202
-6.726370602281735,-0.0038226327839342,1,-8.727297084057529
-6.098114814663653,-0.0024817504338646,0,-16.180004099341353
4.147993236800737,-0.0003407642804583,1,89.82059777852609
9.14683612112112,-0.0026295979363195,0,311.61028654241767
5.331415736230019,-0.000449629650863,0,48.92138461951542
-3.4220601956035352,-0.0010609244530881,0,-8.120537320800182
-3.710587348092624,-0.0018919009744511,0,-8.353021009696388
5.6709863721655225,-0.0028634120696599,0,224.874848372377
-4.213394834074142,0.0014695793389339,0,76.91893064595632
3.056600996068653,-0.0028318301772629,0,144.05910970207916
-8.612474410469911,-0.0045258130549663,1,4.177243169347859
9.585198823128284,0.0029914973092245,1,64.23438567548294
4.35356749729781,-0.0028430332380702,0,182.5078304180586
-4.187663165278119,-0.0010718117712113,1,17.811100930113778
6.407328452488606,0.0018003574808354,0,1.5054560121924463
-9.095173700373325,0.0009758880248937,0,157.210001664983
-2.5250502001281454,-0.0005089148479556,1,7.199026097946688
-0.4338671860700511,-0.0019328432757532,1,21.626274576657188
-8.128530938305472,0.0004685164767413,0,96.19364150323648
-9.37178476418087,0.0005824637275662,0,136.8754301224837
7.57350586368532,0.0023974498306781,1,45.37030142265625
4.412591014808044,0.001974501747985,1,8.565002042740883
-0.9084960287989894,-0.0021618251485365,0,25.2188786807019
-8.470500506606486,0.0028715549752004,0,317.32860987723836
-2.373852371541359,0.0028748372530074,0,144.73193081130034
7.018592996999121,0.0010833293489648,0,8.011224063491866
-0.4776775398190107,0.0013564112955059,1,30.849769955964923
-6.677720063669876,0.0024961471233039,0,216.35061718661086
-3.168971258400866,-0.0004029897502092,1,20.278511002600595
6.206381707729843,0.0002028630353584,0,30.390937847396277
-2.590031268998336,0.0027626537255301,0,139.53631033805584
7.468286270187647,0.0010387095032378,1,129.10367749048083
-8.766480104850539,-0.0022586446604399,0,-1.9372010277302918
9.154245594199455,0.0027179383013771,1,69.51923343241765
-1.22961350732451,-0.0015180119628972,1,0.6176582166296511
0.4675013292037739,0.0020086032813398,1,37.25405027882774
4.237229025811482,0.0027273135849558,0,37.81743518515796
5.518254322385428,0.0036588006726735,1,6.926184019745033
-0.3144078513731898,-0.0012980362164671,1,8.904033450207237
-6.693529375417981,-0.0029972121336444,1,8.19690479568721
-1.6058123890810592,0.0003358993794707,1,16.43538845314256
-6.453831107220469,-0.0006554274126554,1,109.28022621213907
2.538471373831236,-0.00114558617701,0,41.18335166417327
-0.9428426743175676,-0.0017451223919596,0,13.749477853938183
8.731682420369914,0.0034530630886277,1,20.61043639000219
2.2098380743269352,0.0029565349828175,0,74.40193925316953
-4.010906374015546,-0.0002144712725061,1,47.80042737058737
2.2501055547264457,0.0034271217519476,1,61.62491136604849
0.8562805992187084,-9.828234961020856e-05,1,4.573268207408422
5.855746340196848,0.0030242895645598,1,4.110604639353283
-9.843563046144324,-0.0016120456816399,1,211.6526057418327
4.478688270127336,-0.0016525079612389,0,100.54949451480775
5.829534581090471,0.001979534710427,1,26.489655097864087
4.562348059494106,-0.0002623438566677,0,32.67716204039109
-3.747410331548979,-0.0013055844945151,1,4.460923213086041
-1.2769346158328505,-0.0008456607556868,1,-3.3829616300213807
-8.561377298532946,-0.0011120799482436,1,179.07485857092726
3.17329434742188,0.002845694264912,0,55.55888558269972
-9.289087104817767,-0.0029362271962274,1,88.76651211346763
2.239392562621948,0.0029621629857413,1,38.65582104218028
0.8087842648006394,0.0014170097007154,0,18.492035008392687
4.081531896400179,0.0003055498327509,0,12.969268962458019
0.7655814313415554,0.001863309402417,1,25.659015896134722
7.033099923719217,0.0037530264529146,1,0.10318540942105331
1.4165994943555127,0.0013595119544856,0,13.680270574523112
-0.7826147118582902,0.0015460598674417,0,35.543361478633244
5.517771978782392,-0.0024309336255014,0,182.56378449679772
-7.217071062259171,-0.0020137952321545,0,-9.371246106574407
-7.763200623237354,-0.0005707105067811,0,36.65205569833968
6.8632623862894135,-0.0005738470405618,0,75.6780264465836
0.3148333744627187,-0.0008704143947899,1,10.083459579470153
5.180124365230894,-0.0002576638424789,0,38.90948562014857
-5.110599424981716,0.0011744773875259,1,193.08784913256247
-7.295406556112274,0.0008541584775048,0,100.46930521071417
-2.1671805560140527,-0.0009891420630535,0,-5.412413937891141
5.704537627798414,-0.0011867360221534,1,229.11376620013982
-0.7987616133913207,-0.0001240503693039,0,-1.7984707928365713
8.084315721405595,-0.0009843632383365,0,123.55664295071767
0.2870984698690932,-0.0014701286200006,1,24.171850009315776
-7.447312573440037,-0.0006275079795539,1,158.73327613272173
-8.251091595799789,-0.0024301345898006,0,-9.954316373479617
0.5979392322943529,-0.0019388156361468,1,48.50242129723987
8.743948817236028,0.0023701572113996,0,-9.237404629494998
0.2773911933380386,-0.0024576111996597,1,60.03906734140675
-7.319411074438424,0.0027913648602631,0,267.4169423145395
4.532031344734293,0.0018948939862583,0,10.124940225816365
-0.1033895591872102,-0.0021723947410924,0,38.35123291777008
9.654496699330362,-0.0011097558803245,0,163.19365742838272
-9.246448250299812,-0.0018058688687885,1,161.264536551682
9.551054747906484,-0.0021804962906073,0,271.8867528366098
-2.746006724651373,-0.0022343895411136,1,-6.1300235851790035
0.2420102837051025,-0.0021915037883365,1,47.86275305273129
-6.175841359901897,-0.0037648891858826,1,-12.255534747854446
5.1199609131847,0.0010543942143261,0,5.511596883377192
-4.955461442113727,0.0022863412135647,0,151.0904333207312
-1.449567261209047,-0.0015869893119672,1,-0.8127154351951154
4.407488101847168,0.0009962510898116,1,33.38943611841531
4.044881001814989,-0.0007064685870117,0,43.977661678048506
-3.6254101760555058,0.000897991361557,0,38.60492023773814
7.214545314124052,-0.0012523092009388,0,128.07042056629345
6.776375625760945,0.0016587919474897,0,0.5917278069186397
3.9773172291303176,0.0001474633981596,1,58.141658093099515
-8.527418715553,-0.0002868996617038,1,253.51497808917736
8.385669656950189,0.0016067192863691,0,-2.1484423328227926
9.123144435758627,0.0022802429416505,1,99.3309741062682
4.077585548854945,-0.0026169547557647,0,157.10561117504483
1.78203395523928,0.0029436363820685,0,79.49520272666547
6.2203396834335365,0.0031250875408123,1,4.269617786267494
7.960205398198166,-0.0017070116778842,0,182.40412370975804
-7.541052344466436,0.0020859934408434,0,203.12571230307026
-0.7413652829030415,0.0005360531873232,0,5.357610377850209
1.216489786151742,0.0020602470938905,0,38.418011213726004
-9.002282919013851,-0.0004705254979286,1,266.222699969182
2.189211118638696,-6.66102275531446e-05,1,22.7410421437984
5.061816706308767,-0.000285557402074,1,123.08378608265969
-1.94463883903666,-0.0018797005664828,0,5.4558392729370375
2.3966468340637253,0.0010390671760055,1,5.070004045753138
-5.954493973774242,-0.0019173269993217,1,26.74008597990867
5.736821448060168,0.0005998027270612,1,91.38828595548267
-0.1142328200940454,0.0027298633433742,1,95.30620952031578
0.8336022474719691,-0.000815790218365,0,11.765260468619687
7.515344651377546,-8.481070538775051e-06,0,51.66144032831052
1.3141517488057968,0.0025302836490201,0,60.618241245925574
-4.811174452382248,-0.0021387490292864,0,-12.467984289835027
4.068923877128704,-0.0029443318158546,0,181.95419851703474
-8.870012007949601,-0.0012108664886309,0,30.83786581589701
-2.1660695707004667,-0.0035121715493132,1,25.85865779315564
-7.119298626992321,-0.0020012184013122,0,-9.71199261096115
0.426339575302455,-0.0001516680943618,0,0.9505807519040241
0.221671228109832,-0.0024790182950946,0,56.26438076846657
-7.281390497660343,-0.0034916105439355,1,5.903622874911965
-3.0844974156982152,0.0013030089987049,0,50.589442445559854
6.446170132513384,0.0002405975290423,1,146.1191070265777
6.243949302359418,-0.0019849022718152,0,164.78452437082268
-3.844485605601098,-0.0011802085407084,0,-8.90601254262261
1.8741107663580416,0.0011491501707598,0,7.862632569785104
-7.290989434631507,-0.0012298633482702,0,8.051746175834412
-8.215901334043052,-0.0009537567975061,0,29.402412711371788
5.047919061177247,-0.0004982267979957,0,47.64877526352223
-6.788542313840842,-0.0020151561326995,1,45.342635311758535
-6.016197489750645,-0.0025567360407617,0,-16.20778732131088
-6.006134398175589,-0.0011956672060467,1,59.93904504528691
-5.9327157333556695,0.0007517865316751,1,198.35576655349246
2.125137997617177,0.000775929462251,1,5.633125552980418
-6.155235736797174,0.0004775996670328,0,56.039038421788256
2.5535495776289263,0.0003954943990687,1,17.023337089218398
-1.7479464602586088,0.0020130360442327,1,105.7983231612474
-2.937139372813037,0.0004550204397497,0,15.403628641667193
-5.975362295749256,-0.0007006140742746,1,86.75321835296236
-4.849200531179081,0.0008007993092564,0,50.83415535379501
6.274295999037459,0.0011073702808147,1,79.06266330978275
-2.2001718399114427,0.0026793263047666,0,124.96989571726206
2.393620846144476,0.0027936493293597,0,62.208189230104516
7.890455851577197,0.0008284569341637,1,165.73654994042298
7.137918143229221,0.0018381386819207,1,63.523584861752305
-9.330771796237308,-0.0015526076050673,1,186.1597712197722
-2.344210499625268,-0.001378207624482,0,-4.217470536695992
-4.846553038501069,0.0006807925784466,1,136.09884499803601
-2.064656543395545,-0.0017247729139918,0,1.7511279782129439
-6.169207350421042,0.0029605413486919,0,249.15347897338174
-3.596003488449364,0.0018642908677193,0,91.0863627806489
-5.339186723352471,-0.0014373240162613,0,-9.244189474201505
0.1133462839314152,-0.0012228046486926,0,13.520360933556333
-6.51039963255482,0.002234197372907,0,186.60934274171635
-7.146927538938346,-0.0009248942491382,1,121.44646504911762
3.915369170858176,-0.0005578615215177,0,36.522357230402385
-8.51561024344459,-0.0049855369552887,1,-7.967301899154903
-7.323198943310647,-0.0021814166721737,1,54.51072283461437
-1.8689130134515164,-0.00068377904424,0,-4.840454217694414
-4.182300190542485,-0.00101553170663,0,-7.300691280723944
1.1678695419442775,0.0008774538922878,0,5.694970877582579
-3.4374480589505367,0.0005414743530076,0,22.5637566247469
-1.104443598241744,-0.0020721540937856,0,19.882233471376413
-0.4950616176141746,-0.0002838244505687,0,-1.534555820548071
9.63303491493102,0.0056567312940702,1,-14.637327165542702
5.96555318869736,0.0021155903870867,0,6.127215606067418
-7.892818495505434,-0.0022305257474542,0,-8.833196198239365
1.6072284608243788,-8.810138897432659e-05,1,13.426401982650724
-7.070161578957739,0.0008347908811586,1,277.4248391483472
2.931883095940828,0.0034705797182957,1,45.34372565975431
1.4672229590065005,-0.0019158849545351,1,76.36195539538005
-9.981444851689751,-0.0023417276941372,1,160.75241175568829
7.028355649896355,0.0029158620550403,0,15.76697646049401
3.839076690086969,0.0009702742428157,0,4.755987311238742
-7.782213083849417,3.2729474915402635e-06,0,62.80463985375069
7.215213782954859,3.916888411497405e-05,0,46.30903553524141
-4.136389518914927,-0.0023581503967344,0,-7.605771498103471
-0.5438388326998762,0.0007030367264606,0,7.822269812069225
-2.8594166800661487,-0.0024222631964866,1,-5.764077002567318
7.915508137004299,0.0028392383822054,0,4.31215774600093
-9.296586435129765,-0.0041319971515584,1,33.44671631898887
5.328033481305468,0.0036232222426389,1,8.238361612027402
-8.483694155376975,0.0027860828065206,0,307.8837247984089
0.2297007691566754,0.0007807113115156,0,6.586334513149796
2.3302470283956502,0.0008555971948858,0,4.183375687423336
-6.613553638230078,-0.000192720920539,0,33.562602385760094
3.821151252583197,-0.0005432950065019,0,34.89843790586416
-1.1776676928043202,-0.0002510024781422,0,-2.687731511523366
-0.5107498034432396,0.0014726047042214,1,36.27462786668951
-6.712714678217684,-0.0001852769449292,1,156.91254981234405
4.5182422496098,-0.0011024922351815,0,69.56240683959706
-2.604962444578192,-0.0008293584862337,0,-6.420360308791979
9.720543564116904,-0.0022118037071401,0,280.2232634530447
-8.558532211052317,0.0003563513864437,0,99.9441192268693
3.4218917427451814,-0.0029528212479057,0,163.2044358170653
-7.9436878119838035,-0.0029934715131869,1,38.11678925437298
-9.537969977176576,-0.0025366130113452,1,124.28262252320687
-2.361149067844477,-5.6214227367843934e-05,1,16.928552781864695
9.341129687871486,-0.0013169235701349,0,176.57811094559844
-2.7209947615844854,-0.0001303822321368,1,20.94354158174038
9.399223845003544,0.0034569371503055,1,32.55834599771853
8.335302332867993,0.0019225610216436,1,97.11645199476831
-1.0819598306340517,-0.0027893607539279,0,42.99655961358986
4.953104775753591,-0.0028355312338017,0,200.05936101691748
-1.7724112856703211,0.0002516832247356,1,16.581108670674404
-2.0355408237805843,0.0008986380262333,1,47.45705452237341
-2.365175497925362,-0.0016413904114562,0,-1.8114948041733396
-4.699084176488373,0.0012638265625627,1,179.28816097009278
-6.81483549213586,-0.0027516938568303,1,17.889985719567353
-2.8334600396762166,-0.0032777886300334,1,5.8598340997433604
0.7751474636402378,0.0014592547314123,1,13.625290240062563
-8.838117386214591,6.953896329638999e-05,0,89.9527306693432
3.8010173822097855,0.0009904505589664,1,21.966985374605496
-8.513813116543403,-0.0054711218855877,1,-16.484778208025237
-6.512060958593475,-0.0040549433738807,1,-13.402247764064704
3.1469374731352744,0.0004155347803135,1,27.01737649691721
1.276731153756419,-0.0006350956768896,1,21.003311046018798
-8.412327796031335,0.001415473422293,0,171.14058118727996
5.325358702926762,0.0012029873913745,1,46.36351439157565
-9.546688139065552,-0.0015674470568831,1,197.5498792929778
9.987573013238173,-0.0016912026742837,0,228.98768794098328
9.363829268729296,0.0023252468094685,0,-13.76384941823167
7.753717614173322,0.0019334874617814,1,76.60130838183201
2.606127582571574,0.0020769345584839,1,7.969247253674224
7.323282306150592,-0.0024802426392095,0,239.2368955618729
-0.9468922142152324,-0.0027263752078911,1,33.385239292574816
5.7632451937776334,0.0013595061950116,0,3.492117320328439
-8.81422478899111,-0.0018737743573938,1,133.92858315088847
2.276082339166969,0.0016185567468895,1,4.712476598201259
-0.7556439419985566,-0.0004339610049661,0,-2.0485885983703955
-7.918902570713133,-0.0028722296308025,1,42.38799208466133
4.055188661169321,0.0008186101519873,1,32.25729094347442
-7.66937242326626,0.002603061387901,0,258.76421926509505
8.079342407029284,0.0005379175011826,1,202.03026756238378
5.491150349731678,0.0007328094982461,1,74.9706787141117
-8.44798917416857,0.0011582668357202,0,151.86276611824147
-5.3212348568064805,-0.0014189079621008,1,30.209206828582886
-1.624999512625953,-0.0020965305909417,1,3.9070017006415565
-4.735414482659326,0.0013001167390585,0,75.88999279914822
4.256053604311276,0.0033532925866112,1,15.496990698674919
-7.804841608231872,0.0024459552953521,0,246.82246979291583
-3.136241447755747,-0.0016942872246097,0,-6.421742202672084
-8.018826930223433,-0.0007222454076832,1,181.69822111293965
0.796750417259652,0.0008228512107082,1,2.965514740871947
-9.7600774496585,-0.0019854713905208,0,18.868413208285606
3.910458875346405,0.0006102554311208,0,7.405808420827557
-5.943212679884644,0.0009454297748331,0,77.35088909828573
2.1223157594233903,-0.0020824738036878,0,76.2708306780761
9.988726276337736,-0.0005374432996987,0,117.8141777002318
2.556071665920358,0.003420392430971,1,52.62491977542412
9.010200422847245,0.0003910620516183,0,43.13734637906975
-3.470964950720319,-0.0023624519469615,1,-8.908066419463099
3.9848902711422154,0.0010019555796964,1,24.857608012113676
6.859974754026169,-0.0019774774816175,0,179.6205251446604
4.635752871655424,0.0004323678399618,0,13.351321858763507
-1.5378803595916573,-0.0029231086779072,1,24.402299511168213
-7.790922370119555,-0.0017635857217351,0,-0.13008352506044768
1.6215079048867196,0.0023162454640891,1,26.02893999700145
-5.558461167497075,-0.0004562910732532,1,85.81989781087509
0.5927121195350544,-0.0025289703096955,1,74.39775505212543
-2.939168530025462,-0.0009501804555521,0,-7.231562946174493
-8.168782222007174,-0.0028757891371408,0,-17.38526782354173
-3.237887157744666,-0.0027246161692352,1,-6.591701631583276
-2.162597112454589,0.0022269362621244,0,90.86907759301437
-5.918074070397394,-0.0019921330028778,1,23.197587830854406
-0.1735191569439074,0.001382184287807,0,24.072156034327733
-4.911400421013181,0.0011695169429457,1,181.77849862424708
-0.4435091814247212,0.0007455055364777,0,8.289431544841026
4.187009803762338,0.0026147215016926,0,33.569050827033706
-8.951556628594178,-0.0023319401462472,0,-1.7371087310502316
8.050287143769989,-0.0009963011414386,0,123.88549917317815
4.765919566651249,0.0035718187402619,1,13.818662201216219
-8.992415773801032,-0.0053058278133154,1,-7.547895348789928
5.024594419972582,0.001880225187815,1,16.873395538881997
7.181947708205701,0.0014090419146584,1,91.24946747473584
5.324292100825755,0.0002174372950085,1,100.15389414247443
2.3729999666654766,0.0025959580996054,1,22.42091601921811
1.0867408840077868,0.0003110626897064,1,2.636544305244071
9.082394897619054,-0.0018521278511176,0,223.882368068775
7.925560597671804,0.0003985548044856,0,35.12793788986867
0.8275160314923102,0.0006775828957774,1,1.8713596191179578
-9.612236891932632,-0.0014367462388446,1,212.85586113776188
3.040606517521141,0.0016385620040847,0,12.279539940852173
-3.1717034306795817,-0.0024984772995512,1,-7.461885050255399
1.83095229247553,0.0034548402617314,1,76.35619167624318
1.4230682651158428,-0.0024136071605232,1,101.12539715782893
-5.103499040726492,-0.0033392754769256,1,-12.535030317318508
4.129165303078439,-0.0028685572537191,0,177.81381244618842
2.0461961199869485,-0.0003533792958695,0,12.53603566671064
9.945371515025382,-0.0013986173930087,0,197.30378265045542
5.29095809678183,0.0006140626150938,1,75.08004504153757
-6.598802836018858,-0.0033883081078418,1,-2.4793658627128585
-3.33325706924648,-0.0007027054157021,0,-5.515398131268643
-0.1625069631450983,-0.0005916625715943,1,0.9231242077836188
3.697800111849448,0.001391181533803,1,11.327159956426973
8.378300143007444,-0.001892143691007,0,210.1736276281681
8.666736628088227,0.0019684395910702,1,105.96605046086825
-5.15534338252658,-0.0044270162888308,1,-10.941694870042728
-6.649690325879547,0.0026163414808655,0,227.56816987097173
5.95037746523418,0.0040532133744393,1,8.762750486917376
-9.07395475166866,-0.0016397512685774,1,164.76438228590402
-3.745866323869493,0.0008083543582094,0,36.21285963293943
-8.54391022792927,-0.000959816606504,0,34.683393252703276
-2.965939631016825,-0.0002625220203859,1,21.128347143758834
-8.291338511659031,-0.0013795844682109,0,16.093953026048315
5.718122662794013,0.0035321737106117,1,4.032399961531838
0.7828082686542857,-0.001965271959187,1,55.3004824348276
6.1971060143815,0.0015197667840083,1,54.10049343314346
4.697581940125952,-0.0008280488814221,0,58.386089752784734
-1.944917896193756,0.0009254644996027,1,46.35671002166063
7.887874687120469,0.0014184205956472,0,1.8129832077487307
4.138094850160014,0.0029885944529373,1,9.447662894897233
5.738100913500144,-0.0003628467542357,1,160.13123587181084
-4.70926074147064,-0.0025139625343827,1,-7.011212065819168
-0.8832427616367866,-0.0020640034520059,1,15.754131303738927
4.928357887037029,0.003591522798408,1,12.160472045471657
-3.179425699237431,0.0020579452358138,0,96.76210085063914
7.322876256379367,0.0051296899556742,1,13.112756096933985
9.686277056029096,0.0035881421479632,1,31.641179963272016
-2.9178716839269363,-0.0011383160369854,1,-0.8943988493954136
1.3988349014352297,0.0017231361393322,1,12.481565851850988
3.848519878149691,0.0013143685210485,0,5.452830852359291
9.0151981453221,0.0028741455992066,0,-6.608926732346953
0.0517407344071347,-0.000488225151905,1,1.688699704536631
1.4013564091008988,6.111387393021442e-05,1,8.009160827258553
1.8127864322391856,0.0001986794275068,0,3.912020580066507
9.734066055371777,0.002128442847513,0,-14.856802892815079
4.043532888405563,-0.0008256217225384,0,49.04215557546232
-5.2934141437135445,-0.0019028606442396,0,-13.076634657578685
-9.515220866465397,-0.0001877937716911,0,92.37249859442707
6.171875430355332,0.0015574575884245,1,51.570210923625005
-1.355811675245988,1.89096591381965e-05,1,5.506111764264755
7.53401293524783,0.0013150599551377,0,3.8161826502218057
-3.9931007660001727,-0.0022326136793524,0,-7.666628645208411
4.583686197936794,-0.0003287671054327,1,105.98636389114932
0.5820399209859257,0.0008157464044631,1,3.7912346104645698
-6.419718471912679,-0.003250199590645,1,-2.079033920892336
5.476425004259479,0.0009281009772751,1,63.866055074802155
-3.0607452653297296,-3.326857564873504e-05,0,3.8551486091159433
-7.147060821993689,-0.0001782700587832,0,42.60945904194981
1.5342827174114575,0.0028922446911137,1,52.74510128836044
1.0921779998817769,0.0019456331443579,0,34.74360846624602
-2.8156636137857323,-0.0021000562570939,1,-7.044982083063169
1.3489398254672675,0.0017577824029121,1,13.855474482125224
-1.3245755277190678,0.0017345258943523,0,50.04212382279524
0.9508495917219744,0.002074118194931,0,41.61087568932998
-8.94623208180854,-0.0014151597513346,0,24.793812529335412
-1.0172894991892625,-0.0027035331357465,1,30.787189665380986
-3.569415659629072,-0.0017704561872851,0,-8.28395310047669
6.837081814468235,0.0008154307701803,1,119.4862898113989
1.203979776705813,-0.0018344769292784,1,63.248000017620136
-8.83373667102368,0.0027237175867104,0,313.90031723691664
7.003410930869894,0.0002389352279599,0,35.27806514814973
-4.887810623667477,-0.0010340624055258,1,34.79873522405913
9.132675676567136,0.0002506304433401,0,51.98956724771904
-6.656229624591372,-0.0012827304397987,0,0.6370873966639048
6.888769487880438,0.0048194711430002,1,12.35118224319508
-1.8010778674964545,-0.0002275267296823,1,5.088010630363117
8.138112422615865,-0.0021475872017135,0,229.25610099774417
-1.9835065516707024,0.0005741412512948,1,31.83788106414942
0.2574187031157109,0.0028205823738882,1,88.16852219718803
4.798567953884103,0.0013563697808016,1,28.66796981448475
7.235684974115394,0.000704082490961,1,145.40412695621643
6.6647675779657085,-0.0015626899835728,0,140.73574391535743
5.79272603385839,0.0021548071729558,1,20.287053969326834
-1.5943747778015815,-0.0032535191075213,1,33.06336896551252
-3.2915126450120846,-0.0014012565626766,1,-1.9826004131301709
-9.46318581735914,-0.0014565481574674,0,32.216584226295346
-4.407088662490764,-0.0015380288602868,0,-10.893200856568848
-6.713302412136477,0.0009042247076011,1,261.5595408867511
-4.1801516155822105,0.0015425571041806,1,178.0321150232363
-6.812375234328687,0.001436740784784,0,128.88838695312882
5.15460255588717,0.004413135108348,1,34.05545957820943
1.362457613558094,-2.160576755369625e-05,0,3.7940918914451736
5.788187629966098,-0.0006690705505511,1,187.9759541879003
9.48623194419374,0.0045586154027124,1,-6.8296435095879335
-8.318393591983092,-0.002223422155056,1,89.07998968856353
-2.8562402788324226,0.0020553166711159,1,158.23911447357568
7.336190329544394,0.0051572738865357,1,13.693323969490573
5.297358961991987,-0.0011428561140384,0,85.00062914341797
9.649141661481467,0.0005497617737191,1,293.6314205584301
-5.23203389325068,-0.0011293885360853,1,39.814288626540275
-7.319427999385056,0.0018321064906549,0,173.91432675011208
-8.847666385620517,-0.0024724644399228,1,96.72994746229901
-0.064402803406292,0.0004661386891856,0,2.69732583274033
5.176727795466462,0.0014752536016376,1,31.94041918358262
-8.315201913302426,0.0014618118473215,0,172.01296191065887
-8.861244699574144,0.0007274850583527,0,132.2467670954388
3.1435622419339886,-0.0008548452553141,0,38.24576019814027
-3.632399927232164,0.0002978452003587,0,16.34032476625206
-9.789317688630268,-0.0054612062920363,1,3.203183692273816
-5.968533546316559,-0.000978053708342,1,70.28042444307215
-3.5581204938442834,-0.0036014372572544,1,-0.36259533202706623
7.155873197646411,-0.0027592508511266,0,262.15914567225207
1.1419983501380333,0.0002828244628198,0,1.8435847709737758
-9.299340968311975,-0.0026409165430987,1,106.4961564819063
-8.9551842585653,-0.0021782781267526,1,119.99405150891465
4.638087837187424,-0.0014365049703024,0,90.49919546296584
3.289266545720979,-0.0003023915025954,0,21.732877456150177
-8.55634357554832,-0.0052473688706943,1,-12.354697158142773
-7.77170068783512,-0.0040614849414573,1,0.46247388874802486
-3.740133063196245,0.0009735949321995,1,109.88761895850658
2.82351429840457,0.0008754708013452,1,10.777724810474833
-5.398376094811104,0.0005845893343084,1,154.7982969239045
-9.275709710514707,-0.0017065620753815,1,170.5908059103426
-1.4738893659946033,-0.0017580457157303,0,8.078070376099516
-6.345740411615505,-0.0048115529736518,1,-17.601348467341758
4.661096794616714,-0.002686923256939,0,179.09246533893017
-8.711025894603386,-0.0024644697846348,0,-7.010341883266823
7.426721172279688,0.002636277357747,1,31.25163126161803
-0.2229394192277922,0.0023638820600283,1,74.7464573847223
-8.09363057948513,-0.0020482338633444,0,-3.657971864618643
-9.680834713576882,-0.0045382591530258,1,29.628348187317535
-3.1924542219392933,-0.0016910481960224,0,-6.760585313714413
4.943466135136134,0.0028255160285307,0,34.582617297729286
0.7714555932158333,-0.0007190897074449,0,9.385257668413852
-7.203170744643332,-0.0025160282265243,0,-16.046733940398898
-0.3998774799706002,6.42299536344797e-05,1,0.20432805835737045
-4.691685881311432,-0.0022576094366374,1,-3.4447215449301427
-7.54920211210443,0.0025566567771314,0,249.86456474928028
4.840966887684866,0.0018242584962198,1,15.823558363376634
-8.400580264335883,0.0008242414300988,0,126.23261875634935
0.2540055357322259,-0.0026328688868375,0,63.605399032124886
1.7236518407453758,-0.0014620902477583,0,41.399478509925125
-9.851013917052558,-0.0043097715175608,1,43.70749186015269
-3.03585002906501,0.0006755079366596,1,64.91268444782315
-6.71081550147528,0.0008558352993591,1,256.09641183233555
-0.550097138014312,-0.0004097181919979,0,-1.4509456793092061
1.654504041506966,0.0021246366844306,1,19.41668419204175
8.548508425742092,0.0024145857957567,1,70.86389493063783
3.114431288497819,0.0016270377942526,0,11.719018640092902
-6.005754486823751,-0.0010454165595432,0,0.7036990360163615
3.14995590399079,-0.0007258593530653,0,33.618772379506474
-0.7986066325231018,0.0004875268884049,1,9.431772957404064
-2.398391841524086,-0.0021715717115512,0,5.988835465064809
-6.727143022408653,-0.0009663487179854,1,100.21310244689892
-8.51578851279011,0.0002712219072458,0,93.77950059139104
-5.454479218699939,-0.0011860801336218,0,-5.347960371026479
-9.757831395894856,0.0022405241226259,0,295.9446992694048
3.721294026814777,0.002368791008311,1,5.265525519587157
3.701793736099472,0.002393258126862,0,29.44912233345433
2.9477918687141536,-0.0016499709632807,1,121.31301809144693
-7.386464751274939,0.001627308887016,0,158.7176712687648
8.096619262178052,-0.0025942339572272,0,274.57891139631363
0.4457819693757177,-0.0016087093817943,0,27.89688902426638
7.498184249305005,0.0006810352861238,0,21.110868165182058
6.385481080367708,-0.0010998580862316,0,101.54041962394149
-0.0951760523048594,-0.0010652786475172,0,8.318987951905648
-1.4812511275593998,-0.0029267174471077,0,40.242707123847005
-4.548525485647296,-0.0025218292799395,1,-8.062963869248424
6.740415477023021,0.0011988547804033,0,5.426621432251973
4.107636518293996,7.476020036566163e-05,1,65.6960279998651
9.53032098813004,0.0020596676091005,0,-12.891069780876602
2.9562922701000627,-0.0014041860969747,1,106.3219260732833
-3.5199398405843496,-7.66456675294463e-05,0,5.455024014320974
4.731252042624545,0.0011716303812728,1,33.856835609521106
-1.6116856254351577,-0.0018894301030059,0,9.217776179137905
0.8409537141124463,-0.0007463630796169,0,10.464514912174588
-7.344023518751706,0.0025181762571284,0,239.19985000968094
0.0015230092394737,-0.0016127854199842,1,22.074030632551498
-0.861510285470553,0.0023406491243928,0,78.1793145257432
-1.3565977783597931,-0.0002456063689486,1,1.1358165902267578
-6.080015284402689,-0.0030081160638132,1,-1.6564518378897888
4.747362843135916,-0.0023608410401762,0,156.00277668845123
3.992291488941042,0.0023956365051382,1,4.769249409919042
-3.260233722171081,-0.0001774241983114,1,30.36189596448043
-1.122668298319617,-0.0027701618655896,0,41.529926892462456
9.570610884902614,0.0058595518664141,1,-10.974987392445485
-4.623801636269467,-0.003846918495696,1,-10.192256065959187
-3.7726508009472752,-4.946693711131948e-05,1,49.03177278904559
-3.902305386480811,-0.0008464242222276,1,19.647220924682447
-0.9525666480891816,-0.0016069873845608,0,10.58037493607814
0.2399769923869534,0.0023522643288381,1,59.85737046320337
3.381195472587306,-0.0008021461764726,0,39.28536757592812
-8.374253048943634,-0.0013200737614413,1,152.32579347668994
9.905470655324578,0.0008609543495676,0,23.500215128096812
1.131508909731437,9.46371789028874e-05,1,4.847576609464337
-7.429067875974562,0.0022982835952682,0,219.87437121069803
8.688051504917166,-0.0011604189765777,0,149.28341931246035
-9.904641528326165,-0.0017711910913138,0,28.71656663438099
-7.505749278695153,-0.0022369845691961,0,-11.302822114540088
2.3268180477537204,-0.002189588601169,0,86.24059489031322
0.5140197418969983,-0.0006853723441251,0,6.826370288488753
5.746080682841068,0.0002413550245095,0,25.5087829528601
4.671909296496633,0.0031964797381176,1,7.916684245494659
-0.483173970897985,-0.0003096426309598,1,-1.4818651174584159
7.947963899317813,-0.0007291155806579,0,102.10046367093247
-3.420061870604916,-0.0006991192665348,1,15.431185444544052
9.030849182384632,0.0010660705455043,1,201.479001654895
0.6328628297004855,-0.0005582736183142,0,5.783398066941967
7.153994037741242,0.0005888482173474,1,151.0276209510224
-4.801696607539094,-5.700463657246436e-05,0,16.112483144263646
-3.139622493521566,0.0014356914311827,0,58.177074094042744
3.8004072358345713,0.0025564805423278,1,6.3560489562678635
-4.081776196215127,-0.0015195318752416,0,-10.409162521011387
7.24571911045836,0.0007548577200185,1,141.76759879241357
2.2241025006904778,-0.0010013545566309,1,58.21836886565619
3.9752714631248782,-0.0009285708705977,1,119.58841839224115
-4.737495031103354,-0.0006545267317923,0,0.359782018284888
1.2530782191385477,-0.001075191374239,1,34.07456091450295
2.8270887248475844,-0.0019330561710829,1,134.28784522174212
-5.920785151674202,-0.0021830183955012,0,-14.724465842976812
6.476482365938953,-0.0003538930636127,0,58.21945547437123
9.18062005890117,0.0032956335622,1,36.271993512361206
4.561361667826967,-0.0005761399034012,0,45.0302826577522
0.0178286503058053,-0.0021619349296825,1,40.22249696680562
-5.324449594938836,0.0010023262037403,1,188.39418423617053
-5.143750279390749,-0.0001767970724685,1,87.46106146840069
-0.2557753126220685,-0.0012335646919149,0,10.043803415875518
1.7237175185007771,-0.0020101149183939,0,64.7809971088351
-1.8698760741009952,0.0011509451766483,1,55.63212925791925
-6.886408535847311,-0.0036079452253645,1,-3.031822914697356
2.312292932770326,-0.000162935559294,0,10.863542235799244
-3.511593184804996,0.0005105613096468,0,22.205278084079424
1.540550934254037,-0.0024335805239327,0,81.91192107489312
-1.956267476213412,0.0007907440059794,1,40.39356566805184
-3.147221991527962,-0.0033278190197046,1,1.5826501524174492
-1.472951057916232,0.0014815852894387,1,61.88807475217734
-8.03838778933239,0.0003087891605236,1,284.2624302838016
-1.4512388144580708,0.0001983668463385,1,10.510841344930896
-6.732833356480279,-0.0002999613173906,0,31.133651422079396
-1.4374655310676658,0.0017576993837113,0,52.57613460426111
6.498685342306306,0.0012760426179181,0,4.147814025652532
2.273420157571099,0.0011871421465051,0,7.353580140776113
7.326292866353853,0.004359270722813,1,-1.0673666061145854
4.696085904898368,-0.0016136585257379,0,102.56899719842977
-8.229951343253223,-0.0031554683257492,1,40.027676825112984
-1.107872926252206,0.0010765989685047,0,20.89466576664705
2.724600110097615,-0.0026532511888179,0,123.20034855138562
-5.750167513765301,0.0020034933661124,0,146.7297966897958
-7.295805724018464,-0.0020094761984384,1,62.01372747763599
8.500156308966812,0.002197416556784,1,83.6293703928053
-4.255303597146054,0.0002702289927005,0,21.320754282718557
-4.81676559596762,-0.0017596713475427,0,-12.113192113363414
7.416383430640597,-0.0025189157661665,0,245.89047130156072
-7.542517498107609,-0.004052217417182,1,-2.9175407364086374
5.203259245804633,-0.0005983139438719,1,152.44216693209566
-0.2896597641790279,0.0008183348315257,0,9.181665793926367
0.2731954211152576,0.0025399625301804,1,69.66288902030965
-2.0427284982781018,-0.0027155712263192,0,23.679003032288737
6.037347835745987,0.0024995632971948,1,14.180658682979487
3.437412273495637,0.0022950299124695,1,5.76905594246146
-4.815344203215785,-0.0007864993866171,0,-1.7321831023829415
3.7163335321416655,0.0021726336560995,0,21.840813434030085
-1.3443377526540896,-0.0018182733634838,0,10.736773437894236
-0.4163652079565025,-0.0009399201035676,1,2.1539572325808005
-0.8439889776113247,0.0009169434220661,0,14.37434224844614
8.136161455123961,0.0025715908380034,1,50.17114153780882
-1.1953162776544488,-0.0019272962870141,0,14.997480840636731
-7.664875189584763,-0.0025077336885795,0,-14.45911593655985
-9.56222002668147,0.0013163477182805,0,199.76480390829335
-2.261039707776864,-0.0022384711162358,0,8.902216532513604
-1.9148047863211823,-0.0019354120264549,0,6.803188607587722
-9.563992295623336,-0.0014386434531227,1,209.73301121538543
1.6495772454412538,0.0017504634012611,1,10.448566076084228
9.09587562385786,0.0013554780601392,0,2.9376109477138046
5.45542759987706,0.0014492440969801,0,3.5095681747009406
-1.8676927730455013,0.0012228730737592,0,32.85135386256791
-4.140272446922111,-0.0016022298262693,0,-10.653503909805027
2.534415324651441,0.0008314293949536,1,8.445706489851888
-0.2772635444212472,-0.0019380089426819,1,25.2784997120623
8.180883763913688,0.0002493079279544,1,236.24952035051786
1.395056385285347,0.0026067517735796,0,63.95489986372247
6.605955797756327,0.0048064243753181,1,17.28809121639264
4.648484575662575,0.0020237955389977,1,9.7425225760134
-4.632826309249925,-0.0015938559190785,0,-11.291980287834106
-7.583931036047593,-0.000688761787785,1,160.91085987132058
9.253064624218004,0.0004159195987709,1,283.71334732345287
8.927139336412658,0.0029345732370532,0,-4.513438421789591
4.750730992693711,0.0010354658575802,1,39.547126532029075
-8.620304079936169,0.0026097794933161,0,292.9865809285455
-9.082942459363778,-0.005527358438276,1,-10.783620318732238
-6.34561433959523,0.0002842799119854,1,177.88354753276596
7.654500006223678,0.0009973971158255,1,140.50020199722184
5.259900489443531,0.0002337137826,1,96.65871867222322
-6.273694641484369,-0.0029056880593558,0,-17.331101915854266
-6.062122087590596,-0.0028756960842018,0,-16.469125732280936
0.5353261300156689,0.0018128393830431,1,28.107194170567052
-3.951951610933913,-0.000144416898336,1,49.51343352229388
3.6387920940282577,0.0006084829013063,0,6.57802899985264
8.329107392097406,-0.001603315711674,0,181.4443099129367
-1.0230741664542116,0.0021363616087363,0,67.99943615215099
3.243961588487565,0.0029339471894808,0,59.55578919508796
3.014850890541787,0.001524140461446,0,10.228247843881611
3.858755326843264,0.0024859152743594,1,5.527288667995888
-7.141017918475583,-0.0010412949753746,1,113.09616568346453
0.2339638666926635,-0.0016075532679214,0,24.97465590131252
4.779316517159531,0.0027962351511056,1,4.346500471208556
-6.868304122213464,0.0024374767676727,0,216.28459110078578
-9.159743138088798,-0.0051127295978305,1,-0.26464285975243684
4.660822373444169,-0.0008206205646168,0,57.495330553576686
2.3475749883873203,5.22153898202354e-05,1,22.38303749235543
-0.6188557849058558,-0.0002385738005214,1,-1.3313479316248789
-7.973650089107789,-0.0031354252563833,1,33.367506145256115
-3.706985384232415,-0.0025011594895096,0,-2.3303227077323845
-0.7492577466882988,-0.001461907690977,0,9.72081134338083
0.9071052965859536,-0.0012473285197308,1,31.478637512221113
6.804323616604158,0.0049603066822943,1,18.28069886543205
-5.6340342991213,0.0019148575868324,0,136.8297577330459
3.566415925311368,0.0022468338849666,0,25.383505459609015
9.158283861231869,0.0021011758872812,1,114.53456289700549
-4.421137491214302,-0.0004915048091838,0,1.8110799905457315
4.49646083992471,-0.0007290422391229,1,129.05942880468305
5.3597294022755175,-0.0028485382742454,0,213.75836855262153
6.628418495235078,0.0004312279728275,0,25.067478491446128
2.5135091007030006,0.002955665830324,1,32.48867113044621
-2.0660022438545367,0.0013400221375302,1,72.30538072617861
3.891298609174479,-0.0020380820701666,0,112.2190543438918
1.8125585492909924,0.0034461258624514,1,76.40536801556303
6.765561322053198,0.0004569266328339,1,143.72965442124817
4.265406462635195,-0.0023044230260387,0,139.31606759442963
-3.813027658125837,0.0013705918083687,0,64.64241399389653
8.54740620478561,0.0013943135365462,0,2.0516559593928188
3.580970612036809,0.001073601633227,0,4.687269576956272
-9.867917605165196,-0.002503675604401,1,143.04778828670015
-7.49087685913697,-0.0009989736707613,0,17.236887993860172
0.0083865972978145,-0.0026320449932954,0,58.453074448832524
9.227149483962748,-0.0013797299298504,0,180.1927082021947
2.2381945098912777,0.00288364662455,1,35.364274295743996
9.06881531425762,0.0005296915780134,0,36.21454344626704
0.8102269796813371,0.0024593576243785,1,49.85376100637666
-1.959603881660163,0.001675901340028,1,90.03524150087406
2.012327196533475,-0.0015863978465377,1,79.5217961082995
-6.022693648173496,-0.001234689218928,0,-3.024471335740945
8.256055550397601,-0.0023232628857049,0,250.60315023722288
9.322811313003635,-0.0010110466245198,0,148.0412196739927
-3.4974217118656696,0.0023020302340551,0,120.59380680048048
8.035866979979144,0.0043120307944936,1,-4.540225254792845
8.917639641421047,0.0055605653883103,1,-5.347437455472005
8.680338705189282,-0.0007305733924115,0,113.76173897741384
4.872031454913932,-0.0024630213008987,0,167.27310832893193
3.794548926952446,-0.0010149832326164,0,53.9484128006226
-9.204946686388912,0.0026116843051675,0,315.3853611059474
-3.218779361328947,0.0014683995209138,1,125.32919083071462
1.9498122545750276,0.0024663237209372,1,25.35009070051681
-1.847417793285098,-0.0007205629070915,0,-4.803971932955091
-7.112145720369345,-0.0048875236012795,1,-18.26100417733872
-0.9637696646909646,0.0025539527101612,0,93.93182601019294
1.048917980632284,0.0001483132078357,1,3.630496384577355
-1.9792948063261449,-0.0021526214784674,0,10.48523667640142
2.9094853652591635,-0.0011608063910509,0,47.1662130460738
-3.6930961946320657,0.0007984338905171,1,95.66149831253685
8.182047784332752,0.0035219660452983,1,10.694888795226703
7.659050016203722,0.0023966132663541,0,-1.1280951117614948
-3.703495698336208,-0.0029388265747245,0,4.786513539077349
-7.112141370489431,-0.0044166689164285,1,-13.676944893237645
7.46515548222224,0.0034113805135497,1,6.743032896780634
0.7723258975758807,-0.0029374868689582,0,90.20396969163426
-2.2964973405065763,0.0016466862575804,1,100.69027160701071
-3.843502457920613,-0.0004984325117116,0,-1.272599537435957
-0.3502120356375826,-0.0002542454883825,1,-1.2102079659543523
-0.4357772797158681,-0.0025026417811481,0,44.57376365488062
-9.317896862737305,-0.002599547362954,1,109.89089602876814
-5.370566007242981,0.0012791060408224,1,218.3420349474864
6.154052937865011,-0.0010945033599627,0,97.05929042139283
9.011140830368603,0.0029831950738121,0,-4.4855145571212125
-2.1850663429427497,0.0023547939653367,0,100.12571203400745
-8.92813717894523,-0.0021551681836703,1,120.2425412374663
-9.849895020343968,-0.001738261364105,0,28.910444782328977
6.8806600127363815,-0.0002350974084889,1,209.1015631855593
0.8744882821961415,-0.0016551566798668,1,45.375614605333496
-7.350304862519632,-0.0002927986344616,0,41.14647952401313
-4.059773040667444,0.0017313011645558,1,189.71976843902894
-0.5075004885583638,0.0025604344983335,1,97.86921028421926
-8.899091809959469,-0.0025410040675872,1,94.89412598543967
-1.6075706156729923,-7.489182847937565e-05,1,6.1747981039193105
-5.5685774262594645,-0.0015131787840278,1,32.67800944029953
-4.886478985731875,-0.0019087901132203,1,6.1009290423591755
5.130983303843665,-0.0001917396335419,0,35.78741524809402
2.633872399993882,-0.0018008235649139,1,116.92850123248931
2.387397766130404,0.0016201457121735,1,4.427122353546184
7.809458410889,0.0019591171491628,0,-3.864296769737355
-1.6258265114047423,0.0001801923869964,1,12.378066655413654
5.05727005396257,-0.001245716611569,1,197.08077542936726
6.200720890680984,-0.0004811106018438,1,193.9279842867455
9.379334705278616,-0.0003305528501872,0,93.2555484763422
-9.442755528839816,-0.0014768051094403,0,31.095544620206965
9.056968148200106,0.0011540179232985,1,194.19450163848165
-5.549872680431158,-0.002418672444738,1,3.7819837976796595
-1.9419460852008184,-0.0023613968922366,1,3.7339597404834555
-6.322533465104165,-0.00023959666246,0,27.62378423101658
1.17363529405916,0.0031225137626729,1,76.7936442603291
2.67171701714968,0.0025639617860903,0,46.832782985164016
-7.5815088447537615,0.0004204842930454,0,80.82340975436756
-9.159897548705784,0.0001442989310241,1,346.5901770391401
-1.2743735582709608,0.0012796410549761,1,45.91218622273007
7.70499878915032,0.0047754377987524,1,-0.6492947383343383
3.318942971358112,0.0028066066433576,0,51.76450614410115
-9.594709578574395,-0.0006851165178414,1,284.5643819314788
0.6766039379599604,0.0022554689809681,0,53.35053906227177
2.572408522525887,0.0027740120422282,0,58.90058666958834
-9.757264720860269,-0.0051159993851679,1,12.412641504216573
-1.694648553330893,-0.0003574172618463,0,-3.5697168413883125
7.979621987972305,0.0044347675563117,1,-4.824073228574564
-5.803573658691961,-0.0043383721692876,1,-15.624326138004495
7.716690836452056,0.0016363958257243,1,94.96539726420335
6.377440981228517,9.601442903129838e-05,1,154.39225129842796
-7.166890050653125,-0.0001043127582648,0,46.18630802517198
-3.392531377791679,0.0010533589370538,0,42.656823588686564
-2.027086031269669,-0.0006362178173241,0,-5.048780659659828
8.16311721494112,-0.0004884608226642,0,88.39645860120794
6.4757550066344685,0.0026762442639929,0,14.13121744952821
4.959583133583806,0.0040888652311524,1,25.692929789119113
4.161106985747917,0.0022930847529503,1,4.76403979312686
-9.51890066497718,-0.0006503810544824,0,68.05785471601101
-3.731633307173164,-0.0035450828670961,1,-3.5531318899721436
3.964016842743352,-0.001900139427529,0,105.10200595564825
-5.814938584820883,-0.0016963118923805,0,-10.865383619270267
3.6402133228948728,0.0006354509627485,1,29.8796885087132
9.301312761015955,-0.0003295578312321,0,92.19675684897052
4.162250942390184,-0.0028102556812912,0,174.24267689565312
2.065346473029312,-0.0009306243182405,0,27.520489198470383
-8.842354111521937,0.0013270655045288,0,177.1321093886618
6.057519449525401,-0.0004579460600532,0,58.38722398607476
7.096317986827717,0.0042764005683033,1,0.13541151539340024
6.433488001993261,0.0017916059729381,1,46.99464690662777
3.2655579141006505,0.0021859503602036,0,25.696832313603565
0.0542630012482021,0.0022702638189841,1,60.695938249921106
-6.256853476221513,-0.0020096538603128,1,30.765290737188394
8.586944075446667,0.0011962132484,0,7.43149823842034
1.079823689571576,-0.0029199862692717,0,96.9051004205896
-2.4271810461723087,-0.0012597439905678,1,-4.784178870848623
-5.146506062156108,-0.0023631463232096,0,-13.380482808730344
4.532324728575542,1.0381797142651353e-05,0,23.404417105062908
-4.735552844513515,0.0003962998412177,0,31.406091134922985
-1.57142980085942,-0.0014805634280438,1,-2.7426155816628004
-2.6862252665470425,0.0020460763664447,0,87.46324198933235
-9.987550769391069,0.0022280424407737,0,303.7325466908914
3.620544656868745,-0.0008736927617517,0,45.30738310671521
1.8587140996474147,0.0023093122092071,1,21.795202546100118
1.4239775466390352,-0.0006347213625475,0,13.210425797556868
-6.415067168332822,-0.001143205998523,0,1.7747550438422235
1.623560187257418,-0.0006958007537565,1,30.10394817133612
-6.595252670037204,-0.0034501003138059,1,-3.7396691412621403
-5.333404962452786,-0.0010220531206148,0,-3.195335978024416
-0.6188383466951475,0.0026123107111708,1,105.94071172117265
-8.459141080972557,-0.003625594331477,1,28.45608103133683
-2.1133998861068504,-0.0013744596636828,0,-2.8640959846002856
5.8225453838465295,0.0005335735160914,1,98.79266768594056
6.4320819539910765,-0.0009684400026834,1,252.63020918395694
-5.386763983115667,0.0006257956768013,1,157.72703414440556
-4.111133984452988,0.0017371690361145,1,193.08914097781187
-5.019468214300636,-0.0006632425182626,0,1.959288375712236
2.6590802949106003,-0.0010498092576649,0,39.194601001096466
2.9578062894595707,-0.0013121406884907,0,54.45657130561709
-1.2270638898308557,0.0015276217618131,0,39.22126587695415
-9.914771367796597,0.0022689954302609,0,305.25868427289026
5.180021573486496,-0.002913319955801,0,213.81683910926353
6.338657165907854,0.004853622699182,1,24.529187531186448
7.054862462101688,0.0036271447074598,1,1.1769658509936207
4.890301261923609,0.0035558910607026,1,11.883232253660811
-8.756196206780096,-0.000979826593383,0,37.67606708933492
-6.411422439591085,-0.0016560802402635,1,50.25781617335407
3.740889487014252,-0.0023728505478962,0,130.76422500185868
5.469534848056195,0.0038956600438472,1,11.720613285782267
2.4368647324962307,-0.0023420839474659,0,97.22753705684335
0.6070227491509854,0.0018080895024654,0,33.48309455594838
-7.008385342301442,-0.0045144975074691,1,-15.423177338566106
4.491906480585099,0.002019915655665,0,12.773637973499497
-9.380654464610856,-0.0025626346830285,1,115.11344878803257
9.000920730643614,0.0034208707707415,1,26.60855733006664
4.368782683534654,0.0026144155499866,0,31.78600520165857
-3.423035433990405,-0.0023208174573579,1,-8.777512406885831
-4.719129036723193,0.0013076944423996,1,184.49084232324844
8.998698838537496,-0.0002716996050486,1,347.44487140086403
7.141035907759875,0.0022648860962485,1,41.63650681195555
4.016427188291296,0.0017695238562007,1,8.343178090280421
6.694371611058049,0.0003469758997816,0,28.597105183941498
-2.069488029726654,-0.0006287303588008,1,0.4562973811745962
5.600550245320141,0.0012629498750578,1,50.68858262422087
-7.290978778654845,-0.0029012982791786,1,23.992544046020917
-1.8404758480214325,-0.0013315415492062,0,-1.5159848025687679
9.558919632743446,0.004487074468344,1,-4.822409487048531
0.9612955222717404,-0.0011332468742082,0,20.560015101778436
-3.959553258486803,0.0002102267398973,1,68.50760838219901
-5.162688086779985,0.0017124696462507,0,111.08066601027267
8.339669392489078,0.0008041251972576,0,20.265464069860037
9.190250936462109,0.0009850835595074,1,218.28977879495847
-3.477719291850041,-0.0006958631905819,0,-5.1943402092985735
1.6194078931560512,0.002352650997428,0,47.81739237497852
5.285147454690367,-0.0007462514401216,1,168.09115593809952
5.217043096493292,-0.0005781413973475,1,151.56361466371658
-2.3626299233758496,-0.0013017587995182,0,-4.855283028338966
9.314953954532784,-0.002602562125238,0,313.75115744650134
6.15890618113507,-0.0025516344180017,0,211.47517572941175
-5.002884559148477,-0.0013759624977825,0,-9.392205628949851
-7.520793863135123,-0.0020903547238957,1,65.7846482120548
7.983474342418578,0.0024217168348297,1,54.40917175761356
-7.231656480309672,0.0007829607597244,0,94.53275944423476
-5.675471241919952,0.0006873444095626,1,178.16567817453412
-3.8093683597984502,-0.002561930790879,0,-2.499943489206955
-7.582995598678255,-0.0018750183746897,1,79.69224678889151
-3.839210667682414,-0.0036625486886225,1,-3.463095823338279
9.815659540996876,-0.0014332423023411,0,198.0480368810261
8.401282390298178,0.001510591697591,0,-0.3975243103380436
6.711503466198224,0.0027920041538416,0,15.219147610546703
8.446366005171821,-0.0003823551585911,1,321.9228547596416
0.5689405537714336,-0.0022745074751994,1,61.78075164428199
-6.4174966420020985,-0.0005814661891256,1,112.79686815218162
-0.6979113371196828,0.0003451126143935,1,5.543622298558117
5.616350876302505,0.002747810109166,1,6.05805766482596
-5.087022770827911,-0.0012553337207176,1,30.86062186948075
-1.4509616342274398,-0.0010994528391979,0,-1.3357983791532186
-9.638495729092805,-0.0016432543749046,0,28.5349013534554
1.1266430154000044,-0.0029164285324297,0,97.88649031081843
-0.4378264120537327,0.0015830764863906,0,33.8098539910685
2.607491611350192,0.0022218999320226,0,32.46263172889439
-7.580996392835777,0.0018826403118159,0,185.9213914224226
-7.416312386032451,-0.0004185625592672,1,174.48286659957125
5.001777200609027,-0.0027513741568688,0,194.4412717435358
-8.366328200772102,-0.0043483656984189,1,4.028536684153766
7.818622031547214,0.0010750519195332,1,141.47793977854133
5.209522381175844,-0.0029647933688615,0,219.28978069095672
1.7714519273126896,-0.0001490693523673,1,17.4161525061114
-6.542689311940668,-1.4945271100312814e-05,0,39.77653679247826
-9.707368285688975,0.0029059850180236,0,370.81828464900843
-2.6221427165992583,0.0029255915011684,0,154.40023661819862
-0.2660038335415002,-0.0010897314436955,0,7.261599000551609
2.3369888859649084,0.0024476623532948,0,44.80759322603187
8.179011164611886,0.0017520593632921,0,-3.724138870218616
-5.033467518282462,0.0001758683868618,1,106.50193214983068
7.131917553279472,0.0010736844330224,1,112.6156141758863
7.579911844698504,0.0002578249781966,0,39.04175727144383
9.838539437786013,-8.146982760154105e-05,0,80.31245600052037
3.560461574091073,0.0017011194827917,0,11.158108438310393
-4.351546008947524,0.0001070501305503,0,16.90554546232443
-4.400165666531228,0.0022319638434516,0,133.96324711143242
9.693395964775476,0.0035480797798657,1,33.89100087816566
-1.4607574872939644,-0.000595435540544,1,-2.192561650158424
8.80322690473113,0.0021379285391092,0,-9.473651793361633
-8.062591647590375,-0.0011241187480597,0,21.075965723586737
-7.842212049339254,0.0001532319501714,1,254.30802398579195
1.8847210430087653,-0.0013375971110811,1,62.833946725488644
-1.7588789230672417,0.0012428016424657,0,32.58053916659062
-9.306795310057286,-0.003461345338287,1,62.32663902096705
-1.3902759257044277,0.001150343364539,1,42.76961989217116
-3.4702342328824205,0.0025618926200372,0,140.94621053779352
-9.230233794216485,-0.0014667681647434,1,187.49959815976035
4.505062089221077,0.0012646147485457,1,26.17679094376773
-6.697040887254482,-0.0025166109806267,0,-16.725602001392485
-3.395640427772464,-3.736658127223564e-05,1,39.45593880546988
4.000063281636164,-0.0015660691463168,1,166.1214025951403
9.119282916365457,0.0011531507715907,0,9.460641252527571
8.994814626960512,0.0010203262512494,0,14.072566125381995
-0.518282491854885,0.0029460324346073,0,115.58246160875746
-8.257311914610856,0.0008642299025396,0,125.14885789463176
0.197236868147911,0.0014027078630497,1,20.189270498006394
-3.700106289906476,-0.0031397623867181,1,-7.352527413639511
-9.905364458895068,-0.0004072106238327,0,90.27314288386262
-8.980404551218058,-0.0004816652779018,0,64.13891517449795
2.6702975234386965,-0.0015123432481715,1,100.97008609275196
0.4152368526586016,-0.0024155955466634,0,57.40242038422152
-3.708130941586914,0.0017371540362433,0,84.78367099216402
-8.073125488186237,0.0026819657863548,0,281.2373888063993
6.5079341510316375,0.0037448733034816,1,1.1550455845069187
7.418520862714363,0.0050746565366567,1,9.688495106933212
2.3841681278549025,0.0002223040637341,0,5.89358868170332
-3.160319663754139,-0.0024328945178344,1,-7.671270358143491
9.427361944852567,0.0026661595308487,1,81.58583762823599
-1.970531670742215,-0.0013037101676228,0,-2.623418119905752
-2.5538656734135383,0.0017293164801798,1,117.21406634654406
5.199437765583575,0.001221791233172,1,42.45449542301726
-7.946353447510132,-0.0001459362490587,1,230.50932839575356
6.383992984128145,0.0021614234123609,0,4.3517173849914075
6.913088013172832,0.0039038218415844,1,-0.19366382414160604
-1.6755521098874286,-0.0025896506784906,1,12.759029256393426
9.32128268483072,0.0008066894845372,0,24.00579431551328
6.860536219003627,-0.0013577830855917,0,129.06360278715695
-1.8279256321068773,-0.0028097199467558,1,14.900142044652855
4.2657460608690165,-0.0026296401687109,0,163.31471040550156
0.5998083900660056,0.0008531715087005,1,4.145781906908237
-2.428167149004956,-0.0031438662399143,1,10.591758895306567
-8.801085525999072,-0.0028162128449539,0,-13.136089251363677
-3.917304385330631,-7.29001695295752e-06,1,55.37027638169741
-2.4937763021680137,0.0008126860856353,0,23.284753191316565
9.359377362613843,0.0025546646737451,1,87.32424540865605
0.746799145358235,-0.000807854149589,0,10.844632045222511
-2.2227067930096904,-0.001161742222503,1,-4.54555202067976
-8.598651816471987,-0.0024600198170864,1,87.00129622681212
-1.1809147165505358,-0.0017088803929386,1,3.779287156672064
-0.5436278101859688,-0.0014654768273095,1,8.61873734711847
1.4456447786455495,-0.0010879851878073,0,24.93685429258858
1.2845421703215347,-0.0014851619740556,1,50.538778412933134
-9.086752758050798,0.0029858303671714,0,355.0788224687973
-3.0681643783569683,-0.0010404501996422,0,-7.674152941568512
5.6606174457753085,0.0036803890261071,1,5.935760450721345
-1.3054575911448456,0.0008018627004813,0,14.025369487445477
-2.985199769823721,0.0011084682344169,0,40.16209206896191
-9.165093771215254,0.0009389380917966,0,156.5433668907752
-0.872821612183575,2.5405806571214188e-05,0,-0.919175328435432
1.0624059883002417,-0.0007081979997299,1,18.88202063485593
-8.60675895305608,-0.0014183981604094,0,19.392636557826442
7.161418430796349,-0.0017360803651713,0,166.15367886466152
5.495633263077542,0.0035375218663244,1,5.5951315927854965
-2.4009538325568087,-9.811488431678636e-05,0,0.038430757887336964
-1.4654635740949755,-0.0012041082949825,0,-0.366297856210157
5.045790275794023,0.0026593330609807,0,26.981768385917
5.9773801512950975,-0.0022092752297368,0,176.5459366227964
8.892716282178373,0.0011982153021445,0,7.686830466261108
-7.7185715790601055,0.0022926582466031,0,228.51314893704176
5.784114470613224,-0.0012703335383558,0,101.81027989262657
0.3785238104512007,0.0018560502465705,0,37.57064691973935
-2.855820519104384,0.0019612629406081,0,84.74199040655245
4.421831150338013,0.0012095744143026,1,26.39839508536168
8.096221106401288,0.0005168022478506,0,30.92916388707462
4.058472836137346,-0.0016008919426824,1,171.8251951060397
-3.9870857917155433,0.0014201201860276,0,70.21747079807787
1.682140527377323,-0.0011731027216793,1,49.326534980828036
7.928487191097783,0.0019628254737561,0,-4.390772621987199
7.009130803991958,0.0030459664918333,1,11.273189924469733
6.639344876271277,-0.0019921950267881,0,175.3151314895884
-8.7402655254298,-0.0054812219796046,1,-14.288094211036862
-6.34740282758798,-0.0015796434805069,1,51.88332539527938
9.730668431341943,0.0024958934237463,0,-16.881811253052923
1.1164936018663596,0.0020378745423719,0,38.39868701708868
-1.162904121529504,-0.0003825838641613,0,-3.0575507501866683
-3.6293084884674425,0.0008456083388197,1,96.40634984666656
1.24402539546068,-0.000451675979161,1,15.781153448022003
0.8391702871505764,-0.0025940448095417,0,74.43122454351416
1.8577078641240128,-0.0006361052956988,0,17.155734792175313
-0.6853616004593448,0.0020568982306179,0,59.07468358172381
-9.67580335790194,-0.0006821863884801,1,290.5961258479507
-7.369768741705545,-0.0015610662692945,0,0.5826306686683587
-1.2471105012208898,-0.0027511219517839,1,26.445068528505683
1.97922021590092,-0.0025778006524367,0,99.9299011784733
4.847299596866026,0.0024288374185137,1,5.8680438760153315
-2.184241155761897,0.0003114862057048,0,6.8259304786314825
-9.413870848773378,-0.0052376393551582,1,1.4584270924103813
1.309128146258196,0.0017482769750322,1,14.108807932492622
-2.8461585497826043,-0.0020639263099328,1,-7.242640053531259
3.3552365480892306,0.001302519709012,0,6.255701044256395
6.75537742625211,-0.0002771760903544,1,206.01563545236655
8.73825017965758,-0.0023259196351545,0,264.85739494013944
1.8900138815130685,0.0005405199355299,0,3.0694261782279604
5.108888463254463,-0.0018421272137433,0,126.81249077956392
-0.0893309148882242,-0.0003751331556284,1,-0.02997403187300096
3.659175464224747,0.0013776649722746,1,11.155995007103696
5.044471088942576,-0.0005222691884356,1,139.23058352853533
-9.18301404118858,-0.0020926600238278,1,136.9190513844731
7.379645560358615,0.0022868037280558,0,-0.3618675683578538
-3.766828880480433,-0.0021804788926746,0,-6.5222182785189595
7.977611971422316,0.0009295384691208,1,161.1028007598477
6.392872736668188,0.0039041544768877,1,2.496984156357866
-7.694847940496537,0.002486403442435,0,247.35486984952965
-9.179908168776835,-0.0016920534890432,0,19.212079662410066
-8.280704602377913,-0.0011412254532054,1,161.37625838451703
7.229717315279277,0.0014475040615307,0,1.7503946277424185
-8.918522104983929,0.0014066767156513,0,186.16339345134298
6.279877498002186,0.0003905297108613,0,24.212342551697375
6.786878758508795,0.0003084652489353,0,30.755099613153867
-7.689935470035865,0.0001071543417031,0,66.19681027166209
-6.325318741717279,-0.0012971884717902,0,-2.2078032888651284
-2.143518749476252,0.0020883238219611,1,128.09086591470236
6.072608727481612,0.0010494377327124,0,6.960348261036263
-2.102870526605538,0.0001699342348896,0,3.5616865486121845
-2.8213864433698905,0.0029164009313661,0,157.8618631307422
5.709364176137425,0.0033611392747528,1,3.1955295416166187
-2.725752849214686,-0.0034230710526775,1,10.853106088150572
-7.343968030923764,-0.0041353319183608,1,-7.19419556764941
-3.0077147444176333,0.0007232525018389,1,66.72056211646199
4.627689701738291,-0.000903596292316,1,147.696791179484
-1.20647704335404,0.0023386247927577,1,108.59719947773064
-8.448069619540764,-0.0043358596011764,1,5.943642102045661
0.5938259242995318,0.0011339789686217,0,12.294158766718443
-6.813010914914384,-0.0007883777015987,1,115.90042967542104
0.3499246163347536,-6.208617976935966e-05,0,0.41122583457578776
-1.0652813007431945,0.0002775652048255,0,2.1138972398893103
-1.3132356053754464,-0.0003860432235105,0,-3.315784402451983
-8.587076095072437,-0.0012063366575082,1,172.72146592593646
-9.955204209247874,-0.0019177083905834,0,24.440066594306934
-2.9667561430816525,-0.0003694549267124,1,17.65458080735264
-1.106188792841902,0.001096852801796,1,33.800065068755956
-7.163814900636849,-0.001146361791625,0,8.930187059339973
0.5525893271356903,0.002156784492946,1,41.82414196638869
6.978336389000724,-0.002112411735235,0,194.65772621467534
0.8780482552933364,0.0012966414857376,0,14.838782382985036
-0.5735487501372951,-0.0002784844365584,0,-1.734651297957531
5.270765043051764,0.0011377006115358,0,4.947593144434631
2.224389536587614,-0.0015672447358048,0,53.71028912968252
9.051342870635544,7.075123098746319e-06,1,317.7927933782817
-5.93281257989192,-0.0020938266292578,1,20.048047510948365
-9.717294099547429,-0.0026377623786244,0,-0.6875700265593706
8.19384736066868,-0.0007278649409022,0,105.87482942857457
1.7419059143411886,0.0005877138259905,0,2.999784438843507
8.945199929098724,0.0025530397755293,1,74.02804145007804
-0.2540479274399736,-0.0014493118931817,0,14.756596630484772
6.249240517508824,0.001504704513071,0,2.265266794847502
-8.371383724191283,-0.0023610161631695,1,83.38531014860561
8.537225339892743,-0.0015263485300328,0,179.0133555210748
7.38909600298841,-2.733471393025472e-05,0,51.37682815074257
7.635329281709424,0.0020232486625714,1,67.45462199789361
-4.4113923602564125,-0.0042351127528192,1,-3.884482076074214
-1.8075076865394024,-6.796948787671853e-05,0,-0.9394176813448956
6.349727350743251,0.002067798800927,1,33.09770099957127
-3.4654493330738774,0.0009979385369696,0,41.05577704394301
-7.581322397449874,-0.0018398455124855,0,-3.646058290261858
-9.5169304740862,-0.0045461647778233,1,24.730328004732208
3.9599479107564406,-0.002522143863855,0,146.94855728471592
5.3679062501781,0.0022119038748248,1,13.263785734376308
-1.9892833426643204,-0.0010565441516531,1,-4.274845145145621
3.350462391041063,-0.0028289161909133,0,152.14227889706328
3.2765112460204406,0.00151009730099,0,9.040943067326777
-6.396035467818857,-0.0015967023915878,0,-7.174336173433588
-4.972807150844727,-0.0025889503016102,0,-11.614933286671496
-0.2007759617870679,0.0028895205165594,1,110.4364453350878
-0.6172865337289153,0.0029809275852245,0,120.09007346266586
-9.785549553038384,-0.0010347137073537,1,261.8621390190111
2.159848707464871,-0.0002071396647417,1,26.287405556607286
8.131171786971269,0.0011419009668364,1,150.02238776219735
-2.7868472921136007,-0.0022369031087638,0,2.946634961308891
-6.695007627879068,-0.0023403733545247,1,29.370994609460666
7.023750598931059,0.0004432506188468,0,27.174317814215836
-4.677631476928359,-0.0039111323971209,1,-10.220298341073555
5.786191566753017,0.00205579034617,1,23.227621703392398
4.540239549698754,0.0020463416124862,1,8.5200140050463
7.941449008423618,0.0015373940909039,1,110.4689570075931
-5.551897135376656,0.0028694043230836,0,221.29901885756314
-7.6009498188655344,-0.0016932175706595,1,90.9768414236172
-4.839508196053448,0.0002356809258573,1,102.66032774906449
4.143503268481776,0.0011836483870817,1,22.269718396883167
-8.437161886460755,0.0015106363722052,0,179.7856358468109
2.2531929994728443,0.0015012038476923,0,12.977000219641663
-9.096131521788111,0.0007993740367522,0,144.14404618594892
8.569933940322446,-0.000230663221327,0,76.3349575241393
-4.995581650626482,-0.0037612458191782,1,-12.963014305183494
7.584412380375927,-0.001559443396494,0,160.7329448715973
-4.618941145501882,-0.0018842227277723,1,2.8981516621906893
-7.127375171882786,-0.0042746603424226,1,-11.682762909199594
-0.632765263044103,0.0021791011689232,0,65.24896887000344
8.581495689749996,0.0005717940564397,0,31.312235734070217
-2.335167919300563,0.0009225013684036,1,57.047876951209766
-5.675576862165133,0.0016160376850104,0,115.29259529110092
-1.6600949455980647,-0.0006345137712006,0,-4.3385256245538715
-6.888855993012752,-0.0028020281269354,0,-18.507690927783
-3.180092989009802,0.0019045010624662,0,86.49739114799391
-0.7632135961513935,-0.0007852845171448,1,-1.6815036043202556
4.330591093709122,0.000379553538115,0,12.839416327810321
9.809539032026006,-0.0026008130991958,0,329.16808595345924
3.8160551256133104,-0.0002096422199939,0,23.821078309299722
3.777527073835312,-6.269170959088647e-05,1,62.23502472717959
-3.5100134568697072,0.0007283359935301,1,84.18926548632956
-5.222645534481892,0.000842544560231,1,168.28400684885824
7.266145718385747,-0.0007772971143583,1,286.3729076415173
-2.502316941592806,0.002306026608717,0,102.18092122621385
4.985824855391911,-0.0002885568367276,1,120.02234361576055
-5.665927451590194,-0.0009003176081509,1,64.09960035621552
3.860382207206346,0.0003377635421201,1,46.319303009108644
6.367931131450288,0.0006611442557379,1,111.45476658317304
-6.0568544036302345,0.0006907899933851,0,65.27866829676381
-0.941831412418022,0.002797239336116,0,111.37532657104441
-1.0144804040381563,0.000794761285354,0,12.142955686656773
1.230081671102397,0.0001499764276007,1,5.0903853270105826
-1.4275723108089835,0.0014116081143605,0,36.26223114747585
8.149032133593849,0.0017509922726697,1,102.67347417812846
7.101091070505184,0.0012005008004535,0,5.73963098147584
3.7926356864498505,-0.0005988134306638,1,91.5796133016259
0.4263723986448937,0.001015794350532,0,10.400549123832535
-9.30951005895216,-0.0055820611469094,1,-8.558404715444146
0.4969201983004971,-0.001105645820676,1,18.46359174229552
2.7742133909160387,-0.001139196579585,1,83.87589908999252
6.638282491707972,0.0017294452107897,1,55.371981640957046
-0.9335813951334532,-0.0006566289607123,1,-2.5790316407946947
-4.649924567211778,-0.0020148997648209,1,0.5383397673747395
-8.424610968215596,-0.002840583289336,1,60.41867323659418
-3.458464980796574,-0.0027884179588611,0,5.088626225528585
-4.869072912336414,-0.003603294396395,1,-12.670372067150927
-6.759880740658919,3.852140873232443e-05,0,45.62696462745862
3.160673408810645,-0.0012028726593193,1,102.57978625655491
-8.418166558373875,-0.0005501937979555,1,220.6509338249772
-7.412410332968227,0.0006751360623969,0,92.00906353799235
-9.678917344577506,-0.0017593719850608,0,25.134376319758758
-8.915802793642708,-0.0036776292522359,1,39.692346174630906
8.819049822097988,0.0021638746236641,1,97.01697109264543
-0.7220896059417186,-0.001498676878826,0,10.76015344782266
-0.0280707227329521,-0.0002142875493932,0,-0.3287431947038064
7.807575030452455,0.0002985407593645,1,210.16499127838367
8.26963171590575,0.0051986849592058,1,-1.68771173323798
6.293698044669011,-0.0006973142656996,0,74.77271383472993
9.347075343872476,0.0041644146193913,1,2.7296256481620653
-9.75860179603622,0.0015724057976311,0,229.38694622039188
1.125306472673273,0.0033153750197718,1,91.36509317832616
-1.0462840655442402,-0.0004912242511262,1,-2.2429964088419885
-6.849100883094382,0.0005310496628572,1,230.55350132155968
5.431968455593284,0.0040195692820052,1,15.218668317700162
-9.896955594883472,-0.0009894755433824,0,60.604924782914836
-5.012006412425672,-0.0002811451196149,1,76.23219714723308
3.510702377008849,-0.0011767335544167,1,115.64394950879515
-9.938806127990436,-0.0003208129835626,0,95.99060702398415
0.913996810876494,0.0021964716083415,1,35.38872761336972
-3.84819043390978,0.0004729271684066,0,24.238355287327888
-3.089201902005647,-0.0010785964863304,1,1.6526407349506607
-6.797390900890767,-0.0029435627771265,1,11.676674604525717
8.226333489396549,0.0029822103113412,1,31.83833872152914
7.066148831593782,-0.0001206354743763,1,208.78816592348724
-2.649281181622891,0.002312166266624,0,105.24789728293476
4.30174126915106,0.0034898307739403,1,18.399422992054312
-6.547409284459946,0.0015301444928086,0,129.2982959785829
-5.148835709251321,-0.0022640260466198,1,1.6205689746981111
-5.814168572884695,0.0009188679534228,0,73.37346226168626
-1.6504986049991963,0.0004461418150021,0,7.186492367730217
-7.326483864012909,-0.0047283606812182,1,-15.893479887528876
-9.442931477599908,3.206282744563468e-05,1,354.76454033814474
-3.7103329517206713,0.0007659587651548,1,94.12834532786354
0.4357949996347052,0.000567792041854,0,3.166303029903347
-7.746938134967428,0.0009948197931032,0,120.83947670790508
-6.291205968745352,0.0010058713647286,1,245.61225877415487
-7.459862600969352,-0.0025872796910494,0,-16.1618536277424
-8.898910490442782,-0.0015576685890467,1,161.6953635967432
2.978186597348323,0.0015827234000196,0,11.45095810368867
6.576692933394,0.0016697218662825,1,56.7853456426104
-1.4402660685450286,0.0027148469522901,0,113.77384100323803
3.283850086401996,0.001545349838367,1,5.966702023984256
-5.364230827423091,0.000813872227107,0,59.687812371211805
8.460523611932707,0.0034840526023166,1,15.409977026430104
9.354258543856089,-0.0023915015149878,0,290.3147624294534
-0.3664850116613962,-0.0020734487809957,1,27.274663948531536
5.061832892096112,-0.0008294852834419,0,63.79145340248062
2.734967355377586,0.0001245232246386,0,8.744432700926575
-3.9238941633428777,0.0015585562875007,1,166.2875795875912
-8.178609404743062,-0.0024248141636239,0,-10.35831252651668
-3.8983276851981694,-0.0028081989225636,1,-10.021312507650912
5.557759036151808,0.0029430681634991,0,32.83996945040689
-6.495210858000162,0.0008312705344174,0,81.61833626334283
3.74549525328888,0.0029923221374772,0,56.54600743405208
1.4303725681956545,0.0005220464153677,0,2.580644077872322
4.553344617116492,0.0028478836913905,0,39.802526880138124
-2.534632811804853,-0.0028293889576432,0,18.98515370439488
-4.936608179308242,0.0008981666757982,1,158.59176253988136
-0.1062910144843236,0.0020571629709522,1,53.76503647890101
1.123290157374715,0.0026033949349038,1,48.9232706874761
0.2885012350112799,0.0014760822270039,0,23.820284980325393
-5.901502312098983,-0.0001979058831594,0,23.65307216409847
-7.731889332236211,-0.0018510185749789,1,86.9321835926753
4.679490934397732,-0.0028045106763708,0,189.1710745959238
1.4120347896886294,0.0024024695706506,1,33.26138442849178
9.334537063715622,0.0050813706644393,1,-13.41580969115188
-7.553586423861097,-0.0007597768941195,0,26.17730735160664
3.952868831508321,0.001648182535123,1,9.562740690634154
-0.4927532190181711,0.0018082570058085,1,51.43868605323126
-7.809203737561337,0.0004964947629413,0,90.3457679228938
6.912831222799738,-0.0003062469204094,0,60.96806163135846
-8.11306376579264,-0.0032604820373786,1,32.48151020649092
3.749449405433765,0.0036805417105445,1,35.414725432095345
-1.2764581857045876,-0.0025287301315517,1,19.47155501814224
8.39676462888206,0.003828009143278,1,4.178629142361245
-9.470285460730803,-0.0006597598053216,1,278.5488440596985
-0.6091835792222504,-0.0018393430177741,0,20.297185635805874
-2.445727401086417,0.0010171495909584,1,65.61460413588725
-0.2300083746899233,0.0010089539144114,0,13.347315646363628
1.506301969416162,-0.0013690800586254,1,52.32844748412532
-6.25966549317485,0.0015056681889169,0,120.62727471703431
1.7368119227499523,0.0010747510552435,0,7.124224046901795
1.631708493635779,-0.0019565446350017,1,84.59924148749829
4.61998487135771,-0.0012949589806747,0,81.88417708278735
3.5394529167412614,0.0035980967505514,1,36.65026998387836
7.884068103748824,0.0021726821923073,1,65.93107381210899
-3.938085175555191,0.0005681864541905,0,28.74146501961172
-3.94863381751213,-0.0029184923194603,0,1.388342616476648
5.89223090853422,-0.0024345904205156,0,193.40000653151898
0.0142393997012106,0.0020984948463493,1,52.63085737041276
9.00218292105983,-0.0011357045060237,0,153.15003823128427
1.614782323875641,-0.0024075265659247,0,82.20633697382416
9.42641590592386,0.0048118394572813,1,-11.395356963045131
0.4304304944632449,0.0023063540505751,1,52.125150775435685
9.272116430808854,0.0007829716000834,1,244.2274016445045
8.299919193408812,-0.0015837571429112,0,178.97624205682465
-7.778777832835859,-0.0050240959576746,1,-16.396200846308652
4.70591450886808,0.0023115780528819,1,6.340432509966246
-1.430655266547923,0.0027316979897288,0,114.9047096455011
-0.7114049382834686,-0.0004612948262551,0,-1.83862426510841
5.316866300375855,0.0013409217432073,0,3.8555250483985306
-0.0964779920138969,-0.0029407024014904,0,69.81962951817803
2.874089697806072,0.0021135976039213,0,26.279349707097097
-9.119563392397868,0.0010867638984488,0,166.51923422903283
-9.435014570558645,0.0003570718054511,0,123.457549689601
4.564215324100143,0.0024996069018554,0,25.70478542815628
2.025986064783565,0.0010073146113849,1,3.5254381661781866
-1.7617690950507594,0.0009539698046618,1,42.99196219678043
1.4303168159059414,0.0007395485820079,1,2.393091338466585
4.581499311793284,0.0042992231247825,1,43.07054808232007
-6.943524209973717,-0.0005020701063134,0,26.61668701405955
-4.472791858581413,-0.0036634446899716,1,-10.131461749401614
-6.21868731784579,-0.0022985195210825,1,19.5142964584368
9.334463574764944,0.0002863769278789,0,51.48574269779128
-7.681883401638155,-0.0009023071731142,1,149.004912101355
-4.680019280771388,-0.001965528582517,1,1.928640079371644
-5.61214515965686,-0.0032785381684799,1,-10.284974281330015
-1.9462650156528325,-0.0002431227305415,0,-2.642064253235892
0.3744452513336167,-0.0021220821866437,1,49.10689022465168
4.700863339250702,0.0019993910565199,0,11.176388611989601
-4.780904908102894,-0.0018569769827555,0,-12.327071760814185
-5.450626469111541,-0.002887828008596,1,-6.397977678274084
7.785993184133233,0.0051250683581444,1,4.468163128455763
-2.113829205591216,0.0015701664728155,1,88.55032084938429
-8.42747420086122,-0.0045291541950491,1,0.6539619288710157
5.461230959666555,-0.0002355627426572,1,137.23067697574976
7.135279519151894,0.0008115007951857,0,15.299053811085004
-7.788728484929354,-0.000482164027791,1,189.65575906331776
2.930305349217868,0.0025959022229835,0,45.59468765818528
1.7468435959930986,0.0002570280918861,0,3.367976818512687
4.84745121436813,-0.0012263141224509,1,184.009087483924
5.351672721636065,0.0008547856353471,0,8.421061410630578
5.424806602998286,-0.0011228663869176,0,86.02383632839528
4.125758852880441,0.0040401627950952,1,42.418449528138225
-6.279402032590815,0.0028353927290896,0,239.0821986828507
-3.147603981355765,-0.000106743752367,0,2.791205729286203
-6.400446723520887,-0.0010359453098759,0,4.1772490359300924
3.0358712025452945,-0.0001462319776846,1,44.71984555939389
-0.8971268006407342,0.0025160621945623,1,109.68730554325501
0.0560664254498171,-0.000534128739635,0,1.9920889862808444
3.235485655468702,0.0021648753710382,1,5.550486423429848
-9.51683528093612,0.0025303979964833,0,318.426227280656
5.522442698431789,0.0020877385682827,1,18.274112321942734
0.5843859136198777,-0.0010397040404443,1,18.43544949683972
-9.37117925728029,-0.0052425291036218,1,0.4972442569389165
-1.291382904068275,0.0005012355593633,1,16.391138076576105
-1.8693943232783996,-0.0012585079051233,1,-4.850659564069861
5.338621281927807,0.0016102603686378,1,30.276778431046697
3.7246479518971674,0.000382137969013,1,41.050382222662826
7.592239749340905,0.005267590604051,1,11.87289374889195
7.904668414348055,0.0037950972369864,1,1.7053722679997243
6.580615095653229,-0.001175731563236,0,110.31940550392147
-9.514458288777082,0.0029199543514942,0,364.46270586889915
-0.7639222804331443,-0.0001905938658376,1,-0.8382316303201887
-8.533105899677231,0.0002877094823289,0,95.18134780387419
-1.5258369578454491,0.0018842195550718,1,88.34238650882048
0.6931322178781407,-0.0021333458897564,0,50.83916441803025
-6.578241377885671,-0.0044570844516989,1,-16.53558028911444
4.583265075787919,0.0023239950742166,0,19.891997174385036
-1.5639679003817193,-0.0004530286329677,1,-0.3408868719880895
0.6536049649294959,-0.0022330380504007,0,54.25168436870498
-6.944192706489966,-0.0034675322540763,1,0.8061251324337555
0.6096517500957166,-0.0004959557034388,0,4.803540368936083
-0.7867131953888435,-0.0004224142518874,1,-2.0110092508808646
2.405136919577547,-0.0016196599302185,1,96.4454230802024
6.618775016985524,0.0047054492999303,1,14.01702358060744
-0.387031502466117,0.0022543744926205,0,66.36624900426307
-7.080641798958252,0.0008473351532052,1,279.55124435448744
-5.770589587233692,-0.0005788551884517,1,86.36594696309007
6.719815606651608,-0.0015980011617107,0,144.72311808904703
-2.1604368617273906,4.342238968206526e-05,1,16.62309695797078
-2.5617703702701373,-0.0027129370094743,1,0.5358717619669183
5.507012139812609,-0.001674330132972,0,123.80071666345887
-0.9115833455194142,-0.0010031719859802,0,1.0825882221382748
9.747140307169026,0.0023275791560869,0,-16.5889807594026
-3.22105382464438,0.0012193818855414,0,48.282533644558136
-4.436052805207353,-0.0009113954910801,1,28.708343287931335
3.768067447330111,0.0021889443373341,1,4.647188191120649
8.341050627088727,0.0032535991850584,1,22.347559885866293
-7.398085379960233,-0.0010847562750172,1,121.7458499897289
4.87398682155135,-0.0007400443815624,0,56.618629257100686
-1.715727117156284,0.0001971117747073,0,2.6544759071603
-5.67158582355078,0.0006277619406107,0,55.324891185883374
9.060791709389427,0.0023092739144801,0,-11.575033952092511
-4.177882231806449,0.002609028486325,0,160.80753168517796
-6.498550792143143,0.001643173106162,0,136.64930815254974
-4.287687433791872,-0.0003996512845867,0,2.952605592526929
8.420609712447511,-0.0020413032262415,0,226.14234041234516
4.927330096002201,0.0035068259905603,1,10.48188264090004
-9.890727765804122,-0.0012575658571488,0,48.57814428108096
5.285526549760194,-0.0020177276738483,0,143.75516418915427
6.4196332991237455,0.0008376834288022,0,12.02804379308527
-6.808754907542682,-0.0027447286604629,1,17.9793817510728
3.914135729958348,0.0028514545666188,0,47.160900545251764
-4.67945375226813,-0.0002430787733937,0,9.5953620026627
-9.452747130175998,-0.0031949684675429,1,81.38547000259547
-5.984036989402179,-0.0041859857219593,1,-15.704972377408955
7.714774560146125,-0.002416200379942,0,244.39644464531565
5.434188518481914,0.0002396170785194,0,23.30004515727699
-6.853184321428896,-0.0033346836006051,1,2.4376093763578397
3.929793203815152,0.0019291392754045,0,13.981381657928633
0.6680794531712682,0.0025774591708491,1,59.96827524537453
3.8822867256554687,0.0028869207124545,1,10.127732531968324
2.5162947659794312,-0.0009254677666196,1,63.98006810557545
3.951464535867952,0.000147757228139,0,15.5423504522211
7.366822631766073,0.0007886411102917,0,16.90505980606227
2.476220419644786,-0.0008588525887438,0,30.1057255461199
1.7906549639242098,-0.0012315295310235,1,55.06172479863276
-1.010529765346872,0.0022269931032217,0,73.2508984596412
-0.0450663053796578,-0.0019509302481328,0,31.703357854192248
-8.675742449493928,-0.0054612791728306,1,-14.671427187880374
-9.524884671691929,0.0024119798257385,0,305.4795763630538
-8.504898982671707,0.0010650745785919,0,146.46492901792675
9.848206759177348,0.0058155169737857,1,-15.996396335664144
0.6145645985013992,-0.0010404753717372,1,19.031387612033186
-1.0872333829167466,0.0003282648218644,1,9.147349954652945
-6.255040861454731,-0.0025553482792543,1,12.285264785023063
-4.855820359048204,-0.0024554428157725,1,-5.0824736355639875
-9.155700071299869,-0.0014615295874729,1,183.65336072353426
9.959939708463487,0.0046362531296069,1,-6.569751363079211
7.163293607032927,0.0034108334761359,1,4.652972925807869
-5.458425056352172,-0.004218456408565,1,-14.267169921307756
3.292775998080856,0.0012969218652945,0,6.3294489140627554
-4.752901738472253,0.0004327477671098,1,112.99323191258208
9.166461466049403,0.0005558052469181,0,35.45067880987732
0.2669245024774866,0.0028614587834372,1,90.63970444269066
-5.872366345981863,-0.0008026372820011,0,5.258675753422742
3.970882817323659,0.001583560700744,1,10.784958759327534
9.290329142978958,-0.0005740107165269,0,110.7514777354975
-1.273632883345229,0.0016753281217296,0,46.54534908105689
1.5011129058107784,-0.0001727010882117,1,13.63249747952186
-7.845672759228222,0.0011048580034115,0,131.18133911979768
-8.886317918596955,0.0024744170695536,0,287.9269214774626
-0.8718823598960785,-0.0021048471384903,0,24.091033638084536
-8.562505059420921,0.0024526637274577,0,273.736034080054
5.772571603938728,-0.0023830037990906,0,185.62574903644838
0.5727424147889764,-0.0013169328881115,1,25.93600671442922
-2.801546860459487,-0.0010253774611392,1,-0.04753799397539826
-7.390738354734026,-0.0014944588923684,0,2.340664438654399
8.846089369174873,0.0001721338466488,1,285.28146321474964
1.0260306117481868,-0.0020258388036811,1,66.03610186127909
-1.7765217872006254,-0.000991229466016,1,-4.127207553516117
9.99667576356789,0.0027703651968534,1,93.05092643128518
6.712524695192709,0.0018878777190751,1,49.343056243020506
-5.325525227741905,-0.0028881521908818,1,-7.442297458986649
-6.904837324695197,0.0014039367255768,0,128.7681349017352
-4.88554216228793,0.0011095090495026,0,67.53943642659166
-7.482708588766305,-0.0006845453844242,1,155.97360499373167
1.2417564382865578,-0.0005550522254415,0,10.14963859400393
-5.949061022502664,0.0010290261006119,1,226.97986669839216
-3.4518413411726456,-0.0026235266158876,0,2.226571881165388
0.946628398268615,-0.0026082736894078,0,77.51658072877967
-1.184166926772228,-0.0011919801702104,0,1.4636615489308604
-0.4974222240629462,-0.0002191584729694,1,-1.2786148217668518
-9.929679615865068,-0.0003867491982586,1,342.3517437527809
-0.31317106934139,0.0010792577876814,1,18.37377107963839
6.963597402804787,-0.0005693541693381,0,76.82130273812163
-3.665964402430793,-0.0015502975263683,1,-1.1990917817193165
-5.31298197425664,-0.0028441562134201,0,-12.3365209640792
7.994402749771886,0.0031653632430558,1,20.245751574567063
4.450879123642853,-0.0004650366410683,1,109.35831722852598
8.071714645667708,0.0015847161736781,0,-1.2327147240594805
8.576644485181568,-0.0004770023370376,0,93.3140966988936
-1.1949273812826815,-0.0025872926695637,0,33.9278081749817
8.047980172360845,0.0036607031270271,1,5.572358715554653
-0.0839030434349155,0.0015990485159971,0,31.267316807017114
-0.11125971079014,0.0028406080369786,0,100.77073495897142
0.327044555033515,-0.0024470628569991,0,56.9998595613921
-6.679547351630434,0.0017416047254215,0,148.976931477881
1.3945400192245485,0.0022792733159122,0,46.64587709333919
2.547328318195861,-0.0002843883211198,0,14.998485585771496
-4.549170505454702,-0.0026767072804802,0,-7.8613603483106465
3.8575849428229887,-0.0028135684831399,0,165.588005437483
-0.8154413269583856,-0.0013128918635869,1,2.552048927226923
-4.552768241098226,-0.0021899646718023,0,-11.22758384491356
-3.629519635018168,0.0010765903929458,1,112.87146309242121
-9.724370611017806,-0.0050634256127108,1,13.22319428988688
1.2158599694360088,-0.0017790813381636,1,61.12360684917068
6.767511564247453,-0.0004228500377825,1,220.23452835962422
9.566698709515244,-0.0007985179858031,0,133.61719227791872
9.112575683537926,-0.002509356863059,0,296.5734145638308
5.726224301364152,0.0042135277879432,1,15.691983668463426
4.108450737272866,-0.0024552714409011,0,146.07639330556907
-2.7723542967059505,-0.0014593794648159,1,-5.389891914390893
-0.4574863525341008,0.0027131838062076,0,97.10495614943991
-4.886280912300078,-0.0001587163439865,0,13.82827697399207
9.684289382774246,-0.0015291412501416,0,204.93883022523946
6.250384551735838,0.0015471671572361,0,2.0820785800754336
7.533430660648737,0.0003960116543647,1,186.38107121388214
1.985945953391253,-0.0019894241706575,0,68.89009871087549
2.8635909413672085,0.0024829240754091,1,12.790550678362925
-8.185927294659518,0.0014753636104616,0,169.26051875549243
-2.3540008125982537,-0.0026734511797912,1,2.852061638722867
4.553065652144264,-0.0005683681897722,0,44.5965737935778
-9.503145251971723,-0.0005573145465088,0,72.32019121841441
7.576262266333863,-0.0001212115501408,1,238.10925568959595
2.301089649424956,-0.0017511000491285,0,63.42282065731298
1.983004126163122,0.0006785783217687,0,3.4121312535839117
3.131482467268057,-0.0008469667336057,0,37.79472956015937
-2.4980696898260835,-0.0022569192591708,0,6.487761200252881
4.542865001499138,0.0039338002318843,1,28.4668692154557
7.499156727719058,0.0016680758976742,1,85.23598182935359
-8.947821096642976,-0.0052686865145741,1,-7.442417118799083
4.0507578802626405,0.0013748113210256,1,15.922990285241095
6.824291505696227,0.0001563102210421,1,171.27379541387063
0.8490606916191705,0.0030793960243526,1,84.9454553747567
-2.564317684642024,-0.0026261028068963,1,-0.7099938987982981
9.372892287644248,-0.001868580427595,0,232.92076177252937
8.893725210536527,0.0003933984960315,0,42.19178975441734
5.955145177857599,2.0913001448173526e-07,0,36.166044339360575
1.4783274456821438,0.0023114623845121,0,47.31560852368556
-0.7487554962031329,0.0013464802145735,1,36.26946821010182
-6.811163565345549,8.57092845951285e-05,0,48.63467539458179
0.243842768326246,0.0013601016453374,1,18.193300516385776
5.546362201353066,0.0018279403918759,0,4.779601016658383
4.33500447949644,0.0003253623752674,0,13.982254355800277
-3.142218505855265,-0.0001888476075701,0,1.199214028267764
-8.899361184625178,-0.0021350009184703,1,120.2172880791266
2.725371439540062,0.0002578768792996,0,6.958387572065183
5.146633695610474,0.0026473620983667,1,5.124678487859183
-1.653128286109922,0.0017961409368753,0,57.30178756788223
-0.2988891547967309,-0.0009708901212188,1,3.7759405797555887
2.2905166445295766,-0.0028620610931874,0,125.01592861836767
-2.370865901269424,0.0017048108645444,1,107.84747003727693
-5.416578583917088,0.0002162618972954,0,32.99118810190738
-8.225198052058474,0.0011190594568029,0,142.56195812192294
6.089668004118241,0.0047277195231856,1,25.32553268730496
4.1542092446652426,0.0013095049387596,1,19.005275425415693
-9.82927545990677,0.002493360162825,0,326.80459876135865
0.2885752398016343,-0.0018249467361761,0,32.607626555941955
-8.51281402701099,-0.000941137868417,0,34.8647691022944
-0.6560227768166733,0.001872697543306,0,49.13581913993207
-7.442343192081289,-0.0012848655927778,1,110.06121710209939
-2.919544961099227,-0.0028274245266402,0,13.168201570122118
-7.619701266003984,-0.0043815525515361,1,-8.272100971812938
-3.5379373878286184,0.0004347181003725,0,19.883024488840277
-2.4796718078569047,0.0007224143303435,1,50.85474559846309
-3.636069856115887,0.0015438063563303,1,150.7543712588151
-7.049795882375182,0.0005945502951881,0,79.35920551222227
-7.523371608313953,0.0024626359403512,0,239.29245362867596
-8.495829608442058,-0.0004786497486535,1,232.34893319195413
-0.3071464531228436,0.000733015953843,0,7.511441033862656
-3.242147220156548,-2.7212491464309407e-05,0,4.951348592411192
-3.603814170422728,0.0023323575049395,0,125.09967097792389
-7.2287153919122416,0.0026009014184624,0,244.06185401096124
-3.2472344195119724,0.0011785390696089,0,46.65610497912539
-3.130539368122605,-0.0028114923197062,1,-4.905422194052117
-2.34706115458311,-0.0026516429748379,0,17.27336656917439
8.996531576251037,0.0003241064455831,1,277.82131908636626
-9.981806791830152,0.0028310189268959,0,373.23881288394256
-1.5002771276395066,0.0005083209196898,1,20.01709172953581
3.480269075518269,0.0020254592768483,1,4.572732713711964
7.149994573796384,-0.0011098091555389,0,116.14677116693525
-1.4954704214294663,-0.0024070766598666,1,12.046917776000594
-0.2880498444688761,0.0022990431610855,0,67.66986275216138
-3.575779099375387,-0.0023152441293272,0,-3.5349452587018977
0.0541602657086137,-0.0013126025659246,0,14.95125232714124
-9.08814085713691,7.582585531625845e-05,1,332.9545843060052
6.531698649189078,-0.0007017046566201,0,78.56184496994754
-4.633972339895731,0.0009293260656944,1,146.38029435228253
3.676879510586822,0.0034150633878693,1,26.728457634759827
-4.662262504088821,0.0012862711338546,1,179.4334912035386
-7.172464701667001,-0.0018690049351722,0,-7.196515752695785
8.996398537114192,0.0015390290218456,1,155.19341054868534
-6.56553027332266,-0.0016183892560648,1,56.9887624505916
6.819233986385104,0.0002474361684297,0,33.463605142611705
-0.3874298555006916,-0.0001346911088594,0,-1.266114196310565
-6.261271510865816,0.0027408735513639,0,228.65605293475306
-4.831153174099788,-0.001947820166171,0,-12.569087545807344
-2.591566136232317,-0.0005154370363853,0,-4.578077745352464
7.253790860544083,0.0005805619789288,1,156.40798510782628
9.284934558559222,0.0024646141834787,1,91.35067648877848
-6.646337889620009,7.684483770398443e-05,1,175.73976938395268
-6.983312451517111,-0.0004375340175497,1,150.21792787138037
0.2520570705221345,-0.0028147085220934,1,75.44344363682157
6.2462097314678005,0.0045650347049628,1,16.69687683941107
1.7727492473973072,0.0009666050458635,1,2.9108319485463205
-0.4650020852070451,-0.002158279858881,0,31.94455943628416
9.275636263795889,-0.0027164418120277,0,326.04654424781364
-1.0588099510980309,0.0008168777206693,1,22.435036991691565
-5.615432389281088,-0.002820723740977,0,-14.347117468315172
6.825432903613564,0.0010216505140007,0,8.966118844760723
5.47578979425489,-0.0024808859917704,0,185.56233595584968
-4.161388406488196,0.0006387428220556,0,34.15672474580204
-7.636169186482656,0.0029480169809691,0,295.90492323338185
-9.4558804949586,-0.0022098603855122,0,7.5087921965345705
4.640191214287974,2.814561434200528e-05,1,86.24092944024392
3.878841672212266,-0.0013021766167135,0,69.26165294157903
7.30384575814162,0.0024887597255227,1,35.08970582331461
-1.332183086654874,-0.0007921972946082,1,-3.3612064080969715
4.539387914143042,0.001479182546668,1,20.387927563181652
5.268019032204741,0.0024770170480313,1,7.5879855023606995
3.2282708111586462,0.0029650748990826,1,20.018189781422375
-3.3311300916054947,-8.171538869332492e-05,0,4.256218646306599
-4.784941585328582,0.0014925674928935,0,88.6446663885919
2.8597587535935283,0.0025675844269425,0,44.99478387823371
6.02819209612592,0.0026049317946847,1,11.621518262398864
-1.274097461026802,0.0008881571290581,0,16.26183181113459
5.305317431427559,0.0023538532852704,1,9.824108904585257
4.661254420004511,0.0018986994262107,1,12.104037758281716
1.5503709699326471,-0.0004856649874675,1,22.198879621325286
2.548723268574985,0.0029773999657828,0,71.12207157463828
-5.975707306181208,0.0015030169281152,0,113.93163072169921
-4.653715368735263,-0.0003509354475821,1,60.222420392526885
-9.485280179229251,-0.0002836741477331,1,320.7560162093721
-0.922671769885353,0.0027161992030096,0,104.93886868176455
-9.268173276603196,-0.0016992226745233,1,170.7532282218105
-7.003799897318165,-0.0025965882452347,1,27.7198470986805
-7.525415627062284,-0.0004990222642865,0,35.58828794898949
3.277112332429869,0.0027062792329191,0,47.17257253102412
-5.713268235794833,-0.0027509790020113,1,-1.1890600785279029
3.35600552818166,0.000805199535792,1,19.607045622398495
-9.590716272132225,-0.0002376143229687,0,91.51659597624536
-3.601521384554907,0.000687346623172,1,84.89672508505191
5.018175904569802,0.0007054745230556,0,9.824435420534861
-7.348929584249957,-0.0030927109906176,1,18.92262906530869
-8.908587963080482,0.0020457005924022,0,244.20473800801057
4.401535327221142,0.0039350164183783,1,31.47478881441673
-6.325350475780416,-0.0026352596422114,1,11.334372614215122
4.522055408012033,-0.0012194151769392,1,166.38580566092844
3.065172436864973,0.0018590396719064,0,17.26638550811465
7.428553521805391,0.0007073882406692,1,154.05902688786122
2.4131435733366864,0.0011453974782296,0,6.506724654643586
2.661106545005252,0.0010234490915336,0,4.998445024451229
-7.11588902922162,-0.0010229796195958,0,11.871897541852352
0.0703546277032725,0.0007321138628421,0,6.234604699943304
1.8228666961490525,0.0029394606786326,0,78.6511799116281
7.132556840165535,-0.0011657449153787,0,119.95426598463865
9.033516788293811,4.508154157704797e-06,0,66.16888954409504
-8.886641653027558,-0.0027019930181444,0,-10.357941458535667
-6.672595429937522,-0.0025076645177485,0,-16.672661877842998
-0.4544836758204003,-0.0006055719931713,0,-0.03991763277210392
-3.957387274212385,-0.0005602709981553,0,-1.8356571416659624
-9.254876592784598,-0.0043007058958964,1,26.10870969110932
-5.276055063509375,-0.0007504227096621,1,59.18294614767772
-2.6806667997729754,0.0011322222345046,0,37.67695122240515
-4.815092749120094,0.0010597387272071,1,166.6725240662372
2.387150897289697,0.0017586239416079,1,5.475491713178984
-5.883032542287545,0.0004077417124793,1,164.28115652030476
1.1426068044347488,0.0023786836835586,0,54.435630451498746
-0.3010635119899163,0.0014286352437158,0,26.695790253291218
3.2062358324560734,0.0001505645814807,1,37.41043851207083
-3.374039244835787,0.0011513496977556,0,47.009005006435146
7.975180716773245,0.0007496625552912,0,20.80862395247521
8.89466037432426,0.001919903450286,0,-8.18567528869739
-2.4648397753231404,-0.0037279679760622,1,24.43087853555272
